id_bdq,foco_id,lat,lon,data_pas,pais,estado,municipio,bioma,data,mes,ano
1507424472,d6223c2e-31d6-3a2d-85dc-108fe3dc0e66,1.971,-55.782,2020-08-13 17:35:00,Brasil,PARA,OBIDOS,Amazônia,2020-08-13 17:35:00,8,2020
1507556965,16252e70-8c1f-35d6-a81e-4d87280e78b7,-1.69,-55.528,2020-08-14 16:40:00,Brasil,PARA,OBIDOS,Amazônia,2020-08-14 16:40:00,8,2020
1507556959,5a9f99b3-58f5-3dac-b958-611173fa6398,-1.834,-55.67,2020-08-14 16:40:00,Brasil,PARA,OBIDOS,Amazônia,2020-08-14 16:40:00,8,2020
1507556465,ff081acb-b248-316c-aeb4-7f47f8675650,-1.818,-55.672,2020-08-14 16:40:00,Brasil,PARA,OBIDOS,Amazônia,2020-08-14 16:40:00,8,2020
1507556052,2a80cec6-6f95-3fb4-8e64-fb559af82819,-1.723,-55.583,2020-08-14 16:40:00,Brasil,PARA,OBIDOS,Amazônia,2020-08-14 16:40:00,8,2020
1507556817,10a6bb66-afc0-38bd-ab99-d5d7f655d8c1,-1.825,-55.666,2020-08-14 16:40:00,Brasil,PARA,OBIDOS,Amazônia,2020-08-14 16:40:00,8,2020
1507690541,9b237c25-ecbb-382f-a33f-02a615807020,-1.697,-55.345,2020-08-15 17:25:00,Brasil,PARA,OBIDOS,Amazônia,2020-08-15 17:25:00,8,2020
1507690543,ee1aa016-4fb2-38d8-bff7-5aeabb9d5e7a,-1.696,-55.602,2020-08-15 17:25:00,Brasil,PARA,OBIDOS,Amazônia,2020-08-15 17:25:00,8,2020
1507690544,60c6f361-d685-33a8-ba6b-2029de0a43cf,-1.734,-55.4,2020-08-15 17:25:00,Brasil,PARA,OBIDOS,Amazônia,2020-08-15 17:25:00,8,2020
1507954119,29983fd3-e0cd-11ea-b051-80c16ea9dda0,-1.725,-55.388,2020-08-17 17:04:16,Brasil,PARA,OBIDOS,Amazônia,2020-08-17 17:04:16,8,2020
1507954120,29983fd1-e0cd-11ea-b051-80c16ea9dda0,-1.687,-55.45,2020-08-17 17:04:16,Brasil,PARA,OBIDOS,Amazônia,2020-08-17 17:04:16,8,2020
1507954123,29983fce-e0cd-11ea-b051-80c16ea9dda0,-1.434,-55.419,2020-08-17 17:04:16,Brasil,PARA,OBIDOS,Amazônia,2020-08-17 17:04:16,8,2020
1507954114,29983fd8-e0cd-11ea-b051-80c16ea9dda0,-1.799,-55.4,2020-08-17 17:04:16,Brasil,PARA,OBIDOS,Amazônia,2020-08-17 17:04:16,8,2020
1507954115,29983fd7-e0cd-11ea-b051-80c16ea9dda0,-1.735,-55.276,2020-08-17 17:04:16,Brasil,PARA,OBIDOS,Amazônia,2020-08-17 17:04:16,8,2020
1507954116,29983fd6-e0cd-11ea-b051-80c16ea9dda0,-1.736,-55.286,2020-08-17 17:04:16,Brasil,PARA,OBIDOS,Amazônia,2020-08-17 17:04:16,8,2020
1507954138,29983fd5-e0cd-11ea-b051-80c16ea9dda0,-1.732,-55.377,2020-08-17 17:04:16,Brasil,PARA,OBIDOS,Amazônia,2020-08-17 17:04:16,8,2020
1507954118,29983fd4-e0cd-11ea-b051-80c16ea9dda0,-1.723,-55.378,2020-08-17 17:04:16,Brasil,PARA,OBIDOS,Amazônia,2020-08-17 17:04:16,8,2020
1508220994,51dd3713-ec02-33ce-8bac-725237e620f4,-1.287,-55.99,2020-08-19 16:51:30,Brasil,PARA,OBIDOS,Amazônia,2020-08-19 16:51:30,8,2020
1508220981,7154a88a-a09a-3672-a64d-a0033846dea2,-1.835,-55.316,2020-08-19 16:51:30,Brasil,PARA,OBIDOS,Amazônia,2020-08-19 16:51:30,8,2020
1508220978,62b2e954-abfd-3100-9073-968f0de16e55,-1.278,-55.997,2020-08-19 16:51:30,Brasil,PARA,OBIDOS,Amazônia,2020-08-19 16:51:30,8,2020
1508220976,ba81113b-3065-37d8-b95f-e07a00c9ce87,-1.809,-55.313,2020-08-19 16:51:30,Brasil,PARA,OBIDOS,Amazônia,2020-08-19 16:51:30,8,2020
1508220975,76fb7c00-3ab5-302e-bdf5-cf30dfd44b15,-1.756,-55.334,2020-08-19 16:51:30,Brasil,PARA,OBIDOS,Amazônia,2020-08-19 16:51:30,8,2020
1508220972,7298bd5b-322a-38bb-ab7f-f9b9e01010f5,-1.723,-55.338,2020-08-19 16:51:30,Brasil,PARA,OBIDOS,Amazônia,2020-08-19 16:51:30,8,2020
1508220968,f63fa60c-a432-3d87-959c-13f23cda4b65,-1.72,-55.33,2020-08-19 16:51:30,Brasil,PARA,OBIDOS,Amazônia,2020-08-19 16:51:30,8,2020
1508220966,bdca1ca1-c8dc-3db3-977b-0f326ae72f47,-1.202,-55.709,2020-08-19 16:51:30,Brasil,PARA,OBIDOS,Amazônia,2020-08-19 16:51:30,8,2020
1508220964,b47bfadd-a66a-3f68-a64d-a448225705e7,-1.722,-55.344,2020-08-19 16:51:30,Brasil,PARA,OBIDOS,Amazônia,2020-08-19 16:51:30,8,2020
1508220958,db734125-8584-3559-8497-829789b1aeb4,-1.691,-55.28,2020-08-19 16:51:30,Brasil,PARA,OBIDOS,Amazônia,2020-08-19 16:51:30,8,2020
1508220954,d82c7182-612d-3677-949c-7c63ec4ff9ac,-1.693,-55.293,2020-08-19 16:51:30,Brasil,PARA,OBIDOS,Amazônia,2020-08-19 16:51:30,8,2020
1508220942,0e39a201-cf17-3d44-b46f-53d48f27e1b5,-1.666,-55.672,2020-08-19 16:51:30,Brasil,PARA,OBIDOS,Amazônia,2020-08-19 16:51:30,8,2020
1508465804,34cbb053-402e-3c8d-ab74-b8eabea709dd,-1.831,-55.314,2020-08-21 16:37:03,Brasil,PARA,OBIDOS,Amazônia,2020-08-21 16:37:03,8,2020
1508465803,2c97e5e2-bd0e-3891-a643-0b650be398bb,-1.834,-55.338,2020-08-21 16:37:03,Brasil,PARA,OBIDOS,Amazônia,2020-08-21 16:37:03,8,2020
1508465801,3f49db07-0ba4-3dd5-9a1a-9f31e6392279,-1.826,-55.322,2020-08-21 16:37:03,Brasil,PARA,OBIDOS,Amazônia,2020-08-21 16:37:03,8,2020
1508588361,6da61009-2204-3b6f-a3c7-49fe92a6c548,-1.725,-55.386,2020-08-22 17:23:11,Brasil,PARA,OBIDOS,Amazônia,2020-08-22 17:23:11,8,2020
1508588360,12e1757a-423d-3e93-b9a9-d23c41220b34,-1.799,-55.682,2020-08-22 17:23:11,Brasil,PARA,OBIDOS,Amazônia,2020-08-22 17:23:11,8,2020
1508588359,259f2568-dbeb-3286-8b46-5f242f423f53,-1.728,-55.41,2020-08-22 17:23:11,Brasil,PARA,OBIDOS,Amazônia,2020-08-22 17:23:11,8,2020
1508588357,4b40a788-9624-3adc-a66b-50a132ffc92d,-1.729,-55.405,2020-08-22 17:23:11,Brasil,PARA,OBIDOS,Amazônia,2020-08-22 17:23:11,8,2020
1509675325,347cf7ee-963b-348b-bbe0-0dadabbba441,-1.789,-55.455,2020-08-31 17:17:09,Brasil,PARA,OBIDOS,Amazônia,2020-08-31 17:17:09,8,2020
1509675267,db92a880-c871-35b7-a29c-6e91085fc64c,-1.788,-55.446,2020-08-31 17:17:09,Brasil,PARA,OBIDOS,Amazônia,2020-08-31 17:17:09,8,2020
1509675265,42c84574-98d4-3175-95f8-cfaa4e16efba,-1.85,-55.682,2020-08-31 17:17:09,Brasil,PARA,OBIDOS,Amazônia,2020-08-31 17:17:09,8,2020
1510198368,36c91912-150b-36ae-92b1-91e9662696bf,1.999,-55.779,2020-09-04 17:00:00,Brasil,PARA,OBIDOS,Amazônia,2020-09-04 17:00:00,9,2020
1510197491,6cbb12b1-5e57-30e1-99a9-0692cffaecdc,-1.208,-55.963,2020-09-04 17:00:00,Brasil,PARA,OBIDOS,Amazônia,2020-09-04 17:00:00,9,2020
1510197675,c115225f-9595-3e19-908e-c42e185c7660,-1.695,-55.519,2020-09-04 17:00:00,Brasil,PARA,OBIDOS,Amazônia,2020-09-04 17:00:00,9,2020
1510535520,a43b78b8-455e-3cd2-9db3-ea558369dd9b,-1.701,-55.465,2020-09-06 16:45:00,Brasil,PARA,OBIDOS,Amazônia,2020-09-06 16:45:00,9,2020
1510535509,cf1590e2-600a-3d45-9d07-b16d1e93fa2f,-1.379,-55.432,2020-09-06 16:45:00,Brasil,PARA,OBIDOS,Amazônia,2020-09-06 16:45:00,9,2020
1510535496,3bf84ef9-f08f-34df-98bc-3c7190e0b10e,-1.247,-55.786,2020-09-06 16:45:00,Brasil,PARA,OBIDOS,Amazônia,2020-09-06 16:45:00,9,2020
1510651450,d0fbe720-0085-30d0-92cc-ac2dd6c9d6ea,-1.264,-55.644,2020-09-07 17:30:00,Brasil,PARA,OBIDOS,Amazônia,2020-09-07 17:30:00,9,2020
1510652479,7311d5fb-2115-3ead-875d-496ce6e2e566,-2.021,-55.454,2020-09-07 17:30:00,Brasil,PARA,OBIDOS,Amazônia,2020-09-07 17:30:00,9,2020
1511512236,ff720775-6815-31e3-a6d2-5f8fdcfd0af1,-1.632,-55.529,2020-09-11 17:05:00,Brasil,PARA,OBIDOS,Amazônia,2020-09-11 17:05:00,9,2020
1511512234,534d9a48-9eee-3035-a0e3-0dc419accb6b,-1.534,-55.333,2020-09-11 17:05:00,Brasil,PARA,OBIDOS,Amazônia,2020-09-11 17:05:00,9,2020
1511512233,b5ac190a-6344-332b-be9f-5d4a27eadaaa,-1.524,-55.334,2020-09-11 17:05:00,Brasil,PARA,OBIDOS,Amazônia,2020-09-11 17:05:00,9,2020
1511512222,8124c3ef-3812-3c04-b1c9-a720de3e2a0a,-1.479,-55.523,2020-09-11 17:05:00,Brasil,PARA,OBIDOS,Amazônia,2020-09-11 17:05:00,9,2020
1511512221,d8e72500-8a9a-31b7-a14f-8d0b3926c7a7,-1.469,-55.524,2020-09-11 17:05:00,Brasil,PARA,OBIDOS,Amazônia,2020-09-11 17:05:00,9,2020
1511512218,5d1de43f-68e9-34f2-a4ee-75bb8aa2d167,-1.468,-55.513,2020-09-11 17:05:00,Brasil,PARA,OBIDOS,Amazônia,2020-09-11 17:05:00,9,2020
1511510943,49d1d646-536c-3f02-8473-20f971dc3477,2.01,-55.767,2020-09-11 17:05:00,Brasil,PARA,OBIDOS,Amazônia,2020-09-11 17:05:00,9,2020
1511693044,004fd990-a4f1-3a5d-beb6-a2537e7eb1bc,-1.274,-55.763,2020-09-12 17:50:00,Brasil,PARA,OBIDOS,Amazônia,2020-09-12 17:50:00,9,2020
1511693030,7e1ea6ed-9cc9-3eb9-bdef-613fd70ed2f9,-1.273,-55.768,2020-09-12 17:50:00,Brasil,PARA,OBIDOS,Amazônia,2020-09-12 17:50:00,9,2020
1511891130,e8b609c7-f076-3e1a-b812-b28363719417,-1.53,-55.457,2020-09-13 16:55:00,Brasil,PARA,OBIDOS,Amazônia,2020-09-13 16:55:00,9,2020
1511895306,4b9a6489-4214-3e54-adc9-ef1163d8ce51,-1.298,-55.753,2020-09-13 16:55:00,Brasil,PARA,OBIDOS,Amazônia,2020-09-13 16:55:00,9,2020
1511894795,e402f6c7-bf02-3005-a325-2ecdb92a453c,-1.296,-55.734,2020-09-13 16:55:00,Brasil,PARA,OBIDOS,Amazônia,2020-09-13 16:55:00,9,2020
1511892635,3d504de2-aed0-3f28-aea8-016702bc1170,-1.199,-55.974,2020-09-13 16:55:00,Brasil,PARA,OBIDOS,Amazônia,2020-09-13 16:55:00,9,2020
1512095441,60624a7e-8912-3fda-a046-e40aa2db5171,-1.686,-55.179,2020-09-14 17:35:00,Brasil,PARA,OBIDOS,Amazônia,2020-09-14 17:35:00,9,2020
1512257931,71a2d8de-9428-37db-a9bc-5c3ec08efc36,-1.226,-55.815,2020-09-15 16:40:00,Brasil,PARA,OBIDOS,Amazônia,2020-09-15 16:40:00,9,2020
1512257939,af169b1e-bd7d-3841-b145-64a974fa630e,-1.235,-55.821,2020-09-15 16:40:00,Brasil,PARA,OBIDOS,Amazônia,2020-09-15 16:40:00,9,2020
1512432153,23a33a86-df62-3096-b2c3-045864c51339,-1.237,-55.87,2020-09-16 17:25:00,Brasil,PARA,OBIDOS,Amazônia,2020-09-16 17:25:00,9,2020
1512432149,84dc5840-46fe-3020-bcdf-cf9b3da440fe,-1.231,-55.877,2020-09-16 17:25:00,Brasil,PARA,OBIDOS,Amazônia,2020-09-16 17:25:00,9,2020
1512432155,89e68853-0838-3eb8-b8bc-93d1a025089e,-1.27,-55.71,2020-09-16 17:25:00,Brasil,PARA,OBIDOS,Amazônia,2020-09-16 17:25:00,9,2020
1512432168,f530dc49-85b5-3766-80af-f0104a4f96e6,-1.362,-55.468,2020-09-16 17:25:00,Brasil,PARA,OBIDOS,Amazônia,2020-09-16 17:25:00,9,2020
1512432166,84600303-0b7b-3a94-b5e8-2daba07e1307,-1.361,-55.458,2020-09-16 17:25:00,Brasil,PARA,OBIDOS,Amazônia,2020-09-16 17:25:00,9,2020
1512432162,17e11396-0c88-32c3-b6b2-5a527abdaa61,-1.307,-55.718,2020-09-16 17:25:00,Brasil,PARA,OBIDOS,Amazônia,2020-09-16 17:25:00,9,2020
1512432160,7f8aa609-bda6-35c6-b7bf-9275f11127fc,-1.306,-55.708,2020-09-16 17:25:00,Brasil,PARA,OBIDOS,Amazônia,2020-09-16 17:25:00,9,2020
1512756308,2568064a-55db-3866-b300-a3e79fc60972,-1.791,-55.634,2020-09-18 17:10:00,Brasil,PARA,OBIDOS,Amazônia,2020-09-18 17:10:00,9,2020
1512756304,2f2030ed-b540-3fe0-a45e-a9b4ff5eb7c1,-1.789,-55.625,2020-09-18 17:10:00,Brasil,PARA,OBIDOS,Amazônia,2020-09-18 17:10:00,9,2020
1512756283,7280cb54-7850-34d5-b3ba-388342126df1,-1.653,-55.373,2020-09-18 17:10:00,Brasil,PARA,OBIDOS,Amazônia,2020-09-18 17:10:00,9,2020
1512756279,8bcd9eb2-c1c0-3d9f-b06f-c9e3a9e3e919,-1.651,-55.364,2020-09-18 17:10:00,Brasil,PARA,OBIDOS,Amazônia,2020-09-18 17:10:00,9,2020
1512756243,179a5814-c04a-3d97-a16f-eaf197b467ab,-1.499,-55.521,2020-09-18 17:10:00,Brasil,PARA,OBIDOS,Amazônia,2020-09-18 17:10:00,9,2020
1512756236,ecec9be6-9b48-3ff7-b328-36ca57ceea8c,-1.434,-55.389,2020-09-18 17:10:00,Brasil,PARA,OBIDOS,Amazônia,2020-09-18 17:10:00,9,2020
1512756231,a0667558-81d7-3023-b959-1d2976f1d4f0,-1.41,-55.417,2020-09-18 17:10:00,Brasil,PARA,OBIDOS,Amazônia,2020-09-18 17:10:00,9,2020
1512756209,c4678bd8-7267-3674-9e98-61f85c168fae,-1.359,-55.519,2020-09-18 17:10:00,Brasil,PARA,OBIDOS,Amazônia,2020-09-18 17:10:00,9,2020
1512756204,106ec2d2-d656-3604-b166-a9ac22108b6a,-1.358,-55.51,2020-09-18 17:10:00,Brasil,PARA,OBIDOS,Amazônia,2020-09-18 17:10:00,9,2020
1512756199,9d2500b5-81e5-3fb6-a711-08b52c64e139,-1.355,-55.425,2020-09-18 17:10:00,Brasil,PARA,OBIDOS,Amazônia,2020-09-18 17:10:00,9,2020
1512756196,2095d6ec-c119-3dc4-be07-c9c88a9d8c1b,-1.354,-55.416,2020-09-18 17:10:00,Brasil,PARA,OBIDOS,Amazônia,2020-09-18 17:10:00,9,2020
1512756192,3023d762-4357-3dfe-aacd-707e2191dc2a,-1.346,-55.426,2020-09-18 17:10:00,Brasil,PARA,OBIDOS,Amazônia,2020-09-18 17:10:00,9,2020
1512756184,15d807a8-35d8-3c2d-9843-6b12d73b3e92,-1.285,-55.708,2020-09-18 17:10:00,Brasil,PARA,OBIDOS,Amazônia,2020-09-18 17:10:00,9,2020
1512756213,f617348e-9d82-3fc4-b48f-202106cbc547,-1.367,-55.509,2020-09-18 17:10:00,Brasil,PARA,OBIDOS,Amazônia,2020-09-18 17:10:00,9,2020
1512756181,4c778846-8d3b-3052-b7f6-2f6577f12090,-1.277,-55.718,2020-09-18 17:10:00,Brasil,PARA,OBIDOS,Amazônia,2020-09-18 17:10:00,9,2020
1512756177,5bfda862-2c7a-3437-9e57-765b30541645,-1.276,-55.709,2020-09-18 17:10:00,Brasil,PARA,OBIDOS,Amazônia,2020-09-18 17:10:00,9,2020
1512905292,a0dbe3ac-6a79-3d69-9b70-10b20b30eba6,-1.78,-55.332,2020-09-19 17:55:00,Brasil,PARA,OBIDOS,Amazônia,2020-09-19 17:55:00,9,2020
1513017462,99197fc1-4e74-3361-84e8-81ae67eff5eb,-1.382,-55.429,2020-09-20 17:00:00,Brasil,PARA,OBIDOS,Amazônia,2020-09-20 17:00:00,9,2020
1513017626,3f501bd8-b64e-3f8d-9bfb-e7033361c626,-1.721,-55.647,2020-09-20 17:00:00,Brasil,PARA,OBIDOS,Amazônia,2020-09-20 17:00:00,9,2020
1513017600,03eec467-1820-3c0f-a459-47ee19b248b5,-1.51,-55.69,2020-09-20 17:00:00,Brasil,PARA,OBIDOS,Amazônia,2020-09-20 17:00:00,9,2020
1513017623,c806e231-13fe-3b9d-9943-f9daa06ba021,-1.723,-55.662,2020-09-20 17:00:00,Brasil,PARA,OBIDOS,Amazônia,2020-09-20 17:00:00,9,2020
1513231068,a464b8e7-5829-3170-98c4-8dfc81ccd834,-1.814,-55.439,2020-09-22 16:45:00,Brasil,PARA,OBIDOS,Amazônia,2020-09-22 16:45:00,9,2020
1513231066,4a020321-d249-3c38-a3ef-e85f56906b11,-1.718,-55.538,2020-09-22 16:45:00,Brasil,PARA,OBIDOS,Amazônia,2020-09-22 16:45:00,9,2020
1513231064,a75ec8b4-84f5-35a8-aeda-dad11937dbd3,-1.711,-55.556,2020-09-22 16:45:00,Brasil,PARA,OBIDOS,Amazônia,2020-09-22 16:45:00,9,2020
1513335063,21d22db0-87f5-3999-b926-9778a383756a,-1.309,-55.911,2020-09-23 17:30:00,Brasil,PARA,OBIDOS,Amazônia,2020-09-23 17:30:00,9,2020
1514171203,3a78109e-197a-3f25-8f03-f4685fd7e917,-1.663,-55.219,2020-09-29 16:50:00,Brasil,PARA,OBIDOS,Amazônia,2020-09-29 16:50:00,9,2020
1514170401,cae97457-f362-33cc-8294-d3f99beb2451,-1.666,-55.236,2020-09-29 16:50:00,Brasil,PARA,OBIDOS,Amazônia,2020-09-29 16:50:00,9,2020
1514170801,fe94513c-8219-358b-bec3-f526dc57c0d7,2.178,-55.885,2020-09-29 16:55:00,Brasil,PARA,OBIDOS,Amazônia,2020-09-29 16:55:00,9,2020
1514169103,a935df42-550a-3750-a45d-fc9af5d795c3,2.18,-55.868,2020-09-29 16:55:00,Brasil,PARA,OBIDOS,Amazônia,2020-09-29 16:55:00,9,2020
1514168797,6c1c5317-2615-3c76-a4a2-05578c8e607e,-1.669,-55.231,2020-09-29 16:50:00,Brasil,PARA,OBIDOS,Amazônia,2020-09-29 16:50:00,9,2020
1514312861,57448240-a6f7-3981-9b52-5fc783645cd5,2.205,-55.828,2020-09-30 17:35:00,Brasil,PARA,OBIDOS,Amazônia,2020-09-30 17:35:00,9,2020
1514312853,12a60ebe-9710-32ae-bf17-672f734b5feb,2.123,-55.898,2020-09-30 17:35:00,Brasil,PARA,OBIDOS,Amazônia,2020-09-30 17:35:00,9,2020
1514491731,54d3b93f-a62e-32d9-aeea-caf925e52964,1.516,-55.747,2020-10-01 16:40:00,Brasil,PARA,OBIDOS,Amazônia,2020-10-01 16:40:00,10,2020
1514708493,d21d92e2-ba0c-365e-b35f-3a1378d5e3ac,-1.271,-55.761,2020-10-02 17:25:00,Brasil,PARA,OBIDOS,Amazônia,2020-10-02 17:25:00,10,2020
1514708491,8de8361f-884c-397e-b781-edd46972f11c,-1.252,-55.696,2020-10-02 17:25:00,Brasil,PARA,OBIDOS,Amazônia,2020-10-02 17:25:00,10,2020
1514708490,6c34cc87-33ad-3d3c-a82a-5ad5d3ae81dd,-1.49,-55.691,2020-10-02 17:25:00,Brasil,PARA,OBIDOS,Amazônia,2020-10-02 17:25:00,10,2020
1514708488,c4cdb59b-7ea7-3cfd-b7f3-469b30586894,-1.489,-55.682,2020-10-02 17:25:00,Brasil,PARA,OBIDOS,Amazônia,2020-10-02 17:25:00,10,2020
1514708487,6d0ea660-6edd-3910-9044-051f09dca590,-1.204,-55.819,2020-10-02 17:25:00,Brasil,PARA,OBIDOS,Amazônia,2020-10-02 17:25:00,10,2020
1514708485,e5d1a125-19df-329c-bdfa-b7701fcfe3d1,-1.688,-55.418,2020-10-02 17:25:00,Brasil,PARA,OBIDOS,Amazônia,2020-10-02 17:25:00,10,2020
1514708484,e30d411a-117f-3960-82f5-5f8750199c1e,-1.597,-55.533,2020-10-02 17:25:00,Brasil,PARA,OBIDOS,Amazônia,2020-10-02 17:25:00,10,2020
1514708483,d699c31e-35db-3b22-a4e6-2158ed29142b,-1.745,-55.548,2020-10-02 17:25:00,Brasil,PARA,OBIDOS,Amazônia,2020-10-02 17:25:00,10,2020
1514708482,649460aa-8258-35db-b9d6-97eb5a70628c,-1.746,-55.558,2020-10-02 17:25:00,Brasil,PARA,OBIDOS,Amazônia,2020-10-02 17:25:00,10,2020
1514708481,9a715153-01ba-341a-99b1-0a470e6f6278,-1.736,-55.55,2020-10-02 17:25:00,Brasil,PARA,OBIDOS,Amazônia,2020-10-02 17:25:00,10,2020
1515026517,55026f21-70bb-3c31-8737-5ac73868b0e6,-1.313,-55.727,2020-10-04 17:10:00,Brasil,PARA,OBIDOS,Amazônia,2020-10-04 17:10:00,10,2020
1515026324,2a1c67b7-51c7-3767-a7b8-a7f58fecd8b9,1.975,-55.843,2020-10-04 17:10:00,Brasil,PARA,OBIDOS,Amazônia,2020-10-04 17:10:00,10,2020
1515026285,21e67921-6d6b-3000-84bf-69eca3f262f2,-1.401,-55.431,2020-10-04 17:10:00,Brasil,PARA,OBIDOS,Amazônia,2020-10-04 17:10:00,10,2020
1515025752,dbf86103-63ef-3a14-94de-03e9c7547b69,-1.813,-55.229,2020-10-04 17:10:00,Brasil,PARA,OBIDOS,Amazônia,2020-10-04 17:10:00,10,2020
1515026047,6ad75d3e-df56-3278-a157-7ffd0697b198,-1.264,-55.759,2020-10-04 17:10:00,Brasil,PARA,OBIDOS,Amazônia,2020-10-04 17:10:00,10,2020
1515026130,4d7d970a-193e-3dcd-a61b-ca7bffc884d6,-1.323,-55.668,2020-10-04 17:10:00,Brasil,PARA,OBIDOS,Amazônia,2020-10-04 17:10:00,10,2020
1515025753,57063037-3f9c-3a21-95bf-42884e745cb7,-1.355,-55.438,2020-10-04 17:10:00,Brasil,PARA,OBIDOS,Amazônia,2020-10-04 17:10:00,10,2020
1515024602,872156b2-a819-3dc5-9197-bcd74c9ff7a1,-1.379,-55.606,2020-10-04 17:10:00,Brasil,PARA,OBIDOS,Amazônia,2020-10-04 17:10:00,10,2020
1515024601,793650a5-51a8-3238-b663-2ba102968461,-1.334,-55.676,2020-10-04 17:10:00,Brasil,PARA,OBIDOS,Amazônia,2020-10-04 17:10:00,10,2020
1515024600,1db8159d-5e63-3933-88be-7d36d4f84b90,-1.312,-55.718,2020-10-04 17:10:00,Brasil,PARA,OBIDOS,Amazônia,2020-10-04 17:10:00,10,2020
1515025357,03cea8fa-877d-3894-bff2-6c17c58a5060,-1.399,-55.422,2020-10-04 17:10:00,Brasil,PARA,OBIDOS,Amazônia,2020-10-04 17:10:00,10,2020
1515025356,e2280fff-51ea-34f3-98bc-a1261c2d3e49,-1.325,-55.677,2020-10-04 17:10:00,Brasil,PARA,OBIDOS,Amazônia,2020-10-04 17:10:00,10,2020
1515024428,257158d6-e02f-33ec-b604-27fbb72e8551,-1.332,-55.667,2020-10-04 17:10:00,Brasil,PARA,OBIDOS,Amazônia,2020-10-04 17:10:00,10,2020
1515025667,fc99a12b-7ed6-34ca-9f86-3797485e155a,-1.804,-55.231,2020-10-04 17:10:00,Brasil,PARA,OBIDOS,Amazônia,2020-10-04 17:10:00,10,2020
1515025666,bba57158-fbb5-3508-a20f-ecd22e2df271,-1.343,-55.675,2020-10-04 17:10:00,Brasil,PARA,OBIDOS,Amazônia,2020-10-04 17:10:00,10,2020
1515025189,28b1c9d7-9d0f-34e3-9def-b852977c3470,-1.342,-55.665,2020-10-04 17:10:00,Brasil,PARA,OBIDOS,Amazônia,2020-10-04 17:10:00,10,2020
1515025188,caef4f3d-f05c-3c13-a84a-a21f4a1ba71a,-1.7,-55.399,2020-10-04 17:10:00,Brasil,PARA,OBIDOS,Amazônia,2020-10-04 17:10:00,10,2020
1515024477,6d87ef55-3847-3b2c-94eb-cc5ac14b84ac,1.951,-55.812,2020-10-04 17:10:00,Brasil,PARA,OBIDOS,Amazônia,2020-10-04 17:10:00,10,2020
1515158314,2eb2636e-5237-38c9-b441-b3c299439ac6,2.06,-55.726,2020-10-05 17:55:00,Brasil,PARA,OBIDOS,Amazônia,2020-10-05 17:55:00,10,2020
1515158310,d2e4d622-4131-35cb-ba44-d66f973a74ab,2.056,-55.718,2020-10-05 17:55:00,Brasil,PARA,OBIDOS,Amazônia,2020-10-05 17:55:00,10,2020
1515158302,d2d726f0-d831-3947-b038-1abd443c229e,1.882,-55.57,2020-10-05 17:55:00,Brasil,PARA,OBIDOS,Amazônia,2020-10-05 17:55:00,10,2020
1515280537,071f076d-8543-3b38-9689-2d3f7b1eb8bf,-1.645,-55.651,2020-10-06 17:00:00,Brasil,PARA,OBIDOS,Amazônia,2020-10-06 17:00:00,10,2020
1515279973,e9eb7fa3-0b45-39e3-9e04-a29870d7f16d,-1.598,-55.643,2020-10-06 17:00:00,Brasil,PARA,OBIDOS,Amazônia,2020-10-06 17:00:00,10,2020
1515279542,5a03f1f7-d810-35c7-a7e7-87aa7716dfe2,-1.491,-55.693,2020-10-06 17:00:00,Brasil,PARA,OBIDOS,Amazônia,2020-10-06 17:00:00,10,2020
1515278609,d54cf5d6-6106-32b8-814a-61592d0f0c99,-1.581,-55.68,2020-10-06 17:00:00,Brasil,PARA,OBIDOS,Amazônia,2020-10-06 17:00:00,10,2020
1515280429,ed022c13-65df-3310-96de-53ddb4da8d7d,-1.672,-55.275,2020-10-06 17:00:00,Brasil,PARA,OBIDOS,Amazônia,2020-10-06 17:00:00,10,2020
1515280428,bf66d284-4b74-3bd1-bb94-d9d2cd6b5f4d,-1.596,-55.629,2020-10-06 17:00:00,Brasil,PARA,OBIDOS,Amazônia,2020-10-06 17:00:00,10,2020
1515279086,0c10c3df-34b2-3e4b-819d-b6b3dfb282a8,-1.58,-55.675,2020-10-06 17:00:00,Brasil,PARA,OBIDOS,Amazônia,2020-10-06 17:00:00,10,2020
1515279132,e5890e5e-5531-342b-b787-a71d558812d9,-1.647,-55.665,2020-10-06 17:00:00,Brasil,PARA,OBIDOS,Amazônia,2020-10-06 17:00:00,10,2020
1515390312,581f6b3e-026f-3be5-99f3-614a3bb5e10f,2.039,-55.731,2020-10-07 17:40:00,Brasil,PARA,OBIDOS,Amazônia,2020-10-07 17:40:00,10,2020
1515390310,5c845176-3102-34f2-b22b-80d4ffb8f299,2.046,-55.727,2020-10-07 17:40:00,Brasil,PARA,OBIDOS,Amazônia,2020-10-07 17:40:00,10,2020
1515529483,dde19401-dd3e-3a52-80e7-785f0b685699,-1.491,-55.707,2020-10-08 16:45:00,Brasil,PARA,OBIDOS,Amazônia,2020-10-08 16:45:00,10,2020
1515528395,28fb31a6-bae7-37fd-aaac-346005fc33f5,1.942,-55.755,2020-10-08 16:45:00,Brasil,PARA,OBIDOS,Amazônia,2020-10-08 16:45:00,10,2020
1515528394,e672891b-4503-3381-96e4-a06a570ee0d8,2.034,-55.661,2020-10-08 16:45:00,Brasil,PARA,OBIDOS,Amazônia,2020-10-08 16:45:00,10,2020
1515826133,0361c4b7-33c1-3784-9456-02c46716ab7b,1.455,-55.657,2020-10-10 16:35:00,Brasil,PARA,OBIDOS,Amazônia,2020-10-10 16:35:00,10,2020
1515826649,40ae91e7-f9de-3989-9539-e8ab54201e0e,1.453,-55.653,2020-10-10 16:35:00,Brasil,PARA,OBIDOS,Amazônia,2020-10-10 16:35:00,10,2020
1515985529,0eccd985-764a-3a05-9717-7a7ae58c3ab3,1.587,-55.766,2020-10-11 17:20:00,Brasil,PARA,OBIDOS,Amazônia,2020-10-11 17:20:00,10,2020
1515985244,08f5bc48-b584-3a37-9579-4074ccd85857,1.582,-55.738,2020-10-11 17:20:00,Brasil,PARA,OBIDOS,Amazônia,2020-10-11 17:20:00,10,2020
1515985198,0ed9dd3b-553f-3edf-9296-cf68be78c9b6,-1.43,-55.422,2020-10-11 17:15:00,Brasil,PARA,OBIDOS,Amazônia,2020-10-11 17:15:00,10,2020
1515985189,a228b401-e930-3f5c-8d90-32c5b3235aa9,-1.403,-55.426,2020-10-11 17:15:00,Brasil,PARA,OBIDOS,Amazônia,2020-10-11 17:15:00,10,2020
1515985667,a5278224-6c01-3403-bd6e-77ada7528db3,-1.378,-55.439,2020-10-11 17:15:00,Brasil,PARA,OBIDOS,Amazônia,2020-10-11 17:15:00,10,2020
1515985607,2297b49c-2b58-36b0-89d8-599e25f92eda,1.57,-55.755,2020-10-11 17:20:00,Brasil,PARA,OBIDOS,Amazônia,2020-10-11 17:20:00,10,2020
1515985761,960e4d67-9c45-346f-86ad-035dc5a0d99b,-1.376,-55.43,2020-10-11 17:15:00,Brasil,PARA,OBIDOS,Amazônia,2020-10-11 17:15:00,10,2020
1515985748,cf38a2fa-de49-32bf-a63a-109eacaebe8e,1.589,-55.748,2020-10-11 17:20:00,Brasil,PARA,OBIDOS,Amazônia,2020-10-11 17:20:00,10,2020
1515985490,24fe43ba-62b1-3b15-a541-7f08e903f039,2.308,-55.937,2020-10-11 17:20:00,Brasil,PARA,OBIDOS,Amazônia,2020-10-11 17:20:00,10,2020
1515985427,49982bdc-6e73-3a92-9eb2-ff37e4ff6d16,1.591,-55.739,2020-10-11 17:20:00,Brasil,PARA,OBIDOS,Amazônia,2020-10-11 17:20:00,10,2020
1515985378,76c8f4d9-0387-3098-af3f-26ee29ddaf59,1.597,-55.759,2020-10-11 17:20:00,Brasil,PARA,OBIDOS,Amazônia,2020-10-11 17:20:00,10,2020
1515985809,a8faa3e5-5dc7-36c5-a5cf-dd9e5f1450dd,1.598,-55.75,2020-10-11 17:20:00,Brasil,PARA,OBIDOS,Amazônia,2020-10-11 17:20:00,10,2020
1515985785,c1afd492-d926-3c7d-af2f-21d8b7788ff9,1.588,-55.757,2020-10-11 17:20:00,Brasil,PARA,OBIDOS,Amazônia,2020-10-11 17:20:00,10,2020
1515985459,699fc7b6-5d5d-39b8-97be-f50e944a5ed5,2.037,-55.705,2020-10-11 17:20:00,Brasil,PARA,OBIDOS,Amazônia,2020-10-11 17:20:00,10,2020
1515985448,4bdc2090-e7da-302e-afe1-069d822989ad,-1.353,-55.658,2020-10-11 17:15:00,Brasil,PARA,OBIDOS,Amazônia,2020-10-11 17:15:00,10,2020
1515985026,13ca700d-d950-378d-ba70-c0b19f7db8a5,2.254,-55.923,2020-10-11 17:20:00,Brasil,PARA,OBIDOS,Amazônia,2020-10-11 17:20:00,10,2020
1515985025,bf49112f-38dd-31bc-b954-bf2d2643a815,1.993,-55.821,2020-10-11 17:20:00,Brasil,PARA,OBIDOS,Amazônia,2020-10-11 17:20:00,10,2020
1515985023,5eb1f80f-af1c-3086-b094-7732158e783e,1.571,-55.746,2020-10-11 17:20:00,Brasil,PARA,OBIDOS,Amazônia,2020-10-11 17:20:00,10,2020
1515984982,c25d54fb-025a-3ee3-b003-7088f850f845,-1.354,-55.667,2020-10-11 17:15:00,Brasil,PARA,OBIDOS,Amazônia,2020-10-11 17:15:00,10,2020
1516155206,ef657ba0-d0f1-385e-8d4c-b61d9e379e99,-1.675,-55.45,2020-10-13 17:05:00,Brasil,PARA,OBIDOS,Amazônia,2020-10-13 17:05:00,10,2020
1516154743,08256e10-b9b7-38b3-9e2c-cab391c9de48,-1.677,-55.461,2020-10-13 17:05:00,Brasil,PARA,OBIDOS,Amazônia,2020-10-13 17:05:00,10,2020
1516154248,e16d3dd9-2f52-383f-a911-30776bde85fa,-1.569,-55.351,2020-10-13 17:05:00,Brasil,PARA,OBIDOS,Amazônia,2020-10-13 17:05:00,10,2020
1516154720,61689c8d-86f8-3f13-bd0a-cef04b5b46a2,-1.566,-55.329,2020-10-13 17:05:00,Brasil,PARA,OBIDOS,Amazônia,2020-10-13 17:05:00,10,2020
1516154578,5d355886-e190-3820-9b39-4f3b13efbe74,-1.488,-55.568,2020-10-13 17:05:00,Brasil,PARA,OBIDOS,Amazônia,2020-10-13 17:05:00,10,2020
1516154545,4d8bc0f7-2e23-3ff9-8cd3-5ab983271cf6,-1.406,-55.43,2020-10-13 17:05:00,Brasil,PARA,OBIDOS,Amazônia,2020-10-13 17:05:00,10,2020
1516323522,83da2f12-a80c-3463-b6e5-f41a9e197a00,1.646,-55.744,2020-10-15 16:55:00,Brasil,PARA,OBIDOS,Amazônia,2020-10-15 16:55:00,10,2020
1516323518,6c29862f-eb2d-3d92-aecd-03d4abb96887,-1.189,-55.812,2020-10-15 16:50:00,Brasil,PARA,OBIDOS,Amazônia,2020-10-15 16:50:00,10,2020
1516323118,d9d22844-879a-3df2-aeb5-694c8d189183,1.609,-55.739,2020-10-15 16:55:00,Brasil,PARA,OBIDOS,Amazônia,2020-10-15 16:55:00,10,2020
1516323913,187f3ddd-b9fd-35df-a5fd-b0ccc7dea84f,1.65,-55.75,2020-10-15 16:55:00,Brasil,PARA,OBIDOS,Amazônia,2020-10-15 16:55:00,10,2020
1516323476,d937c642-d071-36ea-8df1-24f1ffce56ed,-1.502,-55.442,2020-10-15 16:50:00,Brasil,PARA,OBIDOS,Amazônia,2020-10-15 16:50:00,10,2020
1516323474,8865362c-6a7c-34b3-ac96-ce5019e705f1,-1.685,-55.533,2020-10-15 16:50:00,Brasil,PARA,OBIDOS,Amazônia,2020-10-15 16:50:00,10,2020
1516323458,92ebd13b-300d-3a86-8521-09995f8bf2ee,-1.47,-55.483,2020-10-15 16:50:00,Brasil,PARA,OBIDOS,Amazônia,2020-10-15 16:50:00,10,2020
1516322877,62696694-069e-36ca-8e54-32541c5ca5c5,-1.595,-55.278,2020-10-15 16:50:00,Brasil,PARA,OBIDOS,Amazônia,2020-10-15 16:50:00,10,2020
1516322871,6f7692e4-e1ef-3b11-9b48-d55328499465,1.59,-55.702,2020-10-15 16:55:00,Brasil,PARA,OBIDOS,Amazônia,2020-10-15 16:55:00,10,2020
1516322870,7effb2a3-d471-3450-a663-607225e3e3fc,1.581,-55.683,2020-10-15 16:55:00,Brasil,PARA,OBIDOS,Amazônia,2020-10-15 16:55:00,10,2020
1516323212,fa57d862-7649-33d3-a10f-d0962322c41d,1.578,-55.7,2020-10-15 16:55:00,Brasil,PARA,OBIDOS,Amazônia,2020-10-15 16:55:00,10,2020
1516323205,9348c5ab-69ca-3646-893c-1acf2c57a258,1.669,-55.787,2020-10-15 16:55:00,Brasil,PARA,OBIDOS,Amazônia,2020-10-15 16:55:00,10,2020
1516322412,812eec77-3527-3364-9412-6abf46b45e80,1.593,-55.685,2020-10-15 16:55:00,Brasil,PARA,OBIDOS,Amazônia,2020-10-15 16:55:00,10,2020
1516322392,0bcb3358-1310-34b5-bc9c-7a5c2e2dd9be,-1.6,-55.289,2020-10-15 16:50:00,Brasil,PARA,OBIDOS,Amazônia,2020-10-15 16:50:00,10,2020
1516322391,be4157f1-19b8-31b4-9d87-824a788f4b6e,-1.598,-55.295,2020-10-15 16:50:00,Brasil,PARA,OBIDOS,Amazônia,2020-10-15 16:50:00,10,2020
1516401777,f2117cac-37ea-3ddc-acb4-5ce5913e9c2b,2.216,-55.89,2020-10-16 17:35:00,Brasil,PARA,OBIDOS,Amazônia,2020-10-16 17:35:00,10,2020
1516401658,ea969710-5fad-3df4-9868-cf12e7f49bed,1.61,-55.711,2020-10-16 17:35:00,Brasil,PARA,OBIDOS,Amazônia,2020-10-16 17:35:00,10,2020
1516401531,f509a2b2-108e-3b8b-aa4f-8773ed4e56d6,1.885,-55.802,2020-10-16 17:35:00,Brasil,PARA,OBIDOS,Amazônia,2020-10-16 17:35:00,10,2020
1516401498,5f27b16d-3ff5-3fb4-ac15-cd993d043511,-2.034,-55.621,2020-10-16 17:35:00,Brasil,PARA,OBIDOS,Amazônia,2020-10-16 17:35:00,10,2020
1516401481,f8ac099c-62cd-3b07-b06c-056b909be9a2,1.667,-55.736,2020-10-16 17:35:00,Brasil,PARA,OBIDOS,Amazônia,2020-10-16 17:35:00,10,2020
1516401448,17e86dc5-98dc-3991-bb7d-011d2a6c2cd4,1.605,-55.705,2020-10-16 17:35:00,Brasil,PARA,OBIDOS,Amazônia,2020-10-16 17:35:00,10,2020
1516401326,3f6080ad-8df6-3464-8eab-38af8523c88f,1.665,-55.752,2020-10-16 17:35:00,Brasil,PARA,OBIDOS,Amazônia,2020-10-16 17:35:00,10,2020
1516401310,7e4c31ea-6d14-3029-b600-6c550e0ad917,1.655,-55.734,2020-10-16 17:35:00,Brasil,PARA,OBIDOS,Amazônia,2020-10-16 17:35:00,10,2020
1516401006,45869831-307f-3634-b5a7-f3daee99c466,2.218,-55.874,2020-10-16 17:35:00,Brasil,PARA,OBIDOS,Amazônia,2020-10-16 17:35:00,10,2020
1516488949,6ccf6f5d-3058-352e-98d5-382e5e4e7c21,1.873,-55.817,2020-10-17 16:40:00,Brasil,PARA,OBIDOS,Amazônia,2020-10-17 16:40:00,10,2020
1516489089,be671215-8285-35ed-98f2-f544bec53df0,1.884,-55.823,2020-10-17 16:40:00,Brasil,PARA,OBIDOS,Amazônia,2020-10-17 16:40:00,10,2020
1516489088,5c8749f1-cbef-327b-a1b8-4593d67812a0,1.681,-55.75,2020-10-17 16:40:00,Brasil,PARA,OBIDOS,Amazônia,2020-10-17 16:40:00,10,2020
1516488055,7a5aeac2-53b6-333f-a9c8-f1f1e3df1193,1.878,-55.787,2020-10-17 16:40:00,Brasil,PARA,OBIDOS,Amazônia,2020-10-17 16:40:00,10,2020
1516488039,316f014d-5fd8-3354-afbb-acd86194294c,1.874,-55.791,2020-10-17 16:40:00,Brasil,PARA,OBIDOS,Amazônia,2020-10-17 16:40:00,10,2020
1516487777,3a202726-1a91-3d83-b250-5ba916d143eb,-1.945,-55.33,2020-10-17 16:40:00,Brasil,PARA,OBIDOS,Amazônia,2020-10-17 16:40:00,10,2020
1516487944,63e5d3a5-8cb7-3e28-99dc-16b62f60bab2,-1.939,-55.323,2020-10-17 16:40:00,Brasil,PARA,OBIDOS,Amazônia,2020-10-17 16:40:00,10,2020
1516488214,816129f4-1432-341b-8f22-06fbfdb199ab,1.869,-55.821,2020-10-17 16:40:00,Brasil,PARA,OBIDOS,Amazônia,2020-10-17 16:40:00,10,2020
1516488204,8d02df8d-50a5-3b92-9024-d4c7f4054f7b,-1.943,-55.355,2020-10-17 16:40:00,Brasil,PARA,OBIDOS,Amazônia,2020-10-17 16:40:00,10,2020
1516591422,ae447405-1e3a-3998-b63e-ca3d4b913f57,-1.198,-55.711,2020-10-18 17:25:00,Brasil,PARA,OBIDOS,Amazônia,2020-10-18 17:25:00,10,2020
1516591423,10f8c0a3-253e-34a6-85ab-cd0070dba4a1,-1.249,-55.869,2020-10-18 17:25:00,Brasil,PARA,OBIDOS,Amazônia,2020-10-18 17:25:00,10,2020
1516591424,bc485646-4ffc-3d30-98b8-bbf42cf92420,-1.225,-55.766,2020-10-18 17:25:00,Brasil,PARA,OBIDOS,Amazônia,2020-10-18 17:25:00,10,2020
1516590543,b826b36f-16c7-3d9b-900c-a13bb892019c,-1.263,-55.725,2020-10-18 17:25:00,Brasil,PARA,OBIDOS,Amazônia,2020-10-18 17:25:00,10,2020
1516591148,3fa8283e-40cb-3143-b726-e5f129fcb9fb,1.692,-55.752,2020-10-18 17:25:00,Brasil,PARA,OBIDOS,Amazônia,2020-10-18 17:25:00,10,2020
1516591407,c6142c87-75bc-3654-828d-018e9f6433dc,-1.674,-55.248,2020-10-18 17:25:00,Brasil,PARA,OBIDOS,Amazônia,2020-10-18 17:25:00,10,2020
1516591402,dab27e00-a05a-33f1-a29d-5a26335f0c7a,-1.742,-55.517,2020-10-18 17:25:00,Brasil,PARA,OBIDOS,Amazônia,2020-10-18 17:25:00,10,2020
1516591393,d7cd8082-1e0d-3fc2-8ee4-58e37537f405,-1.646,-55.498,2020-10-18 17:25:00,Brasil,PARA,OBIDOS,Amazônia,2020-10-18 17:25:00,10,2020
1516590564,1fd5163b-d541-31e7-8d8b-c6a7014e16bf,-1.74,-55.508,2020-10-18 17:25:00,Brasil,PARA,OBIDOS,Amazônia,2020-10-18 17:25:00,10,2020
1516590553,e56c4342-df8b-36f3-8e80-e29e1492fa0b,-1.346,-55.658,2020-10-18 17:25:00,Brasil,PARA,OBIDOS,Amazônia,2020-10-18 17:25:00,10,2020
1516590552,1750d006-c62e-3919-9cfc-8b58e366532a,-1.276,-55.684,2020-10-18 17:25:00,Brasil,PARA,OBIDOS,Amazônia,2020-10-18 17:25:00,10,2020
1516590548,d0ade74b-7a74-3a71-9221-6a20d6f2c4be,-1.226,-55.775,2020-10-18 17:25:00,Brasil,PARA,OBIDOS,Amazônia,2020-10-18 17:25:00,10,2020
1516590547,20b8e79b-925d-3bad-8206-51e728c3698c,-1.234,-55.764,2020-10-18 17:25:00,Brasil,PARA,OBIDOS,Amazônia,2020-10-18 17:25:00,10,2020
1516591150,9416c9fe-1ee8-3074-9475-49f8debf0b7c,1.693,-55.742,2020-10-18 17:25:00,Brasil,PARA,OBIDOS,Amazônia,2020-10-18 17:25:00,10,2020
1516590525,06d1b999-156c-3063-92c8-7e241c69dce2,-1.551,-55.339,2020-10-18 17:25:00,Brasil,PARA,OBIDOS,Amazônia,2020-10-18 17:25:00,10,2020
1516590707,3d078c76-c576-3c30-9ce5-6ee4f127df70,1.688,-55.746,2020-10-18 17:25:00,Brasil,PARA,OBIDOS,Amazônia,2020-10-18 17:25:00,10,2020
1516590490,7dba3f8e-6ffd-3e64-89a0-5df69ea88e18,1.655,-55.71,2020-10-18 17:25:00,Brasil,PARA,OBIDOS,Amazônia,2020-10-18 17:25:00,10,2020
1516789546,b4a8adfe-5828-3ec7-a6b9-a3e6fd8f12a0,-1.422,-55.723,2020-10-20 17:10:00,Brasil,PARA,OBIDOS,Amazônia,2020-10-20 17:10:00,10,2020
1516789545,316ee907-27da-3f84-bb53-208e2ecc276c,-1.677,-55.638,2020-10-20 17:10:00,Brasil,PARA,OBIDOS,Amazônia,2020-10-20 17:10:00,10,2020
1516789542,4ace86f1-648b-38b6-a3b8-83d7a7c7fbd0,-1.724,-55.655,2020-10-20 17:10:00,Brasil,PARA,OBIDOS,Amazônia,2020-10-20 17:10:00,10,2020
1516789531,2bbcc42a-a1cd-309e-9e05-f5f803a90192,1.707,-55.738,2020-10-20 17:10:00,Brasil,PARA,OBIDOS,Amazônia,2020-10-20 17:10:00,10,2020
1516789523,1a670745-422e-33df-a90a-3e17d2cf2151,1.634,-55.665,2020-10-20 17:10:00,Brasil,PARA,OBIDOS,Amazônia,2020-10-20 17:10:00,10,2020
1516789517,39c99f80-74bc-3452-a5fd-b78244a9524b,-1.284,-55.729,2020-10-20 17:10:00,Brasil,PARA,OBIDOS,Amazônia,2020-10-20 17:10:00,10,2020
1516789516,ceff62bc-b417-3c63-bb10-ba4f598b3d4b,-1.371,-55.434,2020-10-20 17:10:00,Brasil,PARA,OBIDOS,Amazônia,2020-10-20 17:10:00,10,2020
1516789483,e967ab24-7fae-3a68-84ee-f43f7b0b1578,2.183,-55.818,2020-10-20 17:10:00,Brasil,PARA,OBIDOS,Amazônia,2020-10-20 17:10:00,10,2020
1516789121,483a6435-1abc-38c8-b69e-fdf3bb55ad01,1.598,-55.663,2020-10-20 17:10:00,Brasil,PARA,OBIDOS,Amazônia,2020-10-20 17:10:00,10,2020
1516789590,445812f3-f53b-3b23-8c9f-becf30a064f7,2.259,-55.863,2020-10-20 17:10:00,Brasil,PARA,OBIDOS,Amazônia,2020-10-20 17:10:00,10,2020
1516789579,ac6a5b0a-e109-34e3-8a3b-5aac3f4d2df7,-2.078,-55.294,2020-10-20 17:10:00,Brasil,PARA,OBIDOS,Amazônia,2020-10-20 17:10:00,10,2020
1516789714,5ebac4c9-8646-380f-93f1-e81f8e4cfa97,-1.419,-55.449,2020-10-20 17:10:00,Brasil,PARA,OBIDOS,Amazônia,2020-10-20 17:10:00,10,2020
1516789711,fc98ef99-414d-3a8d-af8f-9244e884c168,-1.41,-55.45,2020-10-20 17:10:00,Brasil,PARA,OBIDOS,Amazônia,2020-10-20 17:10:00,10,2020
1516789703,d3aff5e5-92eb-377f-b051-cddb8f396b0d,2.252,-55.853,2020-10-20 17:10:00,Brasil,PARA,OBIDOS,Amazônia,2020-10-20 17:10:00,10,2020
1516789047,6ec9ff3b-69f3-3f43-9564-1df661b65b7a,-1.696,-55.458,2020-10-20 17:10:00,Brasil,PARA,OBIDOS,Amazônia,2020-10-20 17:10:00,10,2020
1516789366,57f2de8a-f71f-3805-a0ea-572efcf9b50e,-1.372,-55.576,2020-10-20 17:10:00,Brasil,PARA,OBIDOS,Amazônia,2020-10-20 17:10:00,10,2020
1516789425,2c152f67-2de0-3ba1-aa41-5c3784d4befb,-1.725,-55.664,2020-10-20 17:10:00,Brasil,PARA,OBIDOS,Amazônia,2020-10-20 17:10:00,10,2020
1516789423,e4f084de-2149-3c26-beb6-50f2ed0f3028,-1.694,-55.515,2020-10-20 17:10:00,Brasil,PARA,OBIDOS,Amazônia,2020-10-20 17:10:00,10,2020
1516789418,1326a29c-83bf-3e96-884a-55e256795e69,-1.283,-55.719,2020-10-20 17:10:00,Brasil,PARA,OBIDOS,Amazônia,2020-10-20 17:10:00,10,2020
1516789416,582b684f-1fe6-3a90-8927-d5e96a060b93,-1.298,-55.698,2020-10-20 17:10:00,Brasil,PARA,OBIDOS,Amazônia,2020-10-20 17:10:00,10,2020
1516789408,fc9927e8-5138-3848-9401-6f4b1e8778f4,1.699,-55.792,2020-10-20 17:10:00,Brasil,PARA,OBIDOS,Amazônia,2020-10-20 17:10:00,10,2020
1516789920,2870deea-b6fb-3e9c-8726-3dea36d51275,1.701,-55.774,2020-10-20 17:10:00,Brasil,PARA,OBIDOS,Amazônia,2020-10-20 17:10:00,10,2020
1516789150,6e5ec61b-08de-357f-a39c-fca516a062a8,-1.408,-55.441,2020-10-20 17:10:00,Brasil,PARA,OBIDOS,Amazônia,2020-10-20 17:10:00,10,2020
1516789256,a2e7a438-dbd2-3b48-b4b5-810dfdbb2aae,1.65,-55.677,2020-10-20 17:10:00,Brasil,PARA,OBIDOS,Amazônia,2020-10-20 17:10:00,10,2020
1516789254,8ebd964d-1716-3702-8a1e-85cbb795a002,1.625,-55.664,2020-10-20 17:10:00,Brasil,PARA,OBIDOS,Amazônia,2020-10-20 17:10:00,10,2020
1516789244,1072a854-37ed-35a8-a320-1bfd0de9f8cb,1.659,-55.678,2020-10-20 17:10:00,Brasil,PARA,OBIDOS,Amazônia,2020-10-20 17:10:00,10,2020
1516789338,0e9cfccf-d99f-3299-abb1-e59268d4cc7a,-1.331,-55.678,2020-10-20 17:10:00,Brasil,PARA,OBIDOS,Amazônia,2020-10-20 17:10:00,10,2020
1516789329,43d4db1f-3a19-3822-ad00-5a6485f8f2f7,-1.85,-55.563,2020-10-20 17:10:00,Brasil,PARA,OBIDOS,Amazônia,2020-10-20 17:10:00,10,2020
1516789328,01dcf2cc-2d01-3b73-baa7-072416c85717,-1.705,-55.457,2020-10-20 17:10:00,Brasil,PARA,OBIDOS,Amazônia,2020-10-20 17:10:00,10,2020
1516789385,9fc540f2-6725-3c57-ade1-d1f89a1ce05d,1.708,-55.793,2020-10-20 17:10:00,Brasil,PARA,OBIDOS,Amazônia,2020-10-20 17:10:00,10,2020
1516789874,82772960-112b-3f88-8caa-a66abc27f979,1.616,-55.666,2020-10-20 17:10:00,Brasil,PARA,OBIDOS,Amazônia,2020-10-20 17:10:00,10,2020
1516789232,5ac1aa68-abf0-3f70-82f3-5415644c354a,-1.677,-55.46,2020-10-20 17:10:00,Brasil,PARA,OBIDOS,Amazônia,2020-10-20 17:10:00,10,2020
1516789229,07e7cef6-016b-322e-b560-19abeaec9b3e,-1.38,-55.433,2020-10-20 17:10:00,Brasil,PARA,OBIDOS,Amazônia,2020-10-20 17:10:00,10,2020
1516789163,c70a05b4-0da0-3f32-aaa6-9d42f007e2cc,-1.694,-55.449,2020-10-20 17:10:00,Brasil,PARA,OBIDOS,Amazônia,2020-10-20 17:10:00,10,2020
1516789006,068436e9-cd4a-30ef-9d75-dabd1360583d,1.641,-55.675,2020-10-20 17:10:00,Brasil,PARA,OBIDOS,Amazônia,2020-10-20 17:10:00,10,2020
1516873285,cb49e37a-28f1-3a6e-a82f-30f91aafa09f,1.681,-55.778,2020-10-21 17:55:00,Brasil,PARA,OBIDOS,Amazônia,2020-10-21 17:55:00,10,2020
1516979079,2ccc37cc-4f45-3483-9f57-d3fc8d879e78,-1.256,-55.953,2020-10-22 17:00:00,Brasil,PARA,OBIDOS,Amazônia,2020-10-22 17:00:00,10,2020
1516978411,d992a525-e9f1-38a3-8d8f-284f51fa38e6,-1.258,-55.957,2020-10-22 17:00:00,Brasil,PARA,OBIDOS,Amazônia,2020-10-22 17:00:00,10,2020
1516978344,12db1445-5c03-38a2-8776-a3ad19f26874,2.008,-55.848,2020-10-22 17:00:00,Brasil,PARA,OBIDOS,Amazônia,2020-10-22 17:00:00,10,2020
1517135487,fa5d1759-0a7f-3a7c-ac32-f3b2d63ee2a2,1.957,-55.823,2020-10-24 16:45:00,Brasil,PARA,OBIDOS,Amazônia,2020-10-24 16:45:00,10,2020
1517210147,f3f82ff4-9c22-390e-b0f2-515248277616,-1.542,-55.366,2020-10-25 17:30:00,Brasil,PARA,OBIDOS,Amazônia,2020-10-25 17:30:00,10,2020
1517209940,4b436707-1973-347c-9391-154099d97b84,-1.88,-55.377,2020-10-25 17:30:00,Brasil,PARA,OBIDOS,Amazônia,2020-10-25 17:30:00,10,2020
1517210179,3781e98b-4e9f-33ed-b49d-9279778cecd9,-1.541,-55.371,2020-10-25 17:30:00,Brasil,PARA,OBIDOS,Amazônia,2020-10-25 17:30:00,10,2020
1517209646,0ac37470-738f-3389-b789-38ed3afa66e9,-1.532,-55.368,2020-10-25 17:30:00,Brasil,PARA,OBIDOS,Amazônia,2020-10-25 17:30:00,10,2020
1517284195,da4f403f-8674-3719-a99f-a471a7703531,-1.436,-55.459,2020-10-26 16:35:00,Brasil,PARA,OBIDOS,Amazônia,2020-10-26 16:35:00,10,2020
1517284190,b3dca294-6b10-304f-8afc-853808b7b8f4,-1.435,-55.451,2020-10-26 16:35:00,Brasil,PARA,OBIDOS,Amazônia,2020-10-26 16:35:00,10,2020
1517284287,55fcf59f-dd3e-3248-921b-e7f4b1aca8f3,-1.934,-55.261,2020-10-26 16:35:00,Brasil,PARA,OBIDOS,Amazônia,2020-10-26 16:35:00,10,2020
1517284012,82c77afa-4c96-3ffb-86a9-e54f90323f09,-1.934,-55.269,2020-10-26 16:35:00,Brasil,PARA,OBIDOS,Amazônia,2020-10-26 16:35:00,10,2020
1517284041,1b132e6d-3633-35f0-9885-c1b79c3964fa,-1.553,-55.388,2020-10-26 16:35:00,Brasil,PARA,OBIDOS,Amazônia,2020-10-26 16:35:00,10,2020
1517499384,a3a7a3b5-e2a8-3e31-9b2d-be2d49a67e44,-1.848,-55.292,2020-10-29 17:05:00,Brasil,PARA,OBIDOS,Amazônia,2020-10-29 17:05:00,10,2020
1517499580,82db8b5b-5d5a-3d67-8a2c-08e50d618fd3,-1.707,-55.22,2020-10-29 17:05:00,Brasil,PARA,OBIDOS,Amazônia,2020-10-29 17:05:00,10,2020
1517499501,2c1d69e3-df7b-36e2-ba5d-a8185787a356,-1.924,-55.243,2020-10-29 17:05:00,Brasil,PARA,OBIDOS,Amazônia,2020-10-29 17:05:00,10,2020
1517499689,2acaaa46-db7a-35d4-b41a-9c5b73ec7dc4,-1.44,-55.43,2020-10-29 17:05:00,Brasil,PARA,OBIDOS,Amazônia,2020-10-29 17:05:00,10,2020
1517499675,8016adf2-a703-3365-a82e-3365acc5e764,-1.869,-55.3,2020-10-29 17:05:00,Brasil,PARA,OBIDOS,Amazônia,2020-10-29 17:05:00,10,2020
1517499189,f299bce8-afc9-3e22-9a81-397f1f3f6ad1,-1.487,-55.693,2020-10-29 17:05:00,Brasil,PARA,OBIDOS,Amazônia,2020-10-29 17:05:00,10,2020
1517499354,f6c435e1-0476-37d1-b0c1-6b2bb43c200e,-1.815,-55.408,2020-10-29 17:05:00,Brasil,PARA,OBIDOS,Amazônia,2020-10-29 17:05:00,10,2020
1517499078,e40d564b-215d-3566-a2fb-436c4774155c,-1.097,-55.602,2020-10-29 17:05:00,Brasil,PARA,OBIDOS,Amazônia,2020-10-29 17:05:00,10,2020
1517499459,7594a9ab-376a-3271-a80a-7c58da1ab95f,-1.861,-55.313,2020-10-29 17:05:00,Brasil,PARA,OBIDOS,Amazônia,2020-10-29 17:05:00,10,2020
1517499457,58715e2f-bdcc-389b-8b88-8f18c30483d4,-1.871,-55.311,2020-10-29 17:05:00,Brasil,PARA,OBIDOS,Amazônia,2020-10-29 17:05:00,10,2020
1517498992,33dce796-6277-3bbe-bb1c-9b965fc8090b,-1.925,-55.253,2020-10-29 17:05:00,Brasil,PARA,OBIDOS,Amazônia,2020-10-29 17:05:00,10,2020
1517498932,3759e517-26c2-31c1-b4fa-e57d03378de3,-1.708,-55.231,2020-10-29 17:05:00,Brasil,PARA,OBIDOS,Amazônia,2020-10-29 17:05:00,10,2020
1517498931,890b8f7f-40a8-353d-b611-0f7461af9ed0,-1.874,-55.315,2020-10-29 17:05:00,Brasil,PARA,OBIDOS,Amazônia,2020-10-29 17:05:00,10,2020
1517499290,08988044-d6d1-30d9-a91e-44b9ed56b5aa,-1.872,-55.304,2020-10-29 17:05:00,Brasil,PARA,OBIDOS,Amazônia,2020-10-29 17:05:00,10,2020
1517499267,a964bade-4f3e-3a6d-b7dd-dd760540db2e,-1.694,-55.64,2020-10-29 17:05:00,Brasil,PARA,OBIDOS,Amazônia,2020-10-29 17:05:00,10,2020
1517499266,01b9f412-484f-3791-9897-d18f1740e86c,-1.486,-55.682,2020-10-29 17:05:00,Brasil,PARA,OBIDOS,Amazônia,2020-10-29 17:05:00,10,2020
1517499150,f1e8735b-b933-3c59-bccf-597d0c68ffee,-1.858,-55.358,2020-10-29 17:05:00,Brasil,PARA,OBIDOS,Amazônia,2020-10-29 17:05:00,10,2020
1517499131,4dbe24e4-fc42-34d6-af89-808fccf4df15,-1.442,-55.441,2020-10-29 17:05:00,Brasil,PARA,OBIDOS,Amazônia,2020-10-29 17:05:00,10,2020
1517499120,03b5a27a-8099-3122-83dc-a0ebd96086b9,-1.859,-55.368,2020-10-29 17:05:00,Brasil,PARA,OBIDOS,Amazônia,2020-10-29 17:05:00,10,2020
1517625698,85473fe4-4c9e-35ad-a633-bdd9a5321433,-1.904,-55.345,2020-10-31 16:50:00,Brasil,PARA,OBIDOS,Amazônia,2020-10-31 16:50:00,10,2020
1517626149,736121c0-bfaf-3800-b55c-b9580b282f30,-1.687,-55.28,2020-10-31 16:50:00,Brasil,PARA,OBIDOS,Amazônia,2020-10-31 16:50:00,10,2020
1517625844,e1a20347-8fcc-324b-bcbf-91b9c1fd877f,-1.257,-55.943,2020-10-31 16:50:00,Brasil,PARA,OBIDOS,Amazônia,2020-10-31 16:50:00,10,2020
1517625836,54b30caa-d6fc-308c-ac1d-43ca153d9b72,-1.921,-55.199,2020-10-31 16:50:00,Brasil,PARA,OBIDOS,Amazônia,2020-10-31 16:50:00,10,2020
1517625794,15140248-9e94-317d-9ed6-bc1d40e51925,-1.926,-55.211,2020-10-31 16:50:00,Brasil,PARA,OBIDOS,Amazônia,2020-10-31 16:50:00,10,2020
1517626045,3265033d-aeed-3874-8576-aa4373f481b8,-1.536,-55.421,2020-10-31 16:50:00,Brasil,PARA,OBIDOS,Amazônia,2020-10-31 16:50:00,10,2020
1517626273,740799bf-c144-3efd-a369-932601c3495c,-1.26,-55.963,2020-10-31 16:50:00,Brasil,PARA,OBIDOS,Amazônia,2020-10-31 16:50:00,10,2020
1517625883,850aa08c-4cea-3427-879e-52e3a8cca9b1,-1.87,-55.369,2020-10-31 16:50:00,Brasil,PARA,OBIDOS,Amazônia,2020-10-31 16:50:00,10,2020
1517625879,33461e36-1aa3-31b1-ad6d-b72c134eb7d4,-1.829,-55.201,2020-10-31 16:50:00,Brasil,PARA,OBIDOS,Amazônia,2020-10-31 16:50:00,10,2020
1517625876,985a8254-e959-3b2d-a251-e054a93050e4,-1.823,-55.212,2020-10-31 16:50:00,Brasil,PARA,OBIDOS,Amazônia,2020-10-31 16:50:00,10,2020
1517625867,0090837f-4518-3561-a1a2-b0a6b3d4b8b6,-1.938,-55.209,2020-10-31 16:50:00,Brasil,PARA,OBIDOS,Amazônia,2020-10-31 16:50:00,10,2020
1517625862,d4777588-ceb5-3bc2-a25f-5c9f4459264e,-1.917,-55.344,2020-10-31 16:50:00,Brasil,PARA,OBIDOS,Amazônia,2020-10-31 16:50:00,10,2020
1517625381,87ff6efb-9705-3541-b23d-36d3a946811c,-1.825,-55.23,2020-10-31 16:50:00,Brasil,PARA,OBIDOS,Amazônia,2020-10-31 16:50:00,10,2020
1517626218,f62693d5-cb96-36f0-9e6b-b99f1b6387df,-1.839,-55.624,2020-10-31 16:50:00,Brasil,PARA,OBIDOS,Amazônia,2020-10-31 16:50:00,10,2020
1517626192,119863d0-4454-3af7-aa06-2c8f42115d7d,-1.867,-55.376,2020-10-31 16:50:00,Brasil,PARA,OBIDOS,Amazônia,2020-10-31 16:50:00,10,2020
1517626191,416f44e2-d988-3166-83da-a0b1fc7f57c5,-1.864,-55.358,2020-10-31 16:50:00,Brasil,PARA,OBIDOS,Amazônia,2020-10-31 16:50:00,10,2020
1517626189,71271f4c-c192-37f8-b10d-040b57cab0bf,-1.835,-55.211,2020-10-31 16:50:00,Brasil,PARA,OBIDOS,Amazônia,2020-10-31 16:50:00,10,2020
1517626188,54b37076-e57b-3b58-aea1-5f03ee47bae5,-1.842,-55.354,2020-10-31 16:50:00,Brasil,PARA,OBIDOS,Amazônia,2020-10-31 16:50:00,10,2020
1517626187,ad79497c-2455-3fb1-bafe-e26801bd624e,-1.837,-55.344,2020-10-31 16:50:00,Brasil,PARA,OBIDOS,Amazônia,2020-10-31 16:50:00,10,2020
1517626185,de124b2a-9fdb-38b7-9bd6-a251cfee288b,-1.941,-55.227,2020-10-31 16:50:00,Brasil,PARA,OBIDOS,Amazônia,2020-10-31 16:50:00,10,2020
1517626183,ad0c9292-032e-33db-b90e-b945b0b2231d,-1.831,-55.218,2020-10-31 16:50:00,Brasil,PARA,OBIDOS,Amazônia,2020-10-31 16:50:00,10,2020
1517626057,d09d6204-82d2-3726-b938-43a26f9c4482,-1.84,-55.362,2020-10-31 16:50:00,Brasil,PARA,OBIDOS,Amazônia,2020-10-31 16:50:00,10,2020
1517626056,6fb29e7d-41dc-3aa3-bad9-857d14dfceed,-1.902,-55.327,2020-10-31 16:50:00,Brasil,PARA,OBIDOS,Amazônia,2020-10-31 16:50:00,10,2020
1517626054,6337f09d-eb16-3a66-bbd0-1fec3d9edd06,-1.819,-55.67,2020-10-31 16:50:00,Brasil,PARA,OBIDOS,Amazônia,2020-10-31 16:50:00,10,2020
1517626052,396bd37c-38df-3d39-8073-c69f5b6cf09e,-1.837,-55.228,2020-10-31 16:50:00,Brasil,PARA,OBIDOS,Amazônia,2020-10-31 16:50:00,10,2020
1517626051,4dd38433-08b3-3fab-8e9d-c4ded876f669,-1.819,-55.665,2020-10-31 16:50:00,Brasil,PARA,OBIDOS,Amazônia,2020-10-31 16:50:00,10,2020
1517626050,e1514739-d0aa-302f-a9a9-5a9370e33981,-1.914,-55.326,2020-10-31 16:50:00,Brasil,PARA,OBIDOS,Amazônia,2020-10-31 16:50:00,10,2020
1518281024,32035354-cce8-35c5-9708-bebeaa855989,-1.604,-55.397,2020-11-05 17:10:00,Brasil,PARA,OBIDOS,Amazônia,2020-11-05 17:10:00,11,2020
1518281025,6483ef06-4a46-3bca-ac1a-3c3cb8cd5c88,-1.655,-55.309,2020-11-05 17:10:00,Brasil,PARA,OBIDOS,Amazônia,2020-11-05 17:10:00,11,2020
1518280921,0a7f1f8a-03dd-3f4d-9bf3-8e580add93d2,-1.686,-55.657,2020-11-05 17:10:00,Brasil,PARA,OBIDOS,Amazônia,2020-11-05 17:10:00,11,2020
1518281310,d1decd9d-638f-3339-a62d-5cb1b6144758,-1.66,-55.412,2020-11-05 17:10:00,Brasil,PARA,OBIDOS,Amazônia,2020-11-05 17:10:00,11,2020
1518280732,6bfec80b-cf1a-3475-ab69-76d6838e1da6,-1.605,-55.407,2020-11-05 17:10:00,Brasil,PARA,OBIDOS,Amazônia,2020-11-05 17:10:00,11,2020
1518281444,dfae0985-c0a7-3d79-bb4c-0c70fbf999e9,-1.733,-55.66,2020-11-05 17:10:00,Brasil,PARA,OBIDOS,Amazônia,2020-11-05 17:10:00,11,2020
1518583112,19bb9e56-0d4d-3ca8-9a94-a86c15ae7506,-1.356,-55.655,2020-11-07 17:00:00,Brasil,PARA,OBIDOS,Amazônia,2020-11-07 17:00:00,11,2020
1518583097,ecc2858b-64d6-309d-99b5-fb1af0ec6175,-1.886,-55.193,2020-11-07 17:00:00,Brasil,PARA,OBIDOS,Amazônia,2020-11-07 17:00:00,11,2020
1518583341,6e07208f-0ac9-3ae5-b953-e396f21e09c8,-1.334,-55.658,2020-11-07 17:00:00,Brasil,PARA,OBIDOS,Amazônia,2020-11-07 17:00:00,11,2020
1518583181,a0de16ee-f06e-3af9-bfa5-21410c257f64,-1.884,-55.18,2020-11-07 17:00:00,Brasil,PARA,OBIDOS,Amazônia,2020-11-07 17:00:00,11,2020
1518583018,4007c511-a8f8-3ba1-a7ab-dab3433a7a70,-1.351,-55.457,2020-11-07 17:00:00,Brasil,PARA,OBIDOS,Amazônia,2020-11-07 17:00:00,11,2020
1518582983,937935df-94c4-3e90-87ff-f0c3a3e1b94c,-1.336,-55.672,2020-11-07 17:00:00,Brasil,PARA,OBIDOS,Amazônia,2020-11-07 17:00:00,11,2020
1518583437,7a9b879c-ba32-33f6-8cc1-02b4583eb1bd,-1.349,-55.443,2020-11-07 17:00:00,Brasil,PARA,OBIDOS,Amazônia,2020-11-07 17:00:00,11,2020
1518817222,1da94739-64f3-321f-b645-c2c0514e6f83,2.265,-55.931,2020-11-09 16:45:00,Brasil,PARA,OBIDOS,Amazônia,2020-11-09 16:45:00,11,2020
1518910751,7693b4ea-2c6f-3696-b3b1-b154b2f34f1d,-1.663,-55.234,2020-11-10 17:30:00,Brasil,PARA,OBIDOS,Amazônia,2020-11-10 17:30:00,11,2020
1518910733,a51e59e8-44b9-32a7-a0ed-37e7f14f3c91,-0.233,-56.019,2020-11-10 17:30:00,Brasil,PARA,OBIDOS,Amazônia,2020-11-10 17:30:00,11,2020
1518910924,e533fe70-f63b-3548-abfc-b1f5c10a2250,-1.317,-55.671,2020-11-10 17:30:00,Brasil,PARA,OBIDOS,Amazônia,2020-11-10 17:30:00,11,2020
1519111489,d2a0e54d-a8d6-322c-8374-19924899bfb3,-2.033,-55.697,2020-11-12 17:15:00,Brasil,PARA,OBIDOS,Amazônia,2020-11-12 17:15:00,11,2020
1519111272,58573e29-9c0c-3680-bbfc-e13a02c3379a,-1.667,-55.193,2020-11-12 17:15:00,Brasil,PARA,OBIDOS,Amazônia,2020-11-12 17:15:00,11,2020
1519111320,141f04a1-4def-336b-a888-00d65004fd3c,-1.761,-55.275,2020-11-12 17:15:00,Brasil,PARA,OBIDOS,Amazônia,2020-11-12 17:15:00,11,2020
1519111476,9ecc514e-7a91-313b-9f30-71cf2388315c,-1.436,-55.701,2020-11-12 17:15:00,Brasil,PARA,OBIDOS,Amazônia,2020-11-12 17:15:00,11,2020
1519111433,6c955ea8-b58e-3bef-bcb1-68560d3d2be0,-1.85,-55.31,2020-11-12 17:15:00,Brasil,PARA,OBIDOS,Amazônia,2020-11-12 17:15:00,11,2020
1519111427,e3f2a30d-9c19-3b93-91c8-b070d065afaa,-1.398,-55.625,2020-11-12 17:15:00,Brasil,PARA,OBIDOS,Amazônia,2020-11-12 17:15:00,11,2020
1519111423,85840824-f13b-3da3-8708-1070a8d7088e,-1.396,-55.616,2020-11-12 17:15:00,Brasil,PARA,OBIDOS,Amazônia,2020-11-12 17:15:00,11,2020
1519111161,be3145f5-78b7-3c0d-ab86-d760bed7056f,-1.485,-55.396,2020-11-12 17:15:00,Brasil,PARA,OBIDOS,Amazônia,2020-11-12 17:15:00,11,2020
1519111178,02083f6f-2661-3d6a-9dce-5c2e5e86f886,-1.435,-55.692,2020-11-12 17:15:00,Brasil,PARA,OBIDOS,Amazônia,2020-11-12 17:15:00,11,2020
1519111131,3ea0b3ab-e296-37b0-b3d1-22065d83ec1b,-1.486,-55.405,2020-11-12 17:15:00,Brasil,PARA,OBIDOS,Amazônia,2020-11-12 17:15:00,11,2020
1519330439,afd9f1b8-ba43-3009-806c-1c58510aa2ad,-1.918,-55.286,2020-11-14 17:05:00,Brasil,PARA,OBIDOS,Amazônia,2020-11-14 17:05:00,11,2020
1519330613,2999f528-b225-3875-b89f-08770f2fafa1,-1.87,-55.227,2020-11-14 17:05:00,Brasil,PARA,OBIDOS,Amazônia,2020-11-14 17:05:00,11,2020
1519330890,86727012-eb33-3ad7-9b57-622e69af3727,-1.941,-55.287,2020-11-14 17:05:00,Brasil,PARA,OBIDOS,Amazônia,2020-11-14 17:05:00,11,2020
1519330314,01de022a-060d-3d4b-9ac5-ee63428f4cf6,-1.905,-55.332,2020-11-14 17:05:00,Brasil,PARA,OBIDOS,Amazônia,2020-11-14 17:05:00,11,2020
1519330870,17678ac5-5cfc-3c30-ae71-91f49c90cd6a,-1.73,-55.536,2020-11-14 17:05:00,Brasil,PARA,OBIDOS,Amazônia,2020-11-14 17:05:00,11,2020
1520438569,027da791-7233-30f0-ab2c-774272fbacd5,-1.807,-55.316,2020-11-25 16:45:00,Brasil,PARA,OBIDOS,Amazônia,2020-11-25 16:45:00,11,2020
1412661791,ea03b696-e1cb-3408-899f-9081ffbfa1c2,-1.7,-55.482,2020-01-10 16:45:00,Brasil,PARA,OBIDOS,Amazônia,2020-01-10 16:45:00,1,2020
1412661790,315b0193-7443-3c9f-8fde-ab775f5e5eae,-1.703,-55.477,2020-01-10 16:45:00,Brasil,PARA,OBIDOS,Amazônia,2020-01-10 16:45:00,1,2020
1413685358,ced2e85c-87d3-3ac9-8d88-09ceb9c40fdb,1.518,-55.636,2020-01-24 17:00:00,Brasil,PARA,OBIDOS,Amazônia,2020-01-24 17:00:00,1,2020
1414424724,be02ed4f-39a6-35a9-8c83-565dde4f87ec,-1.48,-55.382,2020-02-02 16:50:00,Brasil,PARA,OBIDOS,Amazônia,2020-02-02 16:50:00,2,2020
1414424723,be54be74-7f1f-350e-98ef-e0c5c8b6bbc8,-1.482,-55.4,2020-02-02 16:50:00,Brasil,PARA,OBIDOS,Amazônia,2020-02-02 16:50:00,2,2020
1414424722,9b69a46c-52bb-356f-9c0d-2385b6e7eaaf,-1.485,-55.393,2020-02-02 16:50:00,Brasil,PARA,OBIDOS,Amazônia,2020-02-02 16:50:00,2,2020
1414632252,7d32b5eb-8745-3602-9ee7-558e0b3d8548,1.97,-55.831,2020-02-05 17:25:00,Brasil,PARA,OBIDOS,Amazônia,2020-02-05 17:25:00,2,2020
1415573088,74170a44-d317-34ee-b3b2-19e40d30c0bf,2.108,-55.838,2020-02-16 17:05:00,Brasil,PARA,OBIDOS,Amazônia,2020-02-16 17:05:00,2,2020
1417102359,79fe5d64-a867-3085-be06-c2daffe33817,2.203,-55.931,2020-03-10 17:10:00,Brasil,PARA,OBIDOS,Amazônia,2020-03-10 17:10:00,3,2020
1417102358,024ad717-ad2b-3754-8817-2bdf5b08a1c4,2.205,-55.922,2020-03-10 17:10:00,Brasil,PARA,OBIDOS,Amazônia,2020-03-10 17:10:00,3,2020
1418401261,ae923496-f49a-3646-a320-f87ae8926150,-1.576,-55.513,2020-03-28 17:00:00,Brasil,PARA,OBIDOS,Amazônia,2020-03-28 17:00:00,3,2020
1421170425,81ca1258-ce4a-3009-bb27-a63d05feaccb,-1.806,-55.426,2020-05-13 17:10:00,Brasil,PARA,OBIDOS,Amazônia,2020-05-13 17:10:00,5,2020
1422708941,4b538a6e-005a-3c41-be27-67caf685c087,-1.755,-55.289,2020-06-14 17:10:00,Brasil,PARA,OBIDOS,Amazônia,2020-06-14 17:10:00,6,2020
1422708940,81459954-c48f-3a70-92b3-a46be7a0835a,-1.756,-55.299,2020-06-14 17:10:00,Brasil,PARA,OBIDOS,Amazônia,2020-06-14 17:10:00,6,2020
1422708939,e61e5f98-bbb1-382b-a5ff-0b11b61df6e4,-1.78,-55.333,2020-06-14 17:10:00,Brasil,PARA,OBIDOS,Amazônia,2020-06-14 17:10:00,6,2020
1422708938,e419efc3-0634-3b09-8906-f95d5137862d,-1.781,-55.342,2020-06-14 17:10:00,Brasil,PARA,OBIDOS,Amazônia,2020-06-14 17:10:00,6,2020
1422708937,38eb079c-d342-30df-a983-7c1179d16306,-1.869,-55.192,2020-06-14 17:10:00,Brasil,PARA,OBIDOS,Amazônia,2020-06-14 17:10:00,6,2020
1422708936,68ec0a8b-5ae3-338d-a330-f5d7ecd9ca64,-1.879,-55.191,2020-06-14 17:10:00,Brasil,PARA,OBIDOS,Amazônia,2020-06-14 17:10:00,6,2020
1422361032,b0ce1374-68ed-3726-81a3-923d2787a6ef,-1.726,-55.331,2020-06-07 17:05:00,Brasil,PARA,OBIDOS,Amazônia,2020-06-07 17:05:00,6,2020
1422361024,1f31a5c9-a265-3d5e-9b8b-2281b15e9d5e,-1.727,-55.342,2020-06-07 17:05:00,Brasil,PARA,OBIDOS,Amazônia,2020-06-07 17:05:00,6,2020
1422361056,3ca10e21-6e7a-3d2a-8da0-5aa4f4d9ed20,-1.856,-55.378,2020-06-07 17:05:00,Brasil,PARA,OBIDOS,Amazônia,2020-06-07 17:05:00,6,2020
1422361034,ccda67ec-3117-3e9f-9115-c70c4410bbd9,-1.847,-55.53,2020-06-07 17:05:00,Brasil,PARA,OBIDOS,Amazônia,2020-06-07 17:05:00,6,2020
1422361033,e00aecd6-3d3f-3db6-9903-381cd74c8a03,-1.845,-55.225,2020-06-07 17:05:00,Brasil,PARA,OBIDOS,Amazônia,2020-06-07 17:05:00,6,2020
1422508037,4c116369-3dc0-3f2b-852a-36d25635b3f6,-1.59,-55.279,2020-06-10 17:35:00,Brasil,PARA,OBIDOS,Amazônia,2020-06-10 17:35:00,6,2020
1520688966,690c5595-eadc-37fb-8a84-c31d70a5afac,-1.841,-55.626,2020-11-28 17:15:00,Brasil,PARA,OBIDOS,Amazônia,2020-11-28 17:15:00,11,2020
1520688995,bcfb4881-d6cf-3896-9bba-c24af1951fb0,-1.827,-55.208,2020-11-28 17:15:00,Brasil,PARA,OBIDOS,Amazônia,2020-11-28 17:15:00,11,2020
1520688994,00c66026-0425-3de0-91e5-407268c260e3,-1.902,-55.273,2020-11-28 17:15:00,Brasil,PARA,OBIDOS,Amazônia,2020-11-28 17:15:00,11,2020
1520688992,4eed9bcf-6b4b-341d-ba78-e27d116591af,-1.71,-55.548,2020-11-28 17:15:00,Brasil,PARA,OBIDOS,Amazônia,2020-11-28 17:15:00,11,2020
1520688969,34691129-2d15-35f9-8f23-0e04d87d930a,-1.732,-55.502,2020-11-28 17:15:00,Brasil,PARA,OBIDOS,Amazônia,2020-11-28 17:15:00,11,2020
1520688813,466e25ea-ffd9-306a-98fd-2e4003d55ae5,-1.84,-55.617,2020-11-28 17:15:00,Brasil,PARA,OBIDOS,Amazônia,2020-11-28 17:15:00,11,2020
1520688666,224d6019-4d81-3b39-899f-2fc7abef53db,-1.597,-55.272,2020-11-28 17:15:00,Brasil,PARA,OBIDOS,Amazônia,2020-11-28 17:15:00,11,2020
1520688665,e0ab5561-730a-3de5-a8e4-24d2d4a0f319,-1.853,-55.643,2020-11-28 17:15:00,Brasil,PARA,OBIDOS,Amazônia,2020-11-28 17:15:00,11,2020
1520688661,9b12d548-1de6-3d59-b7c5-b85eba29a37d,-1.733,-55.511,2020-11-28 17:15:00,Brasil,PARA,OBIDOS,Amazônia,2020-11-28 17:15:00,11,2020
1521059948,0fa6a82b-977d-3dd9-8526-86c913d6f6d3,-1.917,-55.299,2020-12-02 16:50:00,Brasil,PARA,OBIDOS,Amazônia,2020-12-02 16:50:00,12,2020
1521309349,3d09739f-c867-37c7-ac42-d8e300fae23d,-1.696,-55.573,2020-12-05 17:25:00,Brasil,PARA,OBIDOS,Amazônia,2020-12-05 17:25:00,12,2020
1521309279,487a0115-b062-3b4e-9731-ea96f1e31298,-1.921,-55.212,2020-12-05 17:25:00,Brasil,PARA,OBIDOS,Amazônia,2020-12-05 17:25:00,12,2020
1521309278,8199c809-a657-34b4-babf-0f89a52fb794,-1.664,-55.479,2020-12-05 17:25:00,Brasil,PARA,OBIDOS,Amazônia,2020-12-05 17:25:00,12,2020
1521309256,5c368dea-48a2-32cd-9469-a5dd41a3035f,-1.688,-55.584,2020-12-05 17:25:00,Brasil,PARA,OBIDOS,Amazônia,2020-12-05 17:25:00,12,2020
1521309251,26fcf0f1-d910-3672-b326-229cb873f09c,-1.857,-55.674,2020-12-05 17:25:00,Brasil,PARA,OBIDOS,Amazônia,2020-12-05 17:25:00,12,2020
1521309247,8fdace2e-0123-35e0-a7b5-c9380a4f2bae,-1.59,-55.604,2020-12-05 17:25:00,Brasil,PARA,OBIDOS,Amazônia,2020-12-05 17:25:00,12,2020
1521309239,ba7a6ce8-31a1-33b8-829d-d10bb79e6701,1.794,-55.807,2020-12-05 17:25:00,Brasil,PARA,OBIDOS,Amazônia,2020-12-05 17:25:00,12,2020
1521309225,adaeda4a-4433-341d-b0da-8204a26a474f,-1.427,-55.679,2020-12-05 17:25:00,Brasil,PARA,OBIDOS,Amazônia,2020-12-05 17:25:00,12,2020
1521309216,550471a5-f052-3f47-9617-c3c08cc4ab6a,-1.432,-55.718,2020-12-05 17:25:00,Brasil,PARA,OBIDOS,Amazônia,2020-12-05 17:25:00,12,2020
1521309198,588e818c-3c2b-3f49-b039-eb2df0e23a13,-1.477,-55.459,2020-12-05 17:25:00,Brasil,PARA,OBIDOS,Amazônia,2020-12-05 17:25:00,12,2020
1521309194,9263b978-0d0f-3d5b-a704-89897c9e69ac,-1.418,-55.483,2020-12-05 17:25:00,Brasil,PARA,OBIDOS,Amazônia,2020-12-05 17:25:00,12,2020
1521309137,b6d876fe-02f5-3c86-a9f7-475a03ea013d,-1.518,-55.413,2020-12-05 17:25:00,Brasil,PARA,OBIDOS,Amazônia,2020-12-05 17:25:00,12,2020
1521309105,70114755-c934-39e5-9704-dabc5140fccc,1.793,-55.817,2020-12-05 17:25:00,Brasil,PARA,OBIDOS,Amazônia,2020-12-05 17:25:00,12,2020
1521309103,11cf6e5f-5584-3236-8485-10015d8c539b,-1.791,-55.289,2020-12-05 17:25:00,Brasil,PARA,OBIDOS,Amazônia,2020-12-05 17:25:00,12,2020
1521309101,e96c4631-aa12-3fee-9a4f-c93bb8307dec,-1.268,-55.793,2020-12-05 17:25:00,Brasil,PARA,OBIDOS,Amazônia,2020-12-05 17:25:00,12,2020
1521309095,8ab72a0a-dfd6-3420-90af-24fbadb21fbf,-1.244,-55.883,2020-12-05 17:25:00,Brasil,PARA,OBIDOS,Amazônia,2020-12-05 17:25:00,12,2020
1521309093,372b11d8-e9fb-3f05-8934-d0cbfb08c587,-1.4,-55.625,2020-12-05 17:25:00,Brasil,PARA,OBIDOS,Amazônia,2020-12-05 17:25:00,12,2020
1521309066,6bc1b71d-2122-3b8a-b1d9-7685390a1c6a,-1.475,-55.449,2020-12-05 17:25:00,Brasil,PARA,OBIDOS,Amazônia,2020-12-05 17:25:00,12,2020
1521309317,724551df-61c6-3b82-9c82-366e17771248,-1.742,-55.626,2020-12-05 17:25:00,Brasil,PARA,OBIDOS,Amazônia,2020-12-05 17:25:00,12,2020
1521309310,f4ca31dd-e0f5-375b-aa0b-1a224de2a00e,-1.231,-55.798,2020-12-05 17:25:00,Brasil,PARA,OBIDOS,Amazônia,2020-12-05 17:25:00,12,2020
1521309304,4846acb9-3ab2-3450-bdd5-abbc2d932411,-1.695,-55.564,2020-12-05 17:25:00,Brasil,PARA,OBIDOS,Amazônia,2020-12-05 17:25:00,12,2020
1521309060,e0a2ef9f-c1f5-34d0-a3b9-35e574bf2d12,-1.537,-55.48,2020-12-05 17:25:00,Brasil,PARA,OBIDOS,Amazônia,2020-12-05 17:25:00,12,2020
1521309059,12385f07-86e8-3ff2-9cba-4cbe7e9dfe78,-1.786,-55.285,2020-12-05 17:25:00,Brasil,PARA,OBIDOS,Amazônia,2020-12-05 17:25:00,12,2020
1521309054,65269908-0110-3ddb-960c-854f202bdc3b,-1.687,-55.575,2020-12-05 17:25:00,Brasil,PARA,OBIDOS,Amazônia,2020-12-05 17:25:00,12,2020
1521309053,75dedcaf-9ac6-311a-bab6-2c80fc95ffdf,-1.609,-55.533,2020-12-05 17:25:00,Brasil,PARA,OBIDOS,Amazônia,2020-12-05 17:25:00,12,2020
1521309012,9b181b68-5d89-3b10-bac5-0c0f29c4d249,-1.593,-55.426,2020-12-05 17:25:00,Brasil,PARA,OBIDOS,Amazônia,2020-12-05 17:25:00,12,2020
1521309011,d1b57c2e-2ccb-36ac-be89-fdb386c9d986,-1.589,-55.595,2020-12-05 17:25:00,Brasil,PARA,OBIDOS,Amazônia,2020-12-05 17:25:00,12,2020
1521308995,f4cddb87-5186-30ae-9aeb-5b0172880ee8,-1.419,-55.493,2020-12-05 17:25:00,Brasil,PARA,OBIDOS,Amazônia,2020-12-05 17:25:00,12,2020
1521308993,71ae6356-b198-30d8-9687-cef6a2489128,-1.276,-55.782,2020-12-05 17:25:00,Brasil,PARA,OBIDOS,Amazônia,2020-12-05 17:25:00,12,2020
1521308990,d86646a7-68e9-3de7-b09d-39ac4b85eeb8,-1.849,-55.617,2020-12-05 17:25:00,Brasil,PARA,OBIDOS,Amazônia,2020-12-05 17:25:00,12,2020
1521308951,5e3cd7af-b581-3655-be29-4a4e85e69edf,-1.656,-55.49,2020-12-05 17:25:00,Brasil,PARA,OBIDOS,Amazônia,2020-12-05 17:25:00,12,2020
1521060130,1823ed9a-3f1a-3955-a803-f7e498998aed,-1.905,-55.189,2020-12-02 16:50:00,Brasil,PARA,OBIDOS,Amazônia,2020-12-02 16:50:00,12,2020
1521262958,a56027b3-6233-3bb2-a23d-34f793600e24,-1.635,-55.631,2020-12-04 16:40:00,Brasil,PARA,OBIDOS,Amazônia,2020-12-04 16:40:00,12,2020
1521262956,3d3e846b-7e15-372a-9ce5-e06855784632,-1.452,-55.505,2020-12-04 16:40:00,Brasil,PARA,OBIDOS,Amazônia,2020-12-04 16:40:00,12,2020
1521262955,292aa337-b269-384d-98c5-6b0184766cfa,-1.459,-55.511,2020-12-04 16:40:00,Brasil,PARA,OBIDOS,Amazônia,2020-12-04 16:40:00,12,2020
1521262781,94e135ad-a604-326c-b9b8-27a3d64ae889,-1.627,-55.64,2020-12-04 16:40:00,Brasil,PARA,OBIDOS,Amazônia,2020-12-04 16:40:00,12,2020
1521262662,af706b49-5d31-347a-b585-5b97a4a70a40,-1.857,-55.63,2020-12-04 16:40:00,Brasil,PARA,OBIDOS,Amazônia,2020-12-04 16:40:00,12,2020
1521262545,2fc4dfb6-518a-3759-acb8-c71e20dbc834,-1.233,-55.89,2020-12-04 16:40:00,Brasil,PARA,OBIDOS,Amazônia,2020-12-04 16:40:00,12,2020
1521262520,5e112338-bbf9-32bc-8938-2a8e9734defe,-1.534,-55.397,2020-12-04 16:40:00,Brasil,PARA,OBIDOS,Amazônia,2020-12-04 16:40:00,12,2020
1521262433,21797431-a769-3edd-9bf9-6bcebb665bd4,-1.568,-55.52,2020-12-04 16:40:00,Brasil,PARA,OBIDOS,Amazônia,2020-12-04 16:40:00,12,2020
1521262195,695fdf77-c951-373e-acdd-25c7b960bf0d,-1.756,-55.381,2020-12-04 16:40:00,Brasil,PARA,OBIDOS,Amazônia,2020-12-04 16:40:00,12,2020
1521059507,27331215-c18d-311c-9b71-f8910de91f63,-1.899,-55.177,2020-12-02 16:50:00,Brasil,PARA,OBIDOS,Amazônia,2020-12-02 16:50:00,12,2020
1521059854,fdf52483-1f52-3cfc-872c-779b75963b02,-1.848,-55.345,2020-12-02 16:50:00,Brasil,PARA,OBIDOS,Amazônia,2020-12-02 16:50:00,12,2020
1521059732,ae08fc7e-efc8-3df7-ad17-027a47cc2238,-1.845,-55.353,2020-12-02 16:50:00,Brasil,PARA,OBIDOS,Amazônia,2020-12-02 16:50:00,12,2020
1521060084,7e23941b-544c-3c43-98b4-991fc327072a,-1.964,-55.252,2020-12-02 16:50:00,Brasil,PARA,OBIDOS,Amazônia,2020-12-02 16:50:00,12,2020
1521469453,b9e1f386-0158-3918-93df-fd6d3358f9e0,-1.644,-55.544,2020-12-07 17:10:00,Brasil,PARA,OBIDOS,Amazônia,2020-12-07 17:10:00,12,2020
1521469407,d77f85c7-dce1-3133-9353-1cd0a845a3f2,-1.586,-55.269,2020-12-07 17:10:00,Brasil,PARA,OBIDOS,Amazônia,2020-12-07 17:10:00,12,2020
1521469383,129a18b7-fa57-32aa-b1f4-2976f852cfaf,-1.601,-55.37,2020-12-07 17:10:00,Brasil,PARA,OBIDOS,Amazônia,2020-12-07 17:10:00,12,2020
1521468942,84c6585d-7141-3a0d-b187-f2121c16ca1e,-1.337,-55.454,2020-12-07 17:10:00,Brasil,PARA,OBIDOS,Amazônia,2020-12-07 17:10:00,12,2020
1521468862,7a7ad054-5351-3586-b1ef-c32eb49d5781,-1.809,-55.281,2020-12-07 17:10:00,Brasil,PARA,OBIDOS,Amazônia,2020-12-07 17:10:00,12,2020
1521468145,140a7bbf-a289-3568-9779-24d46cc9940b,-1.49,-55.56,2020-12-07 17:10:00,Brasil,PARA,OBIDOS,Amazônia,2020-12-07 17:10:00,12,2020
1521469303,b2dbe1ab-5a85-30cd-9406-b554acce9efd,-1.535,-55.423,2020-12-07 17:10:00,Brasil,PARA,OBIDOS,Amazônia,2020-12-07 17:10:00,12,2020
1521469211,3e1b03ab-356f-3371-bb51-f93eb1ee1464,-1.474,-55.448,2020-12-07 17:10:00,Brasil,PARA,OBIDOS,Amazônia,2020-12-07 17:10:00,12,2020
1521468547,e2e349cb-7c5e-3bcb-945e-c2539959170a,-1.42,-55.456,2020-12-07 17:10:00,Brasil,PARA,OBIDOS,Amazônia,2020-12-07 17:10:00,12,2020
1521468461,8a290b5b-21b0-3fb4-94eb-d3d60ca8b159,-1.577,-55.336,2020-12-07 17:10:00,Brasil,PARA,OBIDOS,Amazônia,2020-12-07 17:10:00,12,2020
1521468301,cbf07056-c0ad-340d-ba24-b78ce6d1e737,-1.472,-55.429,2020-12-07 17:10:00,Brasil,PARA,OBIDOS,Amazônia,2020-12-07 17:10:00,12,2020
1521468300,6cad5258-8407-32fd-82a1-7c8d4339409d,-1.421,-55.465,2020-12-07 17:10:00,Brasil,PARA,OBIDOS,Amazônia,2020-12-07 17:10:00,12,2020
1521948603,dc6b562f-6c2e-3a9d-a682-a890a1634ea9,-1.792,-55.359,2020-12-12 17:30:00,Brasil,PARA,OBIDOS,Amazônia,2020-12-12 17:30:00,12,2020
1521948598,1a6b3b96-849e-39df-80ea-28e7fa508f01,-1.8,-55.345,2020-12-12 17:30:00,Brasil,PARA,OBIDOS,Amazônia,2020-12-12 17:30:00,12,2020
1521948597,2b9e601f-84b1-3df2-bb1d-540a3fda3f3d,-1.234,-55.803,2020-12-12 17:30:00,Brasil,PARA,OBIDOS,Amazônia,2020-12-12 17:30:00,12,2020
1521948596,f65e9dd8-ac7b-36ce-86f4-30041a4a5a79,-1.445,-55.434,2020-12-12 17:30:00,Brasil,PARA,OBIDOS,Amazônia,2020-12-12 17:30:00,12,2020
1521948593,cbf044dd-463f-3aa3-906e-697396e23d0d,-1.79,-55.347,2020-12-12 17:30:00,Brasil,PARA,OBIDOS,Amazônia,2020-12-12 17:30:00,12,2020
1521948591,920ba1cd-6584-35c8-a7f2-5a54b47fb39a,-1.493,-55.553,2020-12-12 17:30:00,Brasil,PARA,OBIDOS,Amazônia,2020-12-12 17:30:00,12,2020
1521948580,ade39cbd-7572-3c21-9ca1-3b5c43590a9c,-1.512,-55.609,2020-12-12 17:30:00,Brasil,PARA,OBIDOS,Amazônia,2020-12-12 17:30:00,12,2020
1521875980,e4e3ae0a-ab67-3e88-b281-5a175eb04991,-1.852,-55.387,2020-12-11 16:45:00,Brasil,PARA,OBIDOS,Amazônia,2020-12-11 16:45:00,12,2020
1521875645,776d791d-b6eb-392c-8cc9-cb609161e2c9,-1.842,-55.384,2020-12-11 16:45:00,Brasil,PARA,OBIDOS,Amazônia,2020-12-11 16:45:00,12,2020
1521875643,df234999-dc48-3c7b-894e-d716d8b2234d,-1.847,-55.215,2020-12-11 16:45:00,Brasil,PARA,OBIDOS,Amazônia,2020-12-11 16:45:00,12,2020
1521875639,e84be28e-a292-3828-a3f1-1632daf5719e,-1.85,-55.238,2020-12-11 16:45:00,Brasil,PARA,OBIDOS,Amazônia,2020-12-11 16:45:00,12,2020
1521875385,15bcba3a-e802-35d3-900b-8e6370a897cd,-1.845,-55.244,2020-12-11 16:45:00,Brasil,PARA,OBIDOS,Amazônia,2020-12-11 16:45:00,12,2020
1521875332,a0b631f8-64bc-3b3c-a7d2-df6138c81e21,-1.224,-55.87,2020-12-11 16:45:00,Brasil,PARA,OBIDOS,Amazônia,2020-12-11 16:45:00,12,2020
1522127122,1952a0d4-cd6b-30e7-843c-96b50694f5f4,-1.504,-55.408,2020-12-14 17:15:00,Brasil,PARA,OBIDOS,Amazônia,2020-12-14 17:15:00,12,2020
1522127261,7ff67006-c499-390b-921f-0f7b76241948,2.217,-55.898,2020-12-14 17:20:00,Brasil,PARA,OBIDOS,Amazônia,2020-12-14 17:20:00,12,2020
1522127233,9365b144-ccf0-3d80-978e-bfe70a161429,-1.584,-55.261,2020-12-14 17:15:00,Brasil,PARA,OBIDOS,Amazônia,2020-12-14 17:15:00,12,2020
1522127209,241fabaa-cca8-307d-a4c9-394ba423d68f,-1.764,-55.297,2020-12-14 17:15:00,Brasil,PARA,OBIDOS,Amazônia,2020-12-14 17:15:00,12,2020
1522127196,4e474ef4-621f-3bb3-b63b-6b9d0bfb19e8,-1.155,-55.861,2020-12-14 17:15:00,Brasil,PARA,OBIDOS,Amazônia,2020-12-14 17:15:00,12,2020
1522127185,0ba13e78-a338-38e4-b8b5-a9b025a44453,-1.505,-55.353,2020-12-14 17:15:00,Brasil,PARA,OBIDOS,Amazônia,2020-12-14 17:15:00,12,2020
1522820404,26b7030c-b951-32c3-a546-bbc5ece131a2,-1.871,-55.216,2020-12-21 17:25:00,Brasil,PARA,OBIDOS,Amazônia,2020-12-21 17:25:00,12,2020
1522627643,185137c8-2e93-370b-9fed-9dcfe2a69c2b,2.155,-55.756,2020-12-19 17:35:00,Brasil,PARA,OBIDOS,Amazônia,2020-12-19 17:35:00,12,2020
1522996423,6da7e500-e289-35e8-b27c-f64f56ea8b90,-1.699,-55.457,2020-12-23 17:10:00,Brasil,PARA,OBIDOS,Amazônia,2020-12-23 17:10:00,12,2020
1522996339,445e2fb2-78d2-3749-baca-2ae21a223b8d,-1.701,-55.467,2020-12-23 17:10:00,Brasil,PARA,OBIDOS,Amazônia,2020-12-23 17:10:00,12,2020
1522996327,e286aff3-96f7-3637-8172-9e610ec7daa9,-1.264,-55.748,2020-12-23 17:10:00,Brasil,PARA,OBIDOS,Amazônia,2020-12-23 17:10:00,12,2020
1522996312,28730741-584f-3fee-9758-b8e4f34c55a2,-1.692,-55.521,2020-12-23 17:10:00,Brasil,PARA,OBIDOS,Amazônia,2020-12-23 17:10:00,12,2020
1517964378,e5cd61bd-688c-39c9-9ee1-559a6002e52c,-1.28,-55.778,2020-11-03 17:25:00,Brasil,PARA,OBIDOS,Amazônia,2020-11-03 17:25:00,11,2020
1517964137,69f3ca99-46af-3bf4-bb18-1370aea33db5,1.477,-55.73,2020-11-03 17:25:00,Brasil,PARA,OBIDOS,Amazônia,2020-11-03 17:25:00,11,2020
1517775378,1565d392-19c0-38dc-b031-6a08b64252a2,-1.249,-55.689,2020-11-02 16:40:00,Brasil,PARA,OBIDOS,Amazônia,2020-11-02 16:40:00,11,2020
1517964134,79b7f6d9-15db-3504-aace-bddf2e6d4971,2.234,-55.856,2020-11-03 17:25:00,Brasil,PARA,OBIDOS,Amazônia,2020-11-03 17:25:00,11,2020
1517964132,d34e83c8-1bd4-3c4a-8880-782b0d5b1f80,1.487,-55.732,2020-11-03 17:25:00,Brasil,PARA,OBIDOS,Amazônia,2020-11-03 17:25:00,11,2020
1517964382,553f1183-3832-3ea5-9576-60137e19956a,-1.297,-55.698,2020-11-03 17:25:00,Brasil,PARA,OBIDOS,Amazônia,2020-11-03 17:25:00,11,2020
1511114347,775b1c33-39b3-33a5-a015-a709b6a9d25f,-1.23,-55.805,2020-09-09 17:15:00,Brasil,PARA,OBIDOS,Amazônia,2020-09-09 17:15:00,9,2020
1511113534,2c27d554-d42a-38bc-8afa-92e7f9541a1b,-1.618,-55.437,2020-09-09 17:15:00,Brasil,PARA,OBIDOS,Amazônia,2020-09-09 17:15:00,9,2020
1511112768,7bd065aa-4b4a-34f9-bed7-1f5a001c4adf,-1.562,-55.551,2020-09-09 17:15:00,Brasil,PARA,OBIDOS,Amazônia,2020-09-09 17:15:00,9,2020
1511113788,65313448-2463-3710-9017-86f0cc6e2f79,-1.487,-55.352,2020-09-09 17:15:00,Brasil,PARA,OBIDOS,Amazônia,2020-09-09 17:15:00,9,2020
1511111701,e3031688-a966-3275-9195-837a173d39d7,-1.228,-55.796,2020-09-09 17:15:00,Brasil,PARA,OBIDOS,Amazônia,2020-09-09 17:15:00,9,2020
1511114873,f76c8da2-b3db-35cd-bb49-f8b8508cf047,-1.694,-55.447,2020-09-09 17:15:00,Brasil,PARA,OBIDOS,Amazônia,2020-09-09 17:15:00,9,2020
1521469382,9efb7f9f-2d37-3e4b-959b-45ff2fa41cfb,-1.635,-55.546,2020-12-07 17:10:00,Brasil,PARA,OBIDOS,Amazônia,2020-12-07 17:10:00,12,2020
1521468943,e3b2c694-816e-301f-9b59-ddde69ea2a11,-1.336,-55.445,2020-12-07 17:10:00,Brasil,PARA,OBIDOS,Amazônia,2020-12-07 17:10:00,12,2020
1521875658,5ed43b1d-bc1a-3112-b302-c3be545fdb07,-1.842,-55.221,2020-12-11 16:45:00,Brasil,PARA,OBIDOS,Amazônia,2020-12-11 16:45:00,12,2020
1522820366,5c64f473-5320-3c87-8c70-641a93daee93,2.122,-55.822,2020-12-21 17:25:00,Brasil,PARA,OBIDOS,Amazônia,2020-12-21 17:25:00,12,2020
1516789335,45d79261-aa0b-3a39-83ea-8dd3c8c84159,-1.776,-55.176,2020-10-20 17:10:00,Brasil,PARA,OBIDOS,Amazônia,2020-10-20 17:10:00,10,2020
1517964387,b93b6816-40f3-3ad6-a3eb-f2c82479fb3e,-1.279,-55.768,2020-11-03 17:25:00,Brasil,PARA,OBIDOS,Amazônia,2020-11-03 17:25:00,11,2020
1517964384,7bd591d8-936d-3d95-8ace-8a8bcf7618a7,-1.804,-55.45,2020-11-03 17:25:00,Brasil,PARA,OBIDOS,Amazônia,2020-11-03 17:25:00,11,2020
1422457828,b75bd29d-104a-373f-8376-05ccaf1d7592,-1.804,-55.298,2020-06-09 16:50:00,Brasil,PARA,OBIDOS,Amazônia,2020-06-09 16:50:00,6,2020
1412661793,5b0d072c-075c-3f86-9556-1f6a63b64ca7,-1.696,-55.36,2020-01-10 16:45:00,Brasil,PARA,OBIDOS,Amazônia,2020-01-10 16:45:00,1,2020
1412661792,79d8642e-2e53-3806-8654-80a0df6cec0a,-1.7,-55.355,2020-01-10 16:45:00,Brasil,PARA,OBIDOS,Amazônia,2020-01-10 16:45:00,1,2020
1422833669,37cb7ad3-d167-31be-bb87-5e9f5d145924,-1.898,-55.25,2020-06-16 17:00:00,Brasil,PARA,OBIDOS,Amazônia,2020-06-16 17:00:00,6,2020
1422833668,c70374e4-4d83-37e7-b101-8c39851694d9,-1.83,-55.184,2020-06-16 17:00:00,Brasil,PARA,OBIDOS,Amazônia,2020-06-16 17:00:00,6,2020
1422833667,f9d99943-2d9f-3ded-82d2-9f4fa5e67a8c,-1.766,-55.378,2020-06-16 17:00:00,Brasil,PARA,OBIDOS,Amazônia,2020-06-16 17:00:00,6,2020
1500144258,09e92ccb-9358-38ca-a1d7-0df999efbe2c,-1.81,-55.22,2020-06-21 17:15:00,Brasil,PARA,OBIDOS,Amazônia,2020-06-21 17:15:00,6,2020
1500144480,9bc93ebf-1f7d-36ca-917d-021dd9244530,-1.839,-55.616,2020-06-21 17:15:00,Brasil,PARA,OBIDOS,Amazônia,2020-06-21 17:15:00,6,2020
1500144479,d92b478a-d97a-37b7-8a21-8536a1ea1556,-1.841,-55.625,2020-06-21 17:15:00,Brasil,PARA,OBIDOS,Amazônia,2020-06-21 17:15:00,6,2020
1502081090,47b6a5af-e7ff-30fe-9363-51430e98713a,-1.901,-55.277,2020-06-23 17:05:00,Brasil,PARA,OBIDOS,Amazônia,2020-06-23 17:05:00,6,2020
1502380198,1eeaced8-0244-32f0-8ee3-793d0eb421ba,-1.801,-55.377,2020-06-27 16:40:00,Brasil,PARA,OBIDOS,Amazônia,2020-06-27 16:40:00,6,2020
1502784980,363732e5-0eb4-38f2-ab62-fc5215b81e20,-1.856,-55.378,2020-07-02 17:00:00,Brasil,PARA,OBIDOS,Amazônia,2020-07-02 17:00:00,7,2020
1502784975,3ab725a7-c603-333b-8b4a-ed64224bf4b6,-1.609,-55.572,2020-07-02 17:00:00,Brasil,PARA,OBIDOS,Amazônia,2020-07-02 17:00:00,7,2020
1502866055,d8a0e73b-2e13-39c6-a766-f71261c1140e,-1.758,-55.386,2020-07-03 17:40:00,Brasil,PARA,OBIDOS,Amazônia,2020-07-03 17:40:00,7,2020
1502866029,1315413d-147b-351e-969a-2ff775756de5,-1.757,-55.373,2020-07-03 17:40:00,Brasil,PARA,OBIDOS,Amazônia,2020-07-03 17:40:00,7,2020
1502865983,68ceb92c-de6b-3368-b90b-bc9c4c9a997f,-1.755,-55.366,2020-07-03 17:40:00,Brasil,PARA,OBIDOS,Amazônia,2020-07-03 17:40:00,7,2020
1502955769,8336737d-78c8-3c88-8ec7-e0b2bad533e6,-1.562,-55.54,2020-07-04 16:45:00,Brasil,PARA,OBIDOS,Amazônia,2020-07-04 16:45:00,7,2020
1502955935,72a5dd43-da0b-3c13-bbaf-27e53ca50152,-1.852,-55.209,2020-07-04 16:45:00,Brasil,PARA,OBIDOS,Amazônia,2020-07-04 16:45:00,7,2020
1502956263,dd0ad9d4-7a17-3e6a-a586-125e37fa97f4,-1.912,-55.196,2020-07-04 16:45:00,Brasil,PARA,OBIDOS,Amazônia,2020-07-04 16:45:00,7,2020
1502956217,d1c1db14-13c8-380d-8118-29c082c94f8a,-1.907,-55.201,2020-07-04 16:45:00,Brasil,PARA,OBIDOS,Amazônia,2020-07-04 16:45:00,7,2020
1503201515,eb9e2373-d803-3c36-8869-a3ff362a42d5,-1.6,-55.429,2020-07-07 17:15:00,Brasil,PARA,OBIDOS,Amazônia,2020-07-07 17:15:00,7,2020
1503201249,b81d69e6-c9e8-3fb8-b632-a62aa1e1be66,-1.735,-55.47,2020-07-07 17:15:00,Brasil,PARA,OBIDOS,Amazônia,2020-07-07 17:15:00,7,2020
1503201248,893be4c5-08c6-3577-8faf-77472d5ac7f5,-1.719,-55.171,2020-07-07 17:15:00,Brasil,PARA,OBIDOS,Amazônia,2020-07-07 17:15:00,7,2020
1503201303,ef90c371-0478-3078-91ca-dd323c40199e,-1.781,-55.472,2020-07-07 17:15:00,Brasil,PARA,OBIDOS,Amazônia,2020-07-07 17:15:00,7,2020
1503201302,a02e46b3-9c49-3f0d-af53-34d2ee8f0b8c,-1.754,-55.348,2020-07-07 17:15:00,Brasil,PARA,OBIDOS,Amazônia,2020-07-07 17:15:00,7,2020
1503201301,946e86bf-eae2-381f-9ff7-7690a05da04f,-1.747,-55.368,2020-07-07 17:15:00,Brasil,PARA,OBIDOS,Amazônia,2020-07-07 17:15:00,7,2020
1503201297,2dbd8b57-6470-3660-8bd9-7782e603304f,-1.745,-55.35,2020-07-07 17:15:00,Brasil,PARA,OBIDOS,Amazônia,2020-07-07 17:15:00,7,2020
1503454266,8ebe5f3f-b5af-307e-8a7a-899ca5e8314d,-1.823,-55.207,2020-07-11 16:50:00,Brasil,PARA,OBIDOS,Amazônia,2020-07-11 16:50:00,7,2020
1503454335,faf23389-ea7c-3487-a76a-a7bf2df5ef4b,-1.818,-55.287,2020-07-11 16:50:00,Brasil,PARA,OBIDOS,Amazônia,2020-07-11 16:50:00,7,2020
1503454372,8c1fd8fe-66f8-36f1-9097-9751a070585b,-1.832,-55.213,2020-07-11 16:50:00,Brasil,PARA,OBIDOS,Amazônia,2020-07-11 16:50:00,7,2020
1503454399,18451ca3-e97e-3dd4-be67-aa929d5d9673,-1.86,-55.202,2020-07-11 16:50:00,Brasil,PARA,OBIDOS,Amazônia,2020-07-11 16:50:00,7,2020
1503454388,55e760db-412e-3723-9607-56cc50822ad8,-1.858,-55.185,2020-07-11 16:50:00,Brasil,PARA,OBIDOS,Amazônia,2020-07-11 16:50:00,7,2020
1503597762,512984b3-92f6-31fb-8eeb-2416012a78d4,-1.855,-55.336,2020-07-13 16:40:00,Brasil,PARA,OBIDOS,Amazônia,2020-07-13 16:40:00,7,2020
1503597747,654be217-cfed-3023-9854-f131371923a1,-1.845,-55.345,2020-07-13 16:40:00,Brasil,PARA,OBIDOS,Amazônia,2020-07-13 16:40:00,7,2020
1503597732,ab773829-90dc-3557-a1f5-b8955604cd06,-1.838,-55.212,2020-07-13 16:40:00,Brasil,PARA,OBIDOS,Amazônia,2020-07-13 16:40:00,7,2020
1503681702,edce32ea-1282-3b52-a449-3ccc7c985642,-1.595,-55.579,2020-07-14 17:25:00,Brasil,PARA,OBIDOS,Amazônia,2020-07-14 17:25:00,7,2020
1503681095,4bdbb131-7f5f-39a4-a8b4-1408deaff5fc,-1.809,-55.341,2020-07-14 17:25:00,Brasil,PARA,OBIDOS,Amazônia,2020-07-14 17:25:00,7,2020
1503904775,bd306b98-fb37-386e-b7f0-498fb032f6d0,-1.264,-55.813,2020-07-16 17:10:00,Brasil,PARA,OBIDOS,Amazônia,2020-07-16 17:10:00,7,2020
1503904783,1e992f61-fdc2-3763-937e-7f8b15543111,-1.767,-55.665,2020-07-16 17:10:00,Brasil,PARA,OBIDOS,Amazônia,2020-07-16 17:10:00,7,2020
1504104507,5c784a9e-df8d-31b9-af4f-992dff237ab6,-1.828,-55.434,2020-07-18 17:00:00,Brasil,PARA,OBIDOS,Amazônia,2020-07-18 17:00:00,7,2020
1504104502,b1eaec73-16e4-3c00-a9a0-06362408a33f,-1.535,-55.313,2020-07-18 17:00:00,Brasil,PARA,OBIDOS,Amazônia,2020-07-18 17:00:00,7,2020
1504194371,751cbe4b-764f-303a-b65d-01c6d676f5ed,-1.681,-55.469,2020-07-19 17:40:00,Brasil,PARA,OBIDOS,Amazônia,2020-07-19 17:40:00,7,2020
1504406884,cc7c7cff-876a-3ae6-b956-12a15ddc0953,-1.842,-55.594,2020-07-21 17:30:00,Brasil,PARA,OBIDOS,Amazônia,2020-07-21 17:30:00,7,2020
1504406883,a0ab667c-3591-3771-a7be-3ad5a351739a,-1.832,-55.18,2020-07-21 17:30:00,Brasil,PARA,OBIDOS,Amazônia,2020-07-21 17:30:00,7,2020
1504406882,d499b505-112a-3d51-bb2f-32af93828269,-1.744,-55.329,2020-07-21 17:30:00,Brasil,PARA,OBIDOS,Amazônia,2020-07-21 17:30:00,7,2020
1504696447,67d1ed49-b899-3f98-8633-8603094028e6,-1.824,-55.282,2020-07-23 17:15:00,Brasil,PARA,OBIDOS,Amazônia,2020-07-23 17:15:00,7,2020
1504696446,0b0e4953-b0e6-3103-99ec-4ef8b9d6638d,-1.823,-55.273,2020-07-23 17:15:00,Brasil,PARA,OBIDOS,Amazônia,2020-07-23 17:15:00,7,2020
1504696445,40055378-61f2-3ed0-b641-c224a523fa39,-1.776,-55.341,2020-07-23 17:15:00,Brasil,PARA,OBIDOS,Amazônia,2020-07-23 17:15:00,7,2020
1504696444,6bbf30d4-c9a1-3851-ad63-a968237b0dca,-1.76,-55.353,2020-07-23 17:15:00,Brasil,PARA,OBIDOS,Amazônia,2020-07-23 17:15:00,7,2020
1504696443,885c152c-c114-3998-afce-cd624d0bb4fa,-1.778,-55.35,2020-07-23 17:15:00,Brasil,PARA,OBIDOS,Amazônia,2020-07-23 17:15:00,7,2020
1504696442,a6355a19-8e05-3ae0-ab92-622aeb0ba336,-1.685,-55.597,2020-07-23 17:15:00,Brasil,PARA,OBIDOS,Amazônia,2020-07-23 17:15:00,7,2020
1504696440,cf4463ab-6f27-3418-afc4-376d22d750f6,-1.667,-55.542,2020-07-23 17:15:00,Brasil,PARA,OBIDOS,Amazônia,2020-07-23 17:15:00,7,2020
1504696438,c57e89df-7e47-3db4-8cf6-a32d2bfca016,-1.625,-55.567,2020-07-23 17:15:00,Brasil,PARA,OBIDOS,Amazônia,2020-07-23 17:15:00,7,2020
1504918887,2fe6697a-7525-3e35-aaf2-96657c535629,-1.811,-55.356,2020-07-25 17:05:00,Brasil,PARA,OBIDOS,Amazônia,2020-07-25 17:05:00,7,2020
1504918885,513e8d86-2be4-347c-a8a9-b5b219c1bee5,-1.808,-55.317,2020-07-25 17:05:00,Brasil,PARA,OBIDOS,Amazônia,2020-07-25 17:05:00,7,2020
1504918884,bfad37ab-6864-3eea-8aad-a9f87fc9239b,-1.807,-55.323,2020-07-25 17:05:00,Brasil,PARA,OBIDOS,Amazônia,2020-07-25 17:05:00,7,2020
1504918882,8b00dc2a-9d87-3122-8680-fe2b02892a94,-1.806,-55.306,2020-07-25 17:05:00,Brasil,PARA,OBIDOS,Amazônia,2020-07-25 17:05:00,7,2020
1504918880,648bf3db-6c5d-3712-a145-95264118dda7,-1.805,-55.312,2020-07-25 17:05:00,Brasil,PARA,OBIDOS,Amazônia,2020-07-25 17:05:00,7,2020
1504918879,c84a5ca4-4f60-3109-8acc-a58d6c3982cc,-1.805,-55.295,2020-07-25 17:05:00,Brasil,PARA,OBIDOS,Amazônia,2020-07-25 17:05:00,7,2020
1504918878,9fe935e7-6591-3d75-a8d1-2cf4ad2a9694,-1.803,-55.302,2020-07-25 17:05:00,Brasil,PARA,OBIDOS,Amazônia,2020-07-25 17:05:00,7,2020
1504918876,00688190-4bcb-3159-9af0-b9a43c503107,-1.802,-55.291,2020-07-25 17:05:00,Brasil,PARA,OBIDOS,Amazônia,2020-07-25 17:05:00,7,2020
1504918875,0dacfb23-0ae5-39ad-8dd2-9297adb306b2,-1.79,-55.415,2020-07-25 17:05:00,Brasil,PARA,OBIDOS,Amazônia,2020-07-25 17:05:00,7,2020
1504918872,9ec89ea2-e109-3129-b181-a7783591faa5,-1.764,-55.668,2020-07-25 17:05:00,Brasil,PARA,OBIDOS,Amazônia,2020-07-25 17:05:00,7,2020
1504918871,a9e33481-d333-3236-9365-37716d5ad0d1,-1.764,-55.662,2020-07-25 17:05:00,Brasil,PARA,OBIDOS,Amazônia,2020-07-25 17:05:00,7,2020
1504918870,b5be9a35-7b40-3b84-9d91-3963503e12e7,-1.763,-55.656,2020-07-25 17:05:00,Brasil,PARA,OBIDOS,Amazônia,2020-07-25 17:05:00,7,2020
1504918868,16da83ed-e3ac-3be0-a2ac-b652a4975c90,-1.763,-55.65,2020-07-25 17:05:00,Brasil,PARA,OBIDOS,Amazônia,2020-07-25 17:05:00,7,2020
1504918864,86a7bbf9-eb56-3ffb-abee-5606d50c8ec7,-1.689,-55.28,2020-07-25 17:05:00,Brasil,PARA,OBIDOS,Amazônia,2020-07-25 17:05:00,7,2020
1504918861,f7b199fc-6fc0-3316-9327-548e1fa3d1bb,-1.64,-55.583,2020-07-25 17:05:00,Brasil,PARA,OBIDOS,Amazônia,2020-07-25 17:05:00,7,2020
1504918860,ad9decd3-9728-3616-93c0-16724d7623e3,-1.638,-55.572,2020-07-25 17:05:00,Brasil,PARA,OBIDOS,Amazônia,2020-07-25 17:05:00,7,2020
1504918858,a30f0554-006a-36dc-8746-3675dde2efea,-1.63,-55.584,2020-07-25 17:05:00,Brasil,PARA,OBIDOS,Amazônia,2020-07-25 17:05:00,7,2020
1504918857,c06a72ba-fc3c-351a-bf10-9febb0fc19d1,-1.629,-55.573,2020-07-25 17:05:00,Brasil,PARA,OBIDOS,Amazônia,2020-07-25 17:05:00,7,2020
1504918854,97875def-ea23-3ce7-8361-9448f31162e7,-1.593,-55.612,2020-07-25 17:05:00,Brasil,PARA,OBIDOS,Amazônia,2020-07-25 17:05:00,7,2020
1504918853,a2f423a4-7b57-3eb7-94e2-df5f83181984,-1.592,-55.601,2020-07-25 17:05:00,Brasil,PARA,OBIDOS,Amazônia,2020-07-25 17:05:00,7,2020
1505025644,fca3f8dd-bb40-37ac-9eae-74c4991c4587,-1.828,-55.692,2020-07-26 17:45:00,Brasil,PARA,OBIDOS,Amazônia,2020-07-26 17:45:00,7,2020
1505025643,e20f79bc-2880-31e5-8665-6e2198cf1106,-1.821,-55.351,2020-07-26 17:45:00,Brasil,PARA,OBIDOS,Amazônia,2020-07-26 17:45:00,7,2020
1505025642,b3f769ba-1df4-31f0-92e1-d59d81f4dd5c,-1.817,-55.325,2020-07-26 17:45:00,Brasil,PARA,OBIDOS,Amazônia,2020-07-26 17:45:00,7,2020
1505025638,8ded21ed-f413-3227-880b-dc9e69a50146,-1.719,-55.371,2020-07-26 17:45:00,Brasil,PARA,OBIDOS,Amazônia,2020-07-26 17:45:00,7,2020
1505104839,b68da3ab-ace0-35a5-8005-1f319e7d4269,-1.787,-55.411,2020-07-27 16:50:00,Brasil,PARA,OBIDOS,Amazônia,2020-07-27 16:50:00,7,2020
1505104838,c5ac52f5-bbfa-337d-a689-7872deb2680f,-1.785,-55.419,2020-07-27 16:50:00,Brasil,PARA,OBIDOS,Amazônia,2020-07-27 16:50:00,7,2020
1505104842,57534ea2-6b7a-326a-b641-b598099d8373,-1.827,-55.242,2020-07-27 16:50:00,Brasil,PARA,OBIDOS,Amazônia,2020-07-27 16:50:00,7,2020
1505104632,f1ddc20d-569a-3e61-b1df-751e83feab93,-1.252,-55.796,2020-07-27 16:55:00,Brasil,PARA,OBIDOS,Amazônia,2020-07-27 16:55:00,7,2020
1505104628,bbf74e41-0204-34b2-9809-1f9fc164dc75,-1.198,-55.966,2020-07-27 16:55:00,Brasil,PARA,OBIDOS,Amazônia,2020-07-27 16:55:00,7,2020
1505104834,e7b66ad7-6c34-3467-b538-adbaf64aff97,-1.783,-55.401,2020-07-27 16:50:00,Brasil,PARA,OBIDOS,Amazônia,2020-07-27 16:50:00,7,2020
1505193110,921bc428-d2e3-32b1-9e18-d25ea4bfbdfc,-1.498,-55.405,2020-07-28 17:35:00,Brasil,PARA,OBIDOS,Amazônia,2020-07-28 17:35:00,7,2020
1505191658,cb8f652e-bc03-3133-bb63-5c473a4a4b3d,-1.81,-55.192,2020-07-28 17:35:00,Brasil,PARA,OBIDOS,Amazônia,2020-07-28 17:35:00,7,2020
1505191657,67067eee-50b6-3213-96d5-ebb205663fa9,-1.807,-55.177,2020-07-28 17:35:00,Brasil,PARA,OBIDOS,Amazônia,2020-07-28 17:35:00,7,2020
1505191656,7b9d1124-0445-38b3-818d-40dce0de4a6f,-1.622,-55.559,2020-07-28 17:35:00,Brasil,PARA,OBIDOS,Amazônia,2020-07-28 17:35:00,7,2020
1505191654,92836a6b-940d-3ded-9b92-f9e85cef8dce,-1.624,-55.574,2020-07-28 17:35:00,Brasil,PARA,OBIDOS,Amazônia,2020-07-28 17:35:00,7,2020
1505191653,9c8cf6b0-373b-3ea5-9079-ca1bc97a2497,-1.783,-55.391,2020-07-28 17:35:00,Brasil,PARA,OBIDOS,Amazônia,2020-07-28 17:35:00,7,2020
1505191652,ea910155-d890-3cae-a850-3ffaf0a20c15,-1.782,-55.401,2020-07-28 17:35:00,Brasil,PARA,OBIDOS,Amazônia,2020-07-28 17:35:00,7,2020
1505191651,884940a1-912c-3380-a75e-48d17fd0c305,-1.625,-55.564,2020-07-28 17:35:00,Brasil,PARA,OBIDOS,Amazônia,2020-07-28 17:35:00,7,2020
1505191649,5cd62a77-b0b2-3891-8c6b-56cdf0d26a90,-1.5,-55.421,2020-07-28 17:35:00,Brasil,PARA,OBIDOS,Amazônia,2020-07-28 17:35:00,7,2020
1505291805,1b32bd07-6762-3010-91ff-d466c059ee94,-1.763,-55.499,2020-07-29 16:40:00,Brasil,PARA,OBIDOS,Amazônia,2020-07-29 16:40:00,7,2020
1505395376,ccf1ac2d-d1a1-30ec-adcc-75a81b35b7f1,-1.723,-55.658,2020-07-30 17:25:00,Brasil,PARA,OBIDOS,Amazônia,2020-07-30 17:25:00,7,2020
1505664124,71b58ab7-e0e5-3e2b-a50e-4f1c2b8eaeee,-1.883,-55.525,2020-08-01 17:10:00,Brasil,PARA,OBIDOS,Amazônia,2020-08-01 17:10:00,8,2020
1505664123,07bdaefc-1043-3003-bb5c-e91702efc390,-1.823,-55.685,2020-08-01 17:10:00,Brasil,PARA,OBIDOS,Amazônia,2020-08-01 17:10:00,8,2020
1505664122,1fed11f9-ddaa-318c-919e-716f1f6b37a6,-1.805,-55.295,2020-08-01 17:10:00,Brasil,PARA,OBIDOS,Amazônia,2020-08-01 17:10:00,8,2020
1505806101,ff40158c-933a-3b81-9d7d-ab51d29f0d7c,-1.77,-55.361,2020-08-02 17:55:00,Brasil,PARA,OBIDOS,Amazônia,2020-08-02 17:55:00,8,2020
1505929977,eca0deb5-7ab9-3422-aa14-004808f6dcbf,-1.735,-55.37,2020-08-03 17:00:00,Brasil,PARA,OBIDOS,Amazônia,2020-08-03 17:00:00,8,2020
1505929976,d4a9a193-5a11-3b68-9c43-89373aeaa56a,-1.726,-55.386,2020-08-03 17:00:00,Brasil,PARA,OBIDOS,Amazônia,2020-08-03 17:00:00,8,2020
1505929975,65598cab-bb91-342b-a1d9-0f199a03c392,-1.725,-55.391,2020-08-03 17:00:00,Brasil,PARA,OBIDOS,Amazônia,2020-08-03 17:00:00,8,2020
1505929974,58c26d91-8c3a-3846-bd13-019289170db8,-1.733,-55.357,2020-08-03 17:00:00,Brasil,PARA,OBIDOS,Amazônia,2020-08-03 17:00:00,8,2020
1505929973,a5758326-886d-3578-8deb-6831fa013f1c,-1.724,-55.372,2020-08-03 17:00:00,Brasil,PARA,OBIDOS,Amazônia,2020-08-03 17:00:00,8,2020
1505929972,fc614fd6-80bb-3294-8873-409b70da517e,-1.723,-55.377,2020-08-03 17:00:00,Brasil,PARA,OBIDOS,Amazônia,2020-08-03 17:00:00,8,2020
1506069587,aedf3c43-b479-3d4b-849b-f464d077f960,-1.722,-55.367,2020-08-04 17:40:00,Brasil,PARA,OBIDOS,Amazônia,2020-08-04 17:40:00,8,2020
1506069584,913be8cd-7a11-3b83-8221-be2cf178c959,-1.69,-55.419,2020-08-04 17:40:00,Brasil,PARA,OBIDOS,Amazônia,2020-08-04 17:40:00,8,2020
1506069579,aecec54e-bfe8-36c5-a397-bef4c11455c2,-1.689,-55.412,2020-08-04 17:40:00,Brasil,PARA,OBIDOS,Amazônia,2020-08-04 17:40:00,8,2020
1506069578,4e914d8b-39cd-339b-ade2-8eb5ff031a2f,-1.649,-55.586,2020-08-04 17:40:00,Brasil,PARA,OBIDOS,Amazônia,2020-08-04 17:40:00,8,2020
1506069575,a2c63de4-4fe5-390d-9238-2adac4d44651,-1.597,-55.579,2020-08-04 17:40:00,Brasil,PARA,OBIDOS,Amazônia,2020-08-04 17:40:00,8,2020
1506369001,ccd4c31f-ae1b-329d-8dac-aafa47993dce,-1.806,-55.174,2020-08-06 17:30:00,Brasil,PARA,OBIDOS,Amazônia,2020-08-06 17:30:00,8,2020
1506367960,a6dce6da-416e-30b9-83d9-bb16a4122865,-1.758,-55.394,2020-08-06 17:30:00,Brasil,PARA,OBIDOS,Amazônia,2020-08-06 17:30:00,8,2020
1506367345,857f933c-33ca-3994-9b02-aeb4c395443a,-1.756,-55.526,2020-08-06 17:30:00,Brasil,PARA,OBIDOS,Amazônia,2020-08-06 17:30:00,8,2020
1506365585,5b7f5249-4292-3a68-bf9b-8a26483badab,-1.647,-55.631,2020-08-06 17:30:00,Brasil,PARA,OBIDOS,Amazônia,2020-08-06 17:30:00,8,2020
1506365842,14a7a001-619c-3165-a20e-fc9a156d8de5,-1.808,-55.186,2020-08-06 17:30:00,Brasil,PARA,OBIDOS,Amazônia,2020-08-06 17:30:00,8,2020
1506710930,3527c3f1-13b1-3f55-a878-9a1246b9612b,-1.766,-55.291,2020-08-08 17:15:00,Brasil,PARA,OBIDOS,Amazônia,2020-08-08 17:15:00,8,2020
1506710720,a3185d38-cb55-3f86-9720-51583c6a70f1,-1.49,-55.359,2020-08-08 17:15:00,Brasil,PARA,OBIDOS,Amazônia,2020-08-08 17:15:00,8,2020
1506710660,af5c44f4-4f3c-336e-8521-370a15f31ea7,-1.293,-55.97,2020-08-08 17:15:00,Brasil,PARA,OBIDOS,Amazônia,2020-08-08 17:15:00,8,2020
1506711035,f13746c5-bdac-3a8a-8484-a32161cff65d,-1.891,-55.523,2020-08-08 17:15:00,Brasil,PARA,OBIDOS,Amazônia,2020-08-08 17:15:00,8,2020
1506711033,3da2ef22-b78d-3d9c-96c3-e641648d611f,-1.813,-55.425,2020-08-08 17:15:00,Brasil,PARA,OBIDOS,Amazônia,2020-08-08 17:15:00,8,2020
1506711032,586cd374-d9de-36f0-b04f-df804f7cc991,-1.792,-55.534,2020-08-08 17:15:00,Brasil,PARA,OBIDOS,Amazônia,2020-08-08 17:15:00,8,2020
1506711025,9c38e0b5-ca91-3356-be0a-069712c6468f,-1.597,-55.267,2020-08-08 17:15:00,Brasil,PARA,OBIDOS,Amazônia,2020-08-08 17:15:00,8,2020
1506711024,95df2770-d59f-3cd7-8884-21fbaf038c1d,-1.596,-55.258,2020-08-08 17:15:00,Brasil,PARA,OBIDOS,Amazônia,2020-08-08 17:15:00,8,2020
1507000040,1bbf8560-4248-36c3-b755-8a92a94b0a13,1.589,-55.738,2020-08-10 17:05:00,Brasil,PARA,OBIDOS,Amazônia,2020-08-10 17:05:00,8,2020
1506997962,ee3fc185-e937-3b2b-85f2-d0d421c5915d,-1.698,-55.654,2020-08-10 17:05:00,Brasil,PARA,OBIDOS,Amazônia,2020-08-10 17:05:00,8,2020
1506997960,b76575e0-cd07-3727-a9ae-ae3e28c83b20,-1.716,-55.341,2020-08-10 17:05:00,Brasil,PARA,OBIDOS,Amazônia,2020-08-10 17:05:00,8,2020
1550214079,952f73d8-533b-3a63-a818-eaa458c2d033,-1.68617,-55.57996,2021-08-06 17:00:00,Brasil,PARA,OBIDOS,Amazônia,2021-08-06 17:00:00,8,2021
1550506834,a58a86fd-2ddf-3f98-a67b-cdb6af459af9,-1.76195,-55.37315,2021-08-07 17:43:00,Brasil,PARA,OBIDOS,Amazônia,2021-08-07 17:43:00,8,2021
1551221071,2c81fe07-1c9b-3e28-a322-29169476440f,-1.85041,-55.68824,2021-08-09 17:32:00,Brasil,PARA,OBIDOS,Amazônia,2021-08-09 17:32:00,8,2021
1551221070,ceb1a1e2-fa2b-3adb-b9c0-f25f054d369b,-1.84207,-55.70113,2021-08-09 17:32:00,Brasil,PARA,OBIDOS,Amazônia,2021-08-09 17:32:00,8,2021
1551221069,ac8ca4ed-7608-315a-945f-bb0a8369ac46,-1.84039,-55.68975,2021-08-09 17:32:00,Brasil,PARA,OBIDOS,Amazônia,2021-08-09 17:32:00,8,2021
1551221067,2163606a-691c-33c1-82e2-61013384f595,-1.82533,-55.65725,2021-08-09 17:32:00,Brasil,PARA,OBIDOS,Amazônia,2021-08-09 17:32:00,8,2021
1551221066,9b0915d2-860e-33bb-828a-a207f4cfb52d,-1.82434,-55.6525,2021-08-09 17:32:00,Brasil,PARA,OBIDOS,Amazônia,2021-08-09 17:32:00,8,2021
1551221065,2f6ec563-f6ec-3f98-8b9e-58392e059b25,-1.80581,-55.24182,2021-08-09 17:32:00,Brasil,PARA,OBIDOS,Amazônia,2021-08-09 17:32:00,8,2021
1551221059,013d9819-ab88-383c-85bd-3ce2cb693737,-1.37697,-55.45819,2021-08-09 17:32:00,Brasil,PARA,OBIDOS,Amazônia,2021-08-09 17:32:00,8,2021
1551525466,b735cb45-cc05-30be-a187-d2df129ee9df,-1.77916,-55.37014,2021-08-10 16:37:00,Brasil,PARA,OBIDOS,Amazônia,2021-08-10 16:37:00,8,2021
1551777144,9e100bef-3b65-30fa-88ec-b41971272dd6,-1.5906,-55.56749,2021-08-11 17:20:00,Brasil,PARA,OBIDOS,Amazônia,2021-08-11 17:20:00,8,2021
1551777145,f423c2a4-f40c-3eff-8d6e-cb4ec22759cc,-1.57777,-55.60572,2021-08-11 17:20:00,Brasil,PARA,OBIDOS,Amazônia,2021-08-11 17:20:00,8,2021
1551777146,d395d1e1-d186-34e5-bb53-f53765f27ce8,-1.62915,-55.63716,2021-08-11 17:20:00,Brasil,PARA,OBIDOS,Amazônia,2021-08-11 17:20:00,8,2021
1551777147,49d67d51-7a16-3994-b4b4-ac134c9d5e4d,-1.65351,-55.55179,2021-08-11 17:20:00,Brasil,PARA,OBIDOS,Amazônia,2021-08-11 17:20:00,8,2021
1551777148,5379b205-e8de-36b6-bdea-488cc004cfe6,-1.66934,-55.40732,2021-08-11 17:20:00,Brasil,PARA,OBIDOS,Amazônia,2021-08-11 17:20:00,8,2021
1551777149,7369c43b-805d-310a-8d66-831b07fd4ad6,-1.81154,-55.68957,2021-08-11 17:20:00,Brasil,PARA,OBIDOS,Amazônia,2021-08-11 17:20:00,8,2021
1553741305,6a1407f2-4827-3d92-9197-5d33eeb49e39,-1.87782,-55.19196,2021-08-20 17:11:00,Brasil,PARA,OBIDOS,Amazônia,2021-08-20 17:11:00,8,2021
1553741299,348c7e3e-3841-31f2-8699-6f34f5ab7686,-1.8765,-55.18279,2021-08-20 17:11:00,Brasil,PARA,OBIDOS,Amazônia,2021-08-20 17:11:00,8,2021
1553741294,ebbeed5d-26a0-3ce1-a751-56e78d636cbf,-1.86873,-55.19326,2021-08-20 17:11:00,Brasil,PARA,OBIDOS,Amazônia,2021-08-20 17:11:00,8,2021
1553741281,f6fe74c7-19ea-356b-970c-7d6ff7f5a617,-1.82985,-55.63339,2021-08-20 17:11:00,Brasil,PARA,OBIDOS,Amazônia,2021-08-20 17:11:00,8,2021
1553741280,66db1914-4f20-3b1d-8df7-3216e91f4186,-1.78432,-55.31525,2021-08-20 17:11:00,Brasil,PARA,OBIDOS,Amazônia,2021-08-20 17:11:00,8,2021
1553741267,0ba5082c-9d85-34e7-8da7-d99c7d8f7f2f,-1.78299,-55.30599,2021-08-20 17:11:00,Brasil,PARA,OBIDOS,Amazônia,2021-08-20 17:11:00,8,2021
1553741253,7f986daf-9f5c-3473-8d70-1bd1e4ff4041,-1.75432,-55.30062,2021-08-20 17:11:00,Brasil,PARA,OBIDOS,Amazônia,2021-08-20 17:11:00,8,2021
1553741249,66d6f960-5193-3561-9dee-dca68583a161,-1.75301,-55.29137,2021-08-20 17:11:00,Brasil,PARA,OBIDOS,Amazônia,2021-08-20 17:11:00,8,2021
1553741210,85004e93-2b5f-3c9e-ac56-287ef579f435,-1.62992,-55.5874,2021-08-20 17:11:00,Brasil,PARA,OBIDOS,Amazônia,2021-08-20 17:11:00,8,2021
1553741203,29ae576a-798c-3079-bec0-fb99594847c9,-1.62703,-55.50172,2021-08-20 17:11:00,Brasil,PARA,OBIDOS,Amazônia,2021-08-20 17:11:00,8,2021
1553741188,76cbaa24-20cc-37dd-aaa7-ffa9a55699c0,-1.62858,-55.578,2021-08-20 17:11:00,Brasil,PARA,OBIDOS,Amazônia,2021-08-20 17:11:00,8,2021
1553741243,cbce9a1c-ffc7-3e6e-85f7-f0ec2312bf39,-1.69879,-55.61913,2021-08-20 17:11:00,Brasil,PARA,OBIDOS,Amazônia,2021-08-20 17:11:00,8,2021
1553741238,dee99ce8-9088-3893-8477-98c8e6e31618,-1.67969,-55.22311,2021-08-20 17:11:00,Brasil,PARA,OBIDOS,Amazônia,2021-08-20 17:11:00,8,2021
1553741225,f8777075-06bd-3ac0-bf66-8615cff0de78,-1.67363,-55.50763,2021-08-20 17:11:00,Brasil,PARA,OBIDOS,Amazônia,2021-08-20 17:11:00,8,2021
1553741224,f0a5f820-3756-3f42-b2bc-156051cda32d,-1.67231,-55.49828,2021-08-20 17:11:00,Brasil,PARA,OBIDOS,Amazônia,2021-08-20 17:11:00,8,2021
1553739471,0cedf294-3504-3bc6-9063-8392a4a0b68f,-1.20726,-55.91042,2021-08-20 17:13:00,Brasil,PARA,OBIDOS,Amazônia,2021-08-20 17:13:00,8,2021
1554175228,ffbae262-37ac-3e75-b765-3b9b7f8564ab,-1.82057,-55.7243,2021-08-22 17:00:00,Brasil,PARA,OBIDOS,Amazônia,2021-08-22 17:00:00,8,2021
1554175226,56fdbd4b-ffb4-3a4d-9675-cc8c35ce18c8,-1.81905,-55.71619,2021-08-22 17:00:00,Brasil,PARA,OBIDOS,Amazônia,2021-08-22 17:00:00,8,2021
1554175223,ce12c2b5-af20-37eb-b8ff-2d11cab39357,-1.69725,-55.50076,2021-08-22 17:00:00,Brasil,PARA,OBIDOS,Amazônia,2021-08-22 17:00:00,8,2021
1554175222,c2a79444-ada5-3a93-9993-0229a59d6c89,-1.6953,-55.48676,2021-08-22 17:00:00,Brasil,PARA,OBIDOS,Amazônia,2021-08-22 17:00:00,8,2021
1554175221,2708469b-9b7e-31fd-a66a-d0fa6ca4be8e,-1.69336,-55.4728,2021-08-22 17:00:00,Brasil,PARA,OBIDOS,Amazônia,2021-08-22 17:00:00,8,2021
1554175220,af879b2c-f68e-3ced-86bf-8401c42698cb,-1.69289,-55.47837,2021-08-22 17:00:00,Brasil,PARA,OBIDOS,Amazônia,2021-08-22 17:00:00,8,2021
1554175219,258972be-85b6-3ba8-b8cb-327bf14bebef,-1.69494,-55.49232,2021-08-22 17:00:00,Brasil,PARA,OBIDOS,Amazônia,2021-08-22 17:00:00,8,2021
1554175217,aa911a85-36ee-3279-8d2d-b3b7f7020f0d,-1.68616,-55.6662,2021-08-22 17:00:00,Brasil,PARA,OBIDOS,Amazônia,2021-08-22 17:00:00,8,2021
1554175216,d5267ccb-11fd-36b8-9a04-0de180d484d7,-1.6446,-55.61434,2021-08-22 17:00:00,Brasil,PARA,OBIDOS,Amazônia,2021-08-22 17:00:00,8,2021
1554175215,f9182b0b-62bb-3715-b453-b7fe58f27ef0,-1.6426,-55.60011,2021-08-22 17:00:00,Brasil,PARA,OBIDOS,Amazônia,2021-08-22 17:00:00,8,2021
1554175212,fba87ce2-8e9a-3413-9d66-dc605541878d,-1.60662,-55.59735,2021-08-22 17:00:00,Brasil,PARA,OBIDOS,Amazônia,2021-08-22 17:00:00,8,2021
1554175198,b8a706fb-d98a-3b71-9c73-8acd14d09471,-1.23454,-55.88007,2021-08-22 17:00:00,Brasil,PARA,OBIDOS,Amazônia,2021-08-22 17:00:00,8,2021
1554175197,6d0a4b3e-16ba-3b23-bec3-0034d8ef6b5a,-1.24451,-55.78953,2021-08-22 17:00:00,Brasil,PARA,OBIDOS,Amazônia,2021-08-22 17:00:00,8,2021
1554555677,496f89d0-f92a-344f-bb76-f7750af6718e,-1.65926,-55.53927,2021-08-24 16:50:00,Brasil,PARA,OBIDOS,Amazônia,2021-08-24 16:50:00,8,2021
1554555643,5a14e4da-c0cc-35aa-af73-143bfe40e3a2,-1.6562,-55.54444,2021-08-24 16:50:00,Brasil,PARA,OBIDOS,Amazônia,2021-08-24 16:50:00,8,2021
1554555857,ed1d38e9-3723-3acd-ac2c-2a06821ccc77,-1.80567,-55.38386,2021-08-24 16:50:00,Brasil,PARA,OBIDOS,Amazônia,2021-08-24 16:50:00,8,2021
1554555401,73938144-fe62-3e2d-a4a4-7c4de1f15fd0,-1.50341,-55.52378,2021-08-24 16:50:00,Brasil,PARA,OBIDOS,Amazônia,2021-08-24 16:50:00,8,2021
1554555491,762a3c3a-5e7b-39ed-bf94-c98e6528424d,-1.50685,-55.54775,2021-08-24 16:50:00,Brasil,PARA,OBIDOS,Amazônia,2021-08-24 16:50:00,8,2021
1555680963,f3d3f0b3-2f8d-300f-a053-185701ed69f4,-1.26848,-55.76326,2021-08-29 17:07:00,Brasil,PARA,OBIDOS,Amazônia,2021-08-29 17:07:00,8,2021
1555681123,a2d658f6-2133-3bf0-939f-d68d0f910e7f,1.97072,-55.69761,2021-08-29 17:07:00,Brasil,PARA,OBIDOS,Amazônia,2021-08-29 17:07:00,8,2021
1555681076,9221133d-f30e-35c5-9549-9d00a1aed06f,1.56607,-55.72459,2021-08-29 17:07:00,Brasil,PARA,OBIDOS,Amazônia,2021-08-29 17:07:00,8,2021
1555681010,236121f9-7a92-344c-bc9b-d0bd98de506a,-1.27969,-55.76654,2021-08-29 17:07:00,Brasil,PARA,OBIDOS,Amazônia,2021-08-29 17:07:00,8,2021
1555680995,be830589-5015-3e8d-8087-2eb3e2924832,-1.27848,-55.76183,2021-08-29 17:07:00,Brasil,PARA,OBIDOS,Amazônia,2021-08-29 17:07:00,8,2021
1555680978,e834add4-f6e8-30b7-a6e6-b423ee0b4631,-1.2781,-55.75522,2021-08-29 17:07:00,Brasil,PARA,OBIDOS,Amazônia,2021-08-29 17:07:00,8,2021
1555681058,5f721e47-6f49-3b0b-a292-e3d3bec41daa,-1.85381,-55.56814,2021-08-29 17:07:00,Brasil,PARA,OBIDOS,Amazônia,2021-08-29 17:07:00,8,2021
1555681041,94d939c2-64b5-318f-967f-607e5b7db790,-1.79057,-55.26464,2021-08-29 17:07:00,Brasil,PARA,OBIDOS,Amazônia,2021-08-29 17:07:00,8,2021
1555681026,dcf451ab-1713-3144-9640-18a6e868a23b,-1.57298,-55.53608,2021-08-29 17:07:00,Brasil,PARA,OBIDOS,Amazônia,2021-08-29 17:07:00,8,2021
1559797438,4a81681e-9f74-338d-a2b0-0da954598a2d,1.95704,-55.79447,2021-09-14 17:07:00,Brasil,PARA,OBIDOS,Amazônia,2021-09-14 17:07:00,9,2021
1559797441,920dab06-3352-34d2-b5df-44da3f49f1aa,1.7666,-55.61287,2021-09-14 17:07:00,Brasil,PARA,OBIDOS,Amazônia,2021-09-14 17:07:00,9,2021
1559797442,bad472ea-6d23-387c-96fc-7f08b7de5441,1.74163,-55.65089,2021-09-14 17:07:00,Brasil,PARA,OBIDOS,Amazônia,2021-09-14 17:07:00,9,2021
1559797443,9c11936b-eb07-3731-add3-62a239a4f10a,1.73208,-55.64951,2021-09-14 17:07:00,Brasil,PARA,OBIDOS,Amazônia,2021-09-14 17:07:00,9,2021
1560044470,1372d39b-af00-3df2-9bea-d833e964d2d2,1.72637,-55.66455,2021-09-15 17:49:00,Brasil,PARA,OBIDOS,Amazônia,2021-09-15 17:49:00,9,2021
1560044469,6e966041-5def-3f34-8f0f-48f8496488c7,1.72213,-55.669,2021-09-15 17:49:00,Brasil,PARA,OBIDOS,Amazônia,2021-09-15 17:49:00,9,2021
1561190557,987fb0c1-4e61-3b47-8656-2cb2815bb3ef,2.28156,-55.9357,2021-09-21 17:13:00,Brasil,PARA,OBIDOS,Amazônia,2021-09-21 17:13:00,9,2021
1561190550,a5cc1cb8-bb73-37db-98ac-6a05137665b8,2.28024,-55.9448,2021-09-21 17:13:00,Brasil,PARA,OBIDOS,Amazônia,2021-09-21 17:13:00,9,2021
1561190541,b6114aa4-b324-3f38-9a15-e4f4e1d2b854,2.2538,-55.86948,2021-09-21 17:13:00,Brasil,PARA,OBIDOS,Amazônia,2021-09-21 17:13:00,9,2021
1561190904,000855d4-6419-3ee0-881e-760f97ed4f63,1.51721,-55.74203,2021-09-21 17:13:00,Brasil,PARA,OBIDOS,Amazônia,2021-09-21 17:13:00,9,2021
1561190889,39a77bb8-be28-3016-940d-ffa088c54f3e,-1.26052,-55.79333,2021-09-21 17:13:00,Brasil,PARA,OBIDOS,Amazônia,2021-09-21 17:13:00,9,2021
1561617499,629c7818-050a-37f7-b5b1-c7d16387d658,-1.72161,-55.27459,2021-09-23 17:00:00,Brasil,PARA,OBIDOS,Amazônia,2021-09-23 17:00:00,9,2021
1561617484,a2127eb2-590d-3b7b-87ba-fe1f8e721cbc,-1.32156,-55.4589,2021-09-23 17:02:00,Brasil,PARA,OBIDOS,Amazônia,2021-09-23 17:02:00,9,2021
1561617482,34a0f070-6235-3847-9e42-a6b815560e75,-1.21884,-55.7854,2021-09-23 17:02:00,Brasil,PARA,OBIDOS,Amazônia,2021-09-23 17:02:00,9,2021
1561617481,22ad6b8d-a613-3d0c-8df6-75aaa5170253,-1.21677,-55.77119,2021-09-23 17:02:00,Brasil,PARA,OBIDOS,Amazônia,2021-09-23 17:02:00,9,2021
1561617480,0381354c-2704-3de6-ae71-963062369444,-1.19122,-55.67339,2021-09-23 17:02:00,Brasil,PARA,OBIDOS,Amazônia,2021-09-23 17:02:00,9,2021
1561617479,94a792c0-6138-3e17-8023-5a704a59cbe3,-1.18918,-55.6593,2021-09-23 17:02:00,Brasil,PARA,OBIDOS,Amazônia,2021-09-23 17:02:00,9,2021
1561617433,5d1c4f59-1329-31ae-8e35-d06097f8ef06,1.94354,-55.82227,2021-09-23 17:02:00,Brasil,PARA,OBIDOS,Amazônia,2021-09-23 17:02:00,9,2021
1561980582,db5b97af-2dd9-3966-9eeb-b0d2084cf477,-1.76804,-55.30285,2021-09-25 16:50:00,Brasil,PARA,OBIDOS,Amazônia,2021-09-25 16:50:00,9,2021
1561980581,5b3ff119-9427-3c47-9170-4fad15584f62,-1.76471,-55.2793,2021-09-25 16:50:00,Brasil,PARA,OBIDOS,Amazônia,2021-09-25 16:50:00,9,2021
1561980580,9af2fa18-b633-3a99-a833-3c20c7fac613,-1.65357,-55.28392,2021-09-25 16:50:00,Brasil,PARA,OBIDOS,Amazônia,2021-09-25 16:50:00,9,2021
1561980579,48d4ca38-5a55-3dac-89f4-e80b3c61e36e,-1.64464,-55.28038,2021-09-25 16:50:00,Brasil,PARA,OBIDOS,Amazônia,2021-09-25 16:50:00,9,2021
1561980574,54fde078-e8ff-3476-8bc8-4cff8e42936a,-1.57861,-55.56096,2021-09-25 16:50:00,Brasil,PARA,OBIDOS,Amazônia,2021-09-25 16:50:00,9,2021
1561980573,587b755c-2b7f-32fa-b0e2-6739556d61ab,-1.5712,-55.5442,2021-09-25 16:50:00,Brasil,PARA,OBIDOS,Amazônia,2021-09-25 16:50:00,9,2021
1561980571,e1e84da5-6b01-352a-bc76-713b165e2f7e,-1.23548,-55.94894,2021-09-25 16:50:00,Brasil,PARA,OBIDOS,Amazônia,2021-09-25 16:50:00,9,2021
1562145134,c276bbe1-9b12-3c8c-bf5f-1840c170802e,1.53636,-55.73316,2021-09-26 17:32:00,Brasil,PARA,OBIDOS,Amazônia,2021-09-26 17:32:00,9,2021
1562504980,de09b72b-113f-3964-bacf-5c79d1c80a9b,1.45763,-55.66809,2021-09-28 17:20:00,Brasil,PARA,OBIDOS,Amazônia,2021-09-28 17:20:00,9,2021
1562757873,d83a049b-970e-3075-8bae-1bc625a78721,-1.33014,-55.66316,2021-09-30 17:07:00,Brasil,PARA,OBIDOS,Amazônia,2021-09-30 17:07:00,9,2021
1562757869,fba66ed5-56ae-3be7-b8ea-5a43bc172314,-1.32828,-55.65848,2021-09-30 17:07:00,Brasil,PARA,OBIDOS,Amazônia,2021-09-30 17:07:00,9,2021
1562757644,30fd619f-f105-371e-826f-1bfe4e4b6b9d,-1.86915,-55.50434,2021-09-30 17:07:00,Brasil,PARA,OBIDOS,Amazônia,2021-09-30 17:07:00,9,2021
1562757600,0fc1501f-8a0e-3fa1-969a-546e3f3cba80,-1.7324,-55.47979,2021-09-30 17:07:00,Brasil,PARA,OBIDOS,Amazônia,2021-09-30 17:07:00,9,2021
1562757231,d4f71c76-04c4-3323-9d2e-96306900c9cb,-1.57298,-55.65008,2021-09-30 17:07:00,Brasil,PARA,OBIDOS,Amazônia,2021-09-30 17:07:00,9,2021
1563075207,05f771f8-af96-382b-bf2a-6678578d8a95,2.14474,-55.85237,2021-10-02 16:54:00,Brasil,PARA,OBIDOS,Amazônia,2021-10-02 16:54:00,10,2021
1563223182,40629a98-3492-3119-8b5c-8d7caa40f2e8,1.46618,-55.71601,2021-10-03 17:39:00,Brasil,PARA,OBIDOS,Amazônia,2021-10-03 17:39:00,10,2021
1563360767,9cac1a7e-5c75-36fc-8318-3bc22fc1a0c9,2.11469,-55.85394,2021-10-04 16:43:00,Brasil,PARA,OBIDOS,Amazônia,2021-10-04 16:43:00,10,2021
1563360766,f800cb22-13e8-3227-b04b-24f378ac96f5,2.11107,-55.86082,2021-10-04 16:43:00,Brasil,PARA,OBIDOS,Amazônia,2021-10-04 16:43:00,10,2021
1563360765,e2155c69-5e54-3e43-952e-c8f15156bbb6,2.11022,-55.88364,2021-10-04 16:43:00,Brasil,PARA,OBIDOS,Amazônia,2021-10-04 16:43:00,10,2021
1564086855,b4b6a866-7951-34b4-9dd4-5a5dbb801892,-1.81708,-55.33374,2021-10-09 17:00:00,Brasil,PARA,OBIDOS,Amazônia,2021-10-09 17:00:00,10,2021
1564338593,bd443ebc-58ad-3646-a28c-79695a66bc4e,-1.75083,-55.52333,2021-10-11 16:50:00,Brasil,PARA,OBIDOS,Amazônia,2021-10-11 16:50:00,10,2021
1564338592,7b053416-a3eb-31a2-b5bf-4e083e3e6dbf,-1.74734,-55.49888,2021-10-11 16:50:00,Brasil,PARA,OBIDOS,Amazônia,2021-10-11 16:50:00,10,2021
1564338588,16f933be-f067-3622-bf2d-3a9e2929df95,-1.67585,-55.19615,2021-10-11 16:50:00,Brasil,PARA,OBIDOS,Amazônia,2021-10-11 16:50:00,10,2021
1564557810,4984a176-c5b4-3b10-bf0e-4ca7d81f7d3a,-1.34125,-55.42829,2021-10-13 16:37:00,Brasil,PARA,OBIDOS,Amazônia,2021-10-13 16:37:00,10,2021
1564556907,9fc6aa56-8f1b-39df-a152-47b94f5cd8c2,-1.69272,-55.48478,2021-10-13 16:37:00,Brasil,PARA,OBIDOS,Amazônia,2021-10-13 16:37:00,10,2021
1564556933,7270dd4e-0e9a-3c51-a002-4def1b773e81,-1.69384,-55.49249,2021-10-13 16:37:00,Brasil,PARA,OBIDOS,Amazônia,2021-10-13 16:37:00,10,2021
1564709377,376b6b7f-d2c9-32d6-9e01-ea482e6842dc,2.32327,-55.93351,2021-10-14 17:20:00,Brasil,PARA,OBIDOS,Amazônia,2021-10-14 17:20:00,10,2021
1564709376,3095d15f-1210-3452-9e3a-f7c3a340e259,2.32198,-55.94249,2021-10-14 17:20:00,Brasil,PARA,OBIDOS,Amazônia,2021-10-14 17:20:00,10,2021
1564709375,3bd1bdc5-5027-3333-9bce-d07d7e5a43f8,1.99673,-55.83457,2021-10-14 17:20:00,Brasil,PARA,OBIDOS,Amazônia,2021-10-14 17:20:00,10,2021
1564709367,6c24931a-85f0-307c-b082-7673e6dd6219,1.44279,-55.65379,2021-10-14 17:20:00,Brasil,PARA,OBIDOS,Amazônia,2021-10-14 17:20:00,10,2021
1564708977,00242f79-ae16-3422-a46e-6d77d0ded5ac,-1.67985,-55.67091,2021-10-14 17:20:00,Brasil,PARA,OBIDOS,Amazônia,2021-10-14 17:20:00,10,2021
1564708972,147a76ad-e50f-3aec-9b7c-bd1b7f791482,-1.62746,-55.49669,2021-10-14 17:20:00,Brasil,PARA,OBIDOS,Amazônia,2021-10-14 17:20:00,10,2021
1564708840,f930b93f-1bce-3cb2-ae09-b8a4eb2f7fc7,-1.87002,-55.45855,2021-10-14 17:20:00,Brasil,PARA,OBIDOS,Amazônia,2021-10-14 17:20:00,10,2021
1564708838,c2728f52-f982-32e6-a266-6f22f4f7b188,-1.92043,-55.236,2021-10-14 17:20:00,Brasil,PARA,OBIDOS,Amazônia,2021-10-14 17:20:00,10,2021
1564708822,fe3bc545-5551-34ad-ac62-be90215d962b,-1.77247,-55.61551,2021-10-14 17:20:00,Brasil,PARA,OBIDOS,Amazônia,2021-10-14 17:20:00,10,2021
1564708816,e3201751-14c4-3c12-837b-a2ebc749e86a,-1.29189,-55.72403,2021-10-14 17:20:00,Brasil,PARA,OBIDOS,Amazônia,2021-10-14 17:20:00,10,2021
1564708815,4daf5280-db0c-3f59-ae75-7cddd34ee7ed,-1.29062,-55.71513,2021-10-14 17:20:00,Brasil,PARA,OBIDOS,Amazônia,2021-10-14 17:20:00,10,2021
1564708810,922f9324-b373-39cf-9140-628af28be642,-1.23392,-55.96597,2021-10-14 17:20:00,Brasil,PARA,OBIDOS,Amazônia,2021-10-14 17:20:00,10,2021
1564708809,5541f7cd-5c71-3bda-ba56-e5c26501c61d,-1.20785,-55.9118,2021-10-14 17:20:00,Brasil,PARA,OBIDOS,Amazônia,2021-10-14 17:20:00,10,2021
1564708965,08a49033-8df7-3b93-b2fe-1b5e593beb15,-1.60929,-55.5059,2021-10-14 17:20:00,Brasil,PARA,OBIDOS,Amazônia,2021-10-14 17:20:00,10,2021
1564708953,653c8e89-f116-3310-897f-e90120728902,-1.40764,-55.44706,2021-10-14 17:20:00,Brasil,PARA,OBIDOS,Amazônia,2021-10-14 17:20:00,10,2021
1564708952,d1d46b18-42b2-3e12-8eb8-c58502d6c058,-1.40251,-55.47512,2021-10-14 17:20:00,Brasil,PARA,OBIDOS,Amazônia,2021-10-14 17:20:00,10,2021
1564708951,7dfb1604-2b25-3033-a3cd-47bc0ba3e52b,-1.40123,-55.46619,2021-10-14 17:20:00,Brasil,PARA,OBIDOS,Amazônia,2021-10-14 17:20:00,10,2021
1564708948,be71efdd-f519-37ce-b17d-0d1c30e19080,-1.36917,-55.68901,2021-10-14 17:20:00,Brasil,PARA,OBIDOS,Amazônia,2021-10-14 17:20:00,10,2021
1565030080,5186a7d3-6e5f-3468-9c40-69718829cc16,-1.78223,-55.31406,2021-10-16 17:07:00,Brasil,PARA,OBIDOS,Amazônia,2021-10-16 17:07:00,10,2021
1565030046,9a33ef2c-7016-3696-ab02-f86b5c823ac6,-1.65023,-55.60241,2021-10-16 17:07:00,Brasil,PARA,OBIDOS,Amazônia,2021-10-16 17:07:00,10,2021
1565030041,c1d65deb-b6f9-3855-a247-ea979f8db7cf,-1.64937,-55.59704,2021-10-16 17:07:00,Brasil,PARA,OBIDOS,Amazônia,2021-10-16 17:07:00,10,2021
1565030006,cbcf3e50-e854-3a9c-9ed0-1fc94c76d4ea,-1.54967,-55.53718,2021-10-16 17:07:00,Brasil,PARA,OBIDOS,Amazônia,2021-10-16 17:07:00,10,2021
1565030002,a35ac21e-34f7-3a67-b71e-0f3b3792422f,-1.54815,-55.52626,2021-10-16 17:07:00,Brasil,PARA,OBIDOS,Amazônia,2021-10-16 17:07:00,10,2021
1565029996,475deac6-72d6-366f-aa7d-1240e747eb0f,-1.54757,-55.5329,2021-10-16 17:07:00,Brasil,PARA,OBIDOS,Amazônia,2021-10-16 17:07:00,10,2021
1565029973,36a97a4f-e052-31dd-92c1-2623452411c0,-1.50872,-55.68649,2021-10-16 17:07:00,Brasil,PARA,OBIDOS,Amazônia,2021-10-16 17:07:00,10,2021
1565029781,3f23f573-387f-3def-ac7f-fbdafe94a524,-1.1853,-55.71083,2021-10-16 17:07:00,Brasil,PARA,OBIDOS,Amazônia,2021-10-16 17:07:00,10,2021
1565029664,9852330e-c8d6-358b-8b7a-3e9c922039aa,2.02956,-55.74181,2021-10-16 17:07:00,Brasil,PARA,OBIDOS,Amazônia,2021-10-16 17:07:00,10,2021
1565029662,b51ef108-e01a-37e9-a5b9-fc433a80429d,2.02151,-55.73009,2021-10-16 17:07:00,Brasil,PARA,OBIDOS,Amazônia,2021-10-16 17:07:00,10,2021
1565029858,bd7e6174-dcfb-3e1f-89a7-3b67f78696c9,-1.37554,-55.4626,2021-10-16 17:07:00,Brasil,PARA,OBIDOS,Amazônia,2021-10-16 17:07:00,10,2021
1565029850,88e5f157-a35f-3026-8623-631c3cb03f12,-1.37401,-55.45176,2021-10-16 17:07:00,Brasil,PARA,OBIDOS,Amazônia,2021-10-16 17:07:00,10,2021
1565029803,f937ce59-54fd-3645-98f3-475f5dc68efd,-1.25078,-55.88021,2021-10-16 17:07:00,Brasil,PARA,OBIDOS,Amazônia,2021-10-16 17:07:00,10,2021
1565029802,306b7feb-8e69-38d8-b0aa-5d4249756023,-1.24917,-55.86878,2021-10-16 17:07:00,Brasil,PARA,OBIDOS,Amazônia,2021-10-16 17:07:00,10,2021
1565164170,3bbba705-89e9-3c35-bee9-13c3f26a95db,-1.27165,-55.75093,2021-10-17 17:49:00,Brasil,PARA,OBIDOS,Amazônia,2021-10-17 17:49:00,10,2021
1565257960,6d75ef0b-7a6d-3fb2-9858-4ea785d5e8a0,1.44461,-55.66001,2021-10-18 16:54:00,Brasil,PARA,OBIDOS,Amazônia,2021-10-18 16:54:00,10,2021
1565257213,4f50a16c-b921-32a1-b2fe-282f80c0f188,2.20128,-55.8369,2021-10-18 16:54:00,Brasil,PARA,OBIDOS,Amazônia,2021-10-18 16:54:00,10,2021
1565257206,ca6a9e38-59b5-3544-8778-6f3962d60801,2.18926,-55.8352,2021-10-18 16:54:00,Brasil,PARA,OBIDOS,Amazônia,2021-10-18 16:54:00,10,2021
1565257202,6359d134-58cb-3c15-811a-092098aa0f2a,1.99755,-55.72641,2021-10-18 16:54:00,Brasil,PARA,OBIDOS,Amazônia,2021-10-18 16:54:00,10,2021
1565257188,a91b3789-9e9c-3588-9264-25717d7e715e,1.99504,-55.74304,2021-10-18 16:54:00,Brasil,PARA,OBIDOS,Amazônia,2021-10-18 16:54:00,10,2021
1565446887,e7036a23-fe39-3044-92ce-7bbaa1000a97,-1.79138,-55.51051,2021-10-20 16:41:00,Brasil,PARA,OBIDOS,Amazônia,2021-10-20 16:41:00,10,2021
1565544285,e75394b1-3012-36c7-8fe6-b2e4a1ff1e2e,-1.54446,-55.35685,2021-10-21 17:24:00,Brasil,PARA,OBIDOS,Amazônia,2021-10-21 17:24:00,10,2021
1565963612,4d59ccda-8409-38ee-a595-e5fc74d37d03,2.02037,-55.85976,2021-10-24 17:56:00,Brasil,PARA,OBIDOS,Amazônia,2021-10-24 17:56:00,10,2021
1565963611,0b322555-ff99-38c1-9788-058b22628a60,2.0183,-55.85435,2021-10-24 17:56:00,Brasil,PARA,OBIDOS,Amazônia,2021-10-24 17:56:00,10,2021
1566595408,8468edff-4109-3bc2-a01b-d9b45a76e946,-1.92652,-55.21354,2021-10-30 17:20:00,Brasil,PARA,OBIDOS,Amazônia,2021-10-30 17:20:00,10,2021
1567035834,3bf2b28f-f87a-314c-9962-0d566642f833,-1.90584,-55.247,2021-11-03 16:54:00,Brasil,PARA,OBIDOS,Amazônia,2021-11-03 16:54:00,11,2021
1567035803,de8878e2-97e3-3df4-994c-63ea6ac5a6d0,-1.89831,-55.19467,2021-11-03 16:54:00,Brasil,PARA,OBIDOS,Amazônia,2021-11-03 16:54:00,11,2021
1567035771,2d32450f-0625-36f5-a7a7-f78c38ba76d5,-1.8958,-55.17721,2021-11-03 16:54:00,Brasil,PARA,OBIDOS,Amazônia,2021-11-03 16:54:00,11,2021
1567375390,6bd57118-50e3-3ba9-a615-b909a7d9329c,-1.69176,-55.55215,2021-11-06 17:24:00,Brasil,PARA,OBIDOS,Amazônia,2021-11-06 17:24:00,11,2021
1567375372,88fd1ef5-34f2-3ea4-a5a4-9e53e71f9a97,-1.67759,-55.45526,2021-11-06 17:24:00,Brasil,PARA,OBIDOS,Amazônia,2021-11-06 17:24:00,11,2021
1567375288,ae4e8b5d-9ced-338e-b86e-8a8e74c72da2,-1.36037,-55.6736,2021-11-06 17:24:00,Brasil,PARA,OBIDOS,Amazônia,2021-11-06 17:24:00,11,2021
1567600715,10fb9688-2e58-327c-b07e-8109d119914b,-1.63352,-55.46806,2021-11-08 17:13:00,Brasil,PARA,OBIDOS,Amazônia,2021-11-08 17:13:00,11,2021
1567600714,a25d87f2-75d6-39ae-8334-775437d969aa,-1.62665,-55.22362,2021-11-08 17:13:00,Brasil,PARA,OBIDOS,Amazônia,2021-11-08 17:13:00,11,2021
1567600712,b8977510-d856-381d-b292-d9b23c79d9b2,-1.5955,-55.26563,2021-11-08 17:13:00,Brasil,PARA,OBIDOS,Amazônia,2021-11-08 17:13:00,11,2021
1567600711,44948b8d-fb89-3a38-8f24-46d66adc0d1d,-1.5942,-55.25643,2021-11-08 17:13:00,Brasil,PARA,OBIDOS,Amazônia,2021-11-08 17:13:00,11,2021
1567600708,97bd8be1-8ce2-35d6-86f1-0d650ab33c0a,-1.58626,-55.26401,2021-11-08 17:13:00,Brasil,PARA,OBIDOS,Amazônia,2021-11-08 17:13:00,11,2021
1567600699,a62fb027-b004-3029-b2c1-792ad61741ff,-1.47959,-55.41697,2021-11-08 17:13:00,Brasil,PARA,OBIDOS,Amazônia,2021-11-08 17:13:00,11,2021
1567881904,e3e79263-0d07-32a6-ad2f-c18e8da59590,2.23548,-55.92628,2021-11-10 17:02:00,Brasil,PARA,OBIDOS,Amazônia,2021-11-10 17:02:00,11,2021
1567881897,60e7d4c2-2ca4-3e79-9abf-601cba3e94bd,2.23232,-55.92032,2021-11-10 17:02:00,Brasil,PARA,OBIDOS,Amazônia,2021-11-10 17:02:00,11,2021
1567790061,d618e0e6-bdef-335c-bb0e-4413135e19b1,2.235,-55.926,2021-11-10 17:00:00,Brasil,PARA,OBIDOS,Amazônia,2021-11-10 17:00:00,11,2021
1567790046,d90346ba-0d6f-383a-995f-e11c6c2ad10b,2.232,-55.92,2021-11-10 17:00:00,Brasil,PARA,OBIDOS,Amazônia,2021-11-10 17:00:00,11,2021
1568071086,5eb6f7da-dabc-39c4-89cf-84f97d2dbedb,-1.8993,-55.3904,2021-11-12 16:49:00,Brasil,PARA,OBIDOS,Amazônia,2021-11-12 16:49:00,11,2021
1568070742,8ce6b079-86f1-34e6-ada0-fc30c7d2c52f,-1.80176,-55.30693,2021-11-12 16:49:00,Brasil,PARA,OBIDOS,Amazônia,2021-11-12 16:49:00,11,2021
1568070934,a07ab1f6-268e-3804-81da-b1c7cd943bbc,-1.84774,-55.22911,2021-11-12 16:49:00,Brasil,PARA,OBIDOS,Amazônia,2021-11-12 16:49:00,11,2021
1568070659,115f4f5b-2390-3c07-890a-8592fc0ee3df,-1.92219,-55.21418,2021-11-12 16:49:00,Brasil,PARA,OBIDOS,Amazônia,2021-11-12 16:49:00,11,2021
1568070641,68714383-1461-3c1f-950a-7d9fe2ee7a72,-1.91388,-55.19681,2021-11-12 16:49:00,Brasil,PARA,OBIDOS,Amazônia,2021-11-12 16:49:00,11,2021
1568267408,c6517d4e-f3ab-3e3d-bbe6-00a99d8be724,1.55079,-55.74862,2021-11-14 16:37:00,Brasil,PARA,OBIDOS,Amazônia,2021-11-14 16:37:00,11,2021
1568267406,b7661031-2cb9-3e25-b0ed-d36eff9cd2fd,1.54881,-55.74111,2021-11-14 16:37:00,Brasil,PARA,OBIDOS,Amazônia,2021-11-14 16:37:00,11,2021
1568267251,f9a6a90d-5044-32c9-b437-91cc68454933,-1.89304,-55.22397,2021-11-14 16:37:00,Brasil,PARA,OBIDOS,Amazônia,2021-11-14 16:37:00,11,2021
1568267250,c9be9bb7-4925-3a5f-8444-323e0ad14ccb,-1.89278,-55.21988,2021-11-14 16:37:00,Brasil,PARA,OBIDOS,Amazônia,2021-11-14 16:37:00,11,2021
1568267241,26eb3191-f47d-3eb0-afdb-052d0b22d4bd,-1.84585,-55.2709,2021-11-14 16:37:00,Brasil,PARA,OBIDOS,Amazônia,2021-11-14 16:37:00,11,2021
1568346497,fc12486d-0547-3f2d-a19a-0bbb16ed23d9,2.27637,-55.87608,2021-11-15 17:19:00,Brasil,PARA,OBIDOS,Amazônia,2021-11-15 17:19:00,11,2021
1568533465,3b3ea243-920b-366f-81f0-c836ca0c9659,-1.82322,-55.24159,2021-11-17 17:06:00,Brasil,PARA,OBIDOS,Amazônia,2021-11-17 17:06:00,11,2021
1568533538,873a3cd6-feab-3980-bf04-ee199cf2e876,2.25041,-55.83475,2021-11-17 17:09:00,Brasil,PARA,OBIDOS,Amazônia,2021-11-17 17:09:00,11,2021
1568533535,566ed233-ad23-37ef-9ab3-0ceaaf9f5ba3,2.24888,-55.84513,2021-11-17 17:09:00,Brasil,PARA,OBIDOS,Amazônia,2021-11-17 17:09:00,11,2021
1568533532,546c204d-cda2-3c98-8467-597e446e5cab,2.14611,-55.78144,2021-11-17 17:09:00,Brasil,PARA,OBIDOS,Amazônia,2021-11-17 17:09:00,11,2021
1568533529,6b484056-1b59-3be0-b376-4f97c7421376,2.13654,-55.77995,2021-11-17 17:09:00,Brasil,PARA,OBIDOS,Amazônia,2021-11-17 17:09:00,11,2021
1568533525,f7922020-e175-3656-983e-a13fa4818445,2.13245,-55.78444,2021-11-17 17:09:00,Brasil,PARA,OBIDOS,Amazônia,2021-11-17 17:09:00,11,2021
1568533522,47b67da1-d9ba-331a-a576-e98b93c47b58,1.95765,-55.65273,2021-11-17 17:09:00,Brasil,PARA,OBIDOS,Amazônia,2021-11-17 17:09:00,11,2021
1568533519,ca89f653-828e-3d89-986f-6fbab7da1721,1.92311,-55.68948,2021-11-17 17:09:00,Brasil,PARA,OBIDOS,Amazônia,2021-11-17 17:09:00,11,2021
1568533516,9bac3052-15b5-32a9-be0e-758aef1e9421,1.91207,-55.69828,2021-11-17 17:09:00,Brasil,PARA,OBIDOS,Amazônia,2021-11-17 17:09:00,11,2021
1568533469,933314b9-2d12-3729-967a-71391e7874cf,-1.85346,-55.23179,2021-11-17 17:06:00,Brasil,PARA,OBIDOS,Amazônia,2021-11-17 17:06:00,11,2021
1568533468,11e1705d-a4dc-3f62-9448-e488ed1f334b,-1.8437,-55.23317,2021-11-17 17:06:00,Brasil,PARA,OBIDOS,Amazônia,2021-11-17 17:06:00,11,2021
1568744815,ce66f520-ca91-3ed6-a4c6-40ca880a56de,-1.86481,-55.32554,2021-11-19 16:54:00,Brasil,PARA,OBIDOS,Amazônia,2021-11-19 16:54:00,11,2021
1569021578,8e2e0562-e68c-32fb-9bdd-f5303cb9f752,2.14125,-55.86277,2021-11-22 17:26:00,Brasil,PARA,OBIDOS,Amazônia,2021-11-22 17:26:00,11,2021
1569021547,dffef1d9-cead-31dc-a4b2-cffc861b7c45,2.11127,-55.8688,2021-11-22 17:26:00,Brasil,PARA,OBIDOS,Amazônia,2021-11-22 17:26:00,11,2021
1569486752,5e798b92-b8f3-3240-8b9c-5db0db2f0ada,2.00584,-55.82671,2021-11-27 17:45:00,Brasil,PARA,OBIDOS,Amazônia,2021-11-27 17:45:00,11,2021
1570650707,093efc8e-c8ed-3ed8-bc3a-7aadcba75c68,-1.78619,-55.28607,2021-12-10 17:13:00,Brasil,PARA,OBIDOS,Amazônia,2021-12-10 17:13:00,12,2021
1570650704,12a4da37-56fe-3a40-b8e4-d1369313d324,-1.77839,-55.29662,2021-12-10 17:13:00,Brasil,PARA,OBIDOS,Amazônia,2021-12-10 17:13:00,12,2021
1570650700,ff543c61-9c4c-3528-a6f0-5b8dc35d59b9,-1.77708,-55.28736,2021-12-10 17:13:00,Brasil,PARA,OBIDOS,Amazônia,2021-12-10 17:13:00,12,2021
1570650692,ca38af07-fc53-398d-852d-caa8dfda391b,-1.61654,-55.25695,2021-12-10 17:13:00,Brasil,PARA,OBIDOS,Amazônia,2021-12-10 17:13:00,12,2021
1570650689,9c8b4d68-08e5-3e83-9de6-8d1e4e9e42b3,-1.57892,-55.3187,2021-12-10 17:13:00,Brasil,PARA,OBIDOS,Amazônia,2021-12-10 17:13:00,12,2021
1570650300,bf04df37-bcc6-3b66-9b37-ec9007a1f1c8,-1.80589,-55.35877,2021-12-10 17:13:00,Brasil,PARA,OBIDOS,Amazônia,2021-12-10 17:13:00,12,2021
1570650295,0b6ce129-dbe8-3c16-a522-6976ad92d803,-1.78751,-55.29533,2021-12-10 17:13:00,Brasil,PARA,OBIDOS,Amazônia,2021-12-10 17:13:00,12,2021
1570650368,9aef7078-dfe7-32f1-aa7a-aa5944762c3f,-2.00256,-55.25232,2021-12-10 17:13:00,Brasil,PARA,OBIDOS,Amazônia,2021-12-10 17:13:00,12,2021
1571301987,51cf46ea-491f-3eff-adff-245fa0087bd8,2.06452,-55.75242,2021-12-17 17:19:00,Brasil,PARA,OBIDOS,Amazônia,2021-12-17 17:19:00,12,2021
1571301958,84307a95-37d2-3d66-bc91-e3441558249b,2.06323,-55.76146,2021-12-17 17:19:00,Brasil,PARA,OBIDOS,Amazônia,2021-12-17 17:19:00,12,2021
1571502521,ecc08d26-8baa-369f-94f7-528ef7422f58,-1.54673,-55.3883,2021-12-19 17:06:00,Brasil,PARA,OBIDOS,Amazônia,2021-12-19 17:06:00,12,2021
1571502619,9170860d-9c5a-31d8-8922-fc5379a9c9a2,2.07735,-55.76836,2021-12-19 17:09:00,Brasil,PARA,OBIDOS,Amazônia,2021-12-19 17:09:00,12,2021
1571502615,674a3510-4621-3eec-934f-f8e58e4b11df,-1.51002,-55.421,2021-12-19 17:06:00,Brasil,PARA,OBIDOS,Amazônia,2021-12-19 17:06:00,12,2021
1571502610,9685f56a-6818-332f-846a-8da3b93f5c24,-1.38418,-55.68056,2021-12-19 17:06:00,Brasil,PARA,OBIDOS,Amazônia,2021-12-19 17:06:00,12,2021
1571502607,49eea0ba-4ef5-3c43-8b60-8b0b40287129,-1.50022,-55.42239,2021-12-19 17:06:00,Brasil,PARA,OBIDOS,Amazônia,2021-12-19 17:06:00,12,2021
1571502603,4835eeba-cb99-3bc1-b058-ad037e5ebccc,-1.49866,-55.41161,2021-12-19 17:06:00,Brasil,PARA,OBIDOS,Amazônia,2021-12-19 17:06:00,12,2021
1571502593,bffb5e91-6e5d-35d6-877d-9756470e1f4a,-1.48887,-55.41306,2021-12-19 17:06:00,Brasil,PARA,OBIDOS,Amazônia,2021-12-19 17:06:00,12,2021
1571502571,da625d70-5bbb-3442-a722-fb94c5742961,-1.476,-55.393,2021-12-19 17:06:00,Brasil,PARA,OBIDOS,Amazônia,2021-12-19 17:06:00,12,2021
1571502556,227dffe8-9880-3586-aeb0-da5f7bf98f09,-1.47446,-55.38225,2021-12-19 17:06:00,Brasil,PARA,OBIDOS,Amazônia,2021-12-19 17:06:00,12,2021
1571502540,41d0adca-d20d-3a99-b7cb-1c55af849735,-1.46349,-55.51622,2021-12-19 17:06:00,Brasil,PARA,OBIDOS,Amazônia,2021-12-19 17:06:00,12,2021
1571502530,8da71de6-22a5-35a3-a8f5-401fce32c16e,-1.60591,-55.59124,2021-12-19 17:06:00,Brasil,PARA,OBIDOS,Amazônia,2021-12-19 17:06:00,12,2021
1571502525,879f7e48-6888-3947-af0a-9553612961bb,-1.407,-55.4866,2021-12-19 17:06:00,Brasil,PARA,OBIDOS,Amazônia,2021-12-19 17:06:00,12,2021
1572094104,8727a963-f762-3d38-91dc-6fee35b020cf,-1.47514,-55.39181,2021-12-24 17:26:00,Brasil,PARA,OBIDOS,Amazônia,2021-12-24 17:26:00,12,2021
1572094100,5282f3df-f609-36e8-b67f-dad5a5fc2254,-1.47427,-55.45205,2021-12-24 17:26:00,Brasil,PARA,OBIDOS,Amazônia,2021-12-24 17:26:00,12,2021
1572094097,0ba69b53-ed7b-3cd1-8391-78b5fca7df51,-1.47372,-55.38197,2021-12-24 17:26:00,Brasil,PARA,OBIDOS,Amazônia,2021-12-24 17:26:00,12,2021
1570155434,42344cc2-2db5-343e-acf6-d58250b69b9f,2.11447,-55.89194,2021-12-05 16:56:00,Brasil,PARA,OBIDOS,Amazônia,2021-12-05 16:56:00,12,2021
1569812344,92650bbe-0b73-33c0-a792-3f4169957aa8,-1.8862,-55.33235,2021-12-01 17:19:00,Brasil,PARA,OBIDOS,Amazônia,2021-12-01 17:19:00,12,2021
1569812375,a67b7a5a-f1fa-31f1-a30f-5dc45d79d1d7,-1.88748,-55.34127,2021-12-01 17:19:00,Brasil,PARA,OBIDOS,Amazônia,2021-12-01 17:19:00,12,2021
1569812428,a47e09d6-9d8c-3e4a-9069-b660cf4b5b4b,-1.30127,-55.74124,2021-12-01 17:19:00,Brasil,PARA,OBIDOS,Amazônia,2021-12-01 17:19:00,12,2021
1569812451,45cf5d8f-b6fb-3740-b466-f8e5f575a16f,-1.93233,-55.3348,2021-12-01 17:19:00,Brasil,PARA,OBIDOS,Amazônia,2021-12-01 17:19:00,12,2021
1569812466,9b08b3e9-1a8a-3267-a23e-15f72ccece65,-1.5187,-55.33689,2021-12-01 17:19:00,Brasil,PARA,OBIDOS,Amazônia,2021-12-01 17:19:00,12,2021
1569812498,48cd1d7c-f124-3796-93fb-f00242248f8b,-1.53283,-55.43518,2021-12-01 17:19:00,Brasil,PARA,OBIDOS,Amazônia,2021-12-01 17:19:00,12,2021
1569812561,20235ab2-c8a4-3233-9027-4e772a1f240e,-1.31023,-55.73994,2021-12-01 17:19:00,Brasil,PARA,OBIDOS,Amazônia,2021-12-01 17:19:00,12,2021
1569812642,846c48aa-2807-304b-834a-2b9e3d8e6868,-1.70378,-55.34354,2021-12-01 17:19:00,Brasil,PARA,OBIDOS,Amazônia,2021-12-01 17:19:00,12,2021
1569812676,0dd04eaf-3a0d-3ae2-8fb7-b485b9fda725,-1.73582,-55.37539,2021-12-01 17:19:00,Brasil,PARA,OBIDOS,Amazônia,2021-12-01 17:19:00,12,2021
1569812736,4ca9fca9-193b-303a-801d-bb687b3d49c3,-1.47736,-55.36674,2021-12-01 17:19:00,Brasil,PARA,OBIDOS,Amazônia,2021-12-01 17:19:00,12,2021
1571734969,77734d2b-9199-31a7-aeac-b5a6c0425ec1,-1.55033,-55.41732,2021-12-21 16:54:00,Brasil,PARA,OBIDOS,Amazônia,2021-12-21 16:54:00,12,2021
1571734760,cc6ce73d-ecdf-31bf-a7fe-51a205fb71b1,-1.56269,-55.41565,2021-12-21 16:54:00,Brasil,PARA,OBIDOS,Amazônia,2021-12-21 16:54:00,12,2021
1571734723,f2b07b34-8a55-3c8b-bd68-ee50af148d5a,-1.55287,-55.43512,2021-12-21 16:54:00,Brasil,PARA,OBIDOS,Amazônia,2021-12-21 16:54:00,12,2021
1571734792,e0178439-29e4-3045-b742-f72137d8df2a,-1.56525,-55.43345,2021-12-21 16:54:00,Brasil,PARA,OBIDOS,Amazônia,2021-12-21 16:54:00,12,2021
1569644587,bf4a7fda-cec4-399d-aab2-c6f69bc2895b,1.56075,-55.72401,2021-11-29 17:32:00,Brasil,PARA,OBIDOS,Amazônia,2021-11-29 17:32:00,11,2021
1569562511,300540f7-e801-3c5d-8314-b53138db6864,-1.61209,-55.25777,2021-11-28 16:49:00,Brasil,PARA,OBIDOS,Amazônia,2021-11-28 16:49:00,11,2021
1569562512,833884f5-bcba-3599-9021-5e59008e2c2f,-1.61701,-55.25208,2021-11-28 16:49:00,Brasil,PARA,OBIDOS,Amazônia,2021-11-28 16:49:00,11,2021
1569562530,fcad7c06-21eb-36ae-9e56-338eef04f910,-1.80885,-55.66114,2021-11-28 16:49:00,Brasil,PARA,OBIDOS,Amazônia,2021-11-28 16:49:00,11,2021
1569562623,b3c09389-57fe-3cb4-99bb-81dd6f9d098c,1.92363,-55.79918,2021-11-28 16:49:00,Brasil,PARA,OBIDOS,Amazônia,2021-11-28 16:49:00,11,2021
1569562624,fbc6aa4e-e873-397f-93b9-95280514fc14,1.93078,-55.79509,2021-11-28 16:49:00,Brasil,PARA,OBIDOS,Amazônia,2021-11-28 16:49:00,11,2021
1569562625,86d08dfb-5ce7-3d34-b3dd-77984d95b99d,2.09438,-55.83148,2021-11-28 16:49:00,Brasil,PARA,OBIDOS,Amazônia,2021-11-28 16:49:00,11,2021
1569562626,9179388e-ec19-303d-a482-87fcd7cfdb5c,2.10086,-55.83757,2021-11-28 16:49:00,Brasil,PARA,OBIDOS,Amazônia,2021-11-28 16:49:00,11,2021
1563774696,a047c320-17aa-347e-a717-9294d8834552,-1.61968,-55.54909,2021-10-07 17:13:00,Brasil,PARA,OBIDOS,Amazônia,2021-10-07 17:13:00,10,2021
1563774717,e5200ac3-dfac-3389-a83e-b13bbcbcac5e,-1.61835,-55.53969,2021-10-07 17:13:00,Brasil,PARA,OBIDOS,Amazônia,2021-10-07 17:13:00,10,2021
1563774730,80c7c48a-7d56-3a19-b2eb-a96afcf9c391,-1.60918,-55.541,2021-10-07 17:13:00,Brasil,PARA,OBIDOS,Amazônia,2021-10-07 17:13:00,10,2021
1563775044,4a68064d-dae2-3a61-8b25-62de802fe4ed,-1.57403,-55.54221,2021-10-07 17:13:00,Brasil,PARA,OBIDOS,Amazônia,2021-10-07 17:13:00,10,2021
1563775162,355927ce-86ae-3a61-a82c-1712e439349f,-1.48807,-55.52303,2021-10-07 17:13:00,Brasil,PARA,OBIDOS,Amazônia,2021-10-07 17:13:00,10,2021
1563775171,37715fff-eaad-3250-af94-3cb44eb5e679,-1.49722,-55.52171,2021-10-07 17:13:00,Brasil,PARA,OBIDOS,Amazônia,2021-10-07 17:13:00,10,2021
1563775178,2d4858de-b85c-3e4a-b317-46b52274ed75,-1.50772,-55.5297,2021-10-07 17:13:00,Brasil,PARA,OBIDOS,Amazônia,2021-10-07 17:13:00,10,2021
1563775186,5fb8a922-2306-36b6-bc4f-25f65977457a,-1.51507,-55.52208,2021-10-07 17:13:00,Brasil,PARA,OBIDOS,Amazônia,2021-10-07 17:13:00,10,2021
1563775194,e33eb649-3e7e-3d38-a517-eb8adb1fcadf,-1.5396,-55.36692,2021-10-07 17:13:00,Brasil,PARA,OBIDOS,Amazônia,2021-10-07 17:13:00,10,2021
1563775203,683d6854-5d07-3cfc-b20a-1aa08a979813,-1.57269,-55.53283,2021-10-07 17:13:00,Brasil,PARA,OBIDOS,Amazônia,2021-10-07 17:13:00,10,2021
1563775206,3095f165-a4f0-39fa-b2c6-17904523550c,-1.62751,-55.53836,2021-10-07 17:13:00,Brasil,PARA,OBIDOS,Amazônia,2021-10-07 17:13:00,10,2021
1563775216,d1760fe4-aa61-37d4-a852-231dfb1558f2,-1.62885,-55.54781,2021-10-07 17:13:00,Brasil,PARA,OBIDOS,Amazônia,2021-10-07 17:13:00,10,2021
1563775223,dffd6877-3998-3a5f-abbc-7e4e6cb2c812,-1.64384,-55.26165,2021-10-07 17:13:00,Brasil,PARA,OBIDOS,Amazônia,2021-10-07 17:13:00,10,2021
1563775231,db881f4c-31ba-34e8-836d-a93701788a0a,-1.64516,-55.27084,2021-10-07 17:13:00,Brasil,PARA,OBIDOS,Amazônia,2021-10-07 17:13:00,10,2021
1557694671,dc263e5e-609b-3d3e-a56b-80a8d788578a,2.14238,-55.83426,2021-09-05 17:13:00,Brasil,PARA,OBIDOS,Amazônia,2021-09-05 17:13:00,9,2021
1558966004,c5d57015-a1f0-3424-8afd-8f25ef57e089,1.53581,-55.7246,2021-09-10 17:32:00,Brasil,PARA,OBIDOS,Amazônia,2021-09-10 17:32:00,9,2021
1558163916,f300d97c-b7af-3d58-b50d-c90d09819c3a,-1.52898,-55.42803,2021-09-07 17:00:00,Brasil,PARA,OBIDOS,Amazônia,2021-09-07 17:00:00,9,2021
1558163954,925275ae-8e85-3ad6-a860-1edb3cf438c9,-1.84929,-55.17994,2021-09-07 17:00:00,Brasil,PARA,OBIDOS,Amazônia,2021-09-07 17:00:00,9,2021
1558163953,cd261d26-6b5a-3036-bc93-e6fae02822fa,-1.778,-55.31858,2021-09-07 17:00:00,Brasil,PARA,OBIDOS,Amazônia,2021-09-07 17:00:00,9,2021
1558163944,0f63a66d-bd95-30db-b29f-5124eb287bc7,-1.77603,-55.30496,2021-09-07 17:00:00,Brasil,PARA,OBIDOS,Amazônia,2021-09-07 17:00:00,9,2021
1559405416,bf14b5e6-63fb-3b9f-a6f6-e2f64bf03d24,-1.65442,-55.48654,2021-09-12 17:20:00,Brasil,PARA,OBIDOS,Amazônia,2021-09-12 17:20:00,9,2021
1559405393,1d536a44-08ca-3cb4-9d84-af21cf6587ed,-1.21221,-55.87183,2021-09-12 17:20:00,Brasil,PARA,OBIDOS,Amazônia,2021-09-12 17:20:00,9,2021
1559405394,672d1715-4464-3fe9-a221-94a243f294c8,-1.25957,-55.75611,2021-09-12 17:20:00,Brasil,PARA,OBIDOS,Amazônia,2021-09-12 17:20:00,9,2021
1559405395,33f52838-26af-35d9-8777-42864992f18b,-1.26084,-55.76501,2021-09-12 17:20:00,Brasil,PARA,OBIDOS,Amazônia,2021-09-12 17:20:00,9,2021
1559405400,0a0e9b4b-f514-363b-8382-8ee915f8ba29,-1.2868,-55.74569,2021-09-12 17:20:00,Brasil,PARA,OBIDOS,Amazônia,2021-09-12 17:20:00,9,2021
1559405401,079e6b08-6677-35ea-8f40-3fb213f4b644,-1.28808,-55.75459,2021-09-12 17:20:00,Brasil,PARA,OBIDOS,Amazônia,2021-09-12 17:20:00,9,2021
1559405402,8c43fb17-4a63-36dd-bb54-35f2d8a9cd10,-1.34374,-55.44098,2021-09-12 17:20:00,Brasil,PARA,OBIDOS,Amazônia,2021-09-12 17:20:00,9,2021
1559405403,f5aa8fd0-f975-35b1-bd87-efd429438320,-1.34502,-55.44991,2021-09-12 17:20:00,Brasil,PARA,OBIDOS,Amazônia,2021-09-12 17:20:00,9,2021
1559405407,c9cffb24-01fa-3104-a701-8019e3c1f637,-1.56843,-55.53283,2021-09-12 17:20:00,Brasil,PARA,OBIDOS,Amazônia,2021-09-12 17:20:00,9,2021
1559405408,d83aa96a-8a0e-39f8-bc49-a5c297467af5,-1.58129,-55.36719,2021-09-12 17:20:00,Brasil,PARA,OBIDOS,Amazônia,2021-09-12 17:20:00,9,2021
1559405409,179928f0-9d30-36e0-895e-076156d22c34,-1.59786,-55.48313,2021-09-12 17:20:00,Brasil,PARA,OBIDOS,Amazônia,2021-09-12 17:20:00,9,2021
1559405603,4fac8c8d-63a6-37f4-8ac3-f7127f74b0e3,2.13609,-55.88803,2021-09-12 17:20:00,Brasil,PARA,OBIDOS,Amazônia,2021-09-12 17:20:00,9,2021
1559405604,69c62c45-1e0b-3d90-a8f7-f8c597842c38,2.14636,-55.88034,2021-09-12 17:20:00,Brasil,PARA,OBIDOS,Amazônia,2021-09-12 17:20:00,9,2021
1549562157,516563c1-fe31-30e1-a67a-f7aecff48a6c,-1.85668,-55.1875,2021-08-04 17:11:00,Brasil,PARA,OBIDOS,Amazônia,2021-08-04 17:11:00,8,2021
1549562153,72e6ae97-5839-313a-956d-9b2ba206ba12,-1.8346,-55.22819,2021-08-04 17:11:00,Brasil,PARA,OBIDOS,Amazônia,2021-08-04 17:11:00,8,2021
1549562146,0b6bd472-834b-3577-969e-142fc8dc8cee,-1.80642,-55.60913,2021-08-04 17:11:00,Brasil,PARA,OBIDOS,Amazônia,2021-08-04 17:11:00,8,2021
1549562142,33831a82-d146-340d-8bd0-627d790e58bc,-1.77601,-55.64874,2021-08-04 17:11:00,Brasil,PARA,OBIDOS,Amazônia,2021-08-04 17:11:00,8,2021
1549562140,2ef798a7-74ca-3b85-b910-b7461afa47f5,-1.72656,-55.36908,2021-08-04 17:11:00,Brasil,PARA,OBIDOS,Amazônia,2021-08-04 17:11:00,8,2021
1549562134,5a616a59-1a65-3e8e-ad78-6d21830611ec,-1.72523,-55.35981,2021-08-04 17:11:00,Brasil,PARA,OBIDOS,Amazônia,2021-08-04 17:11:00,8,2021
1549562132,d17bffc1-ab02-36f9-bb31-8b1ef9bbfbd5,-1.69672,-55.48739,2021-08-04 17:11:00,Brasil,PARA,OBIDOS,Amazônia,2021-08-04 17:11:00,8,2021
1546995132,f7f2e4b7-ac77-387f-8575-9dfc2260c8f8,-1.82653,-55.33829,2021-07-26 17:20:00,Brasil,PARA,OBIDOS,Amazônia,2021-07-26 17:20:00,7,2021
1546995131,486f2aff-3542-3619-8507-d0626b4fe9ad,-1.81707,-55.65495,2021-07-26 17:20:00,Brasil,PARA,OBIDOS,Amazônia,2021-07-26 17:20:00,7,2021
1546995125,d5e77784-b31a-3aee-be0a-046bced9b366,-1.77236,-55.34258,2021-07-26 17:20:00,Brasil,PARA,OBIDOS,Amazônia,2021-07-26 17:20:00,7,2021
1546995124,82aa1fc9-da0c-3b9b-84ea-9a4dad5ceb7a,-1.73373,-55.52798,2021-07-26 17:20:00,Brasil,PARA,OBIDOS,Amazônia,2021-07-26 17:20:00,7,2021
1546995123,92c8a53a-0045-351c-8d5f-83ae4ebb7a10,-1.73245,-55.51906,2021-07-26 17:20:00,Brasil,PARA,OBIDOS,Amazônia,2021-07-26 17:20:00,7,2021
1546995122,dcc52c72-4c3f-342b-a5f3-ebed88530d1f,-1.73129,-55.24797,2021-07-26 17:20:00,Brasil,PARA,OBIDOS,Amazônia,2021-07-26 17:20:00,7,2021
1546995119,8284ccba-9df2-3a7f-9568-3091b46c7ad5,-1.662,-55.47456,2021-07-26 17:20:00,Brasil,PARA,OBIDOS,Amazônia,2021-07-26 17:20:00,7,2021
1546995118,a7d2d027-de6a-30c0-a572-23742e93c011,-1.68889,-55.53445,2021-07-26 17:20:00,Brasil,PARA,OBIDOS,Amazônia,2021-07-26 17:20:00,7,2021
1546995117,31397c5d-c8d8-3e3b-aa09-757b670d430f,-1.55768,-55.64747,2021-07-26 17:20:00,Brasil,PARA,OBIDOS,Amazônia,2021-07-26 17:20:00,7,2021
1546995115,370c3158-a70c-374e-bf40-90d9b08f1b45,-1.55641,-55.63855,2021-07-26 17:20:00,Brasil,PARA,OBIDOS,Amazônia,2021-07-26 17:20:00,7,2021
1546743427,c3252060-f322-3f99-912c-a26f52f6f4c7,-1.41191,-55.50021,2021-07-25 16:37:00,Brasil,PARA,OBIDOS,Amazônia,2021-07-25 16:37:00,7,2021
1546743272,2504e701-6003-3994-8d79-bf5189a0c375,-1.41053,-55.49641,2021-07-25 16:37:00,Brasil,PARA,OBIDOS,Amazônia,2021-07-25 16:37:00,7,2021
1546743140,a9f41b01-b9dd-3770-a9ec-160ca49e3cae,-1.40567,-55.4585,2021-07-25 16:37:00,Brasil,PARA,OBIDOS,Amazônia,2021-07-25 16:37:00,7,2021
1546742974,6302c9ea-9708-3e7a-aae7-749a800a6410,-1.40458,-55.45463,2021-07-25 16:37:00,Brasil,PARA,OBIDOS,Amazônia,2021-07-25 16:37:00,7,2021
1546543438,f5a17ae1-0f32-3128-b5d5-89151a969d79,-1.84163,-55.20705,2021-07-24 17:32:00,Brasil,PARA,OBIDOS,Amazônia,2021-07-24 17:32:00,7,2021
1547492330,0da836ea-fbaa-3c09-b632-9f83c61c7434,-1.81559,-55.3338,2021-07-28 17:07:00,Brasil,PARA,OBIDOS,Amazônia,2021-07-28 17:07:00,7,2021
1547492328,0adf92d3-7bd6-3f97-a645-58e5de38bef8,-1.81407,-55.32296,2021-07-28 17:07:00,Brasil,PARA,OBIDOS,Amazônia,2021-07-28 17:07:00,7,2021
1547492324,07f2223b-a686-39b8-bfe0-1cc943dfaf81,-1.75628,-55.34779,2021-07-28 17:07:00,Brasil,PARA,OBIDOS,Amazônia,2021-07-28 17:07:00,7,2021
1547492322,b6b5aa5a-0cf5-31ec-a6f8-a834530eaed0,-1.75474,-55.33697,2021-07-28 17:07:00,Brasil,PARA,OBIDOS,Amazônia,2021-07-28 17:07:00,7,2021
1547492316,cd43fd8d-83d3-3442-907a-eb364eb3202b,-1.74647,-55.34922,2021-07-28 17:07:00,Brasil,PARA,OBIDOS,Amazônia,2021-07-28 17:07:00,7,2021
1547492314,59fd266d-fa17-3e7c-9c97-aed0c2dbe40b,-1.69456,-55.56392,2021-07-28 17:07:00,Brasil,PARA,OBIDOS,Amazônia,2021-07-28 17:07:00,7,2021
1547492310,d782c92e-6259-3987-95de-3a9b12bcfa17,-1.69299,-55.55284,2021-07-28 17:07:00,Brasil,PARA,OBIDOS,Amazônia,2021-07-28 17:07:00,7,2021
1546320727,79358c3c-efd2-3e8d-a5a3-dc579be02e83,-1.708,-55.354,2021-07-23 16:45:00,Brasil,PARA,OBIDOS,Amazônia,2021-07-23 16:45:00,7,2021
1546320726,563f4d5d-7c7c-35d9-9cc0-579ab6bfd4b5,-1.703,-55.359,2021-07-23 16:45:00,Brasil,PARA,OBIDOS,Amazônia,2021-07-23 16:45:00,7,2021
1546320725,1d4913f7-0718-3fc6-a2dd-7d9ee8ad9848,-1.707,-55.383,2021-07-23 16:45:00,Brasil,PARA,OBIDOS,Amazônia,2021-07-23 16:45:00,7,2021
1547492588,f08bc57b-d2f4-38c3-b7e3-49e72bc6cba5,-1.60783,-55.52544,2021-07-28 17:07:00,Brasil,PARA,OBIDOS,Amazônia,2021-07-28 17:07:00,7,2021
1547492584,0a8ae3ca-7944-3113-b007-0edd5621f1bc,-1.59792,-55.52681,2021-07-28 17:07:00,Brasil,PARA,OBIDOS,Amazônia,2021-07-28 17:07:00,7,2021
1547492581,217c3881-de6c-3eff-befe-01a3ea8a78b8,-1.59637,-55.5159,2021-07-28 17:07:00,Brasil,PARA,OBIDOS,Amazônia,2021-07-28 17:07:00,7,2021
1539323359,bc1b154d-e05d-3436-89e8-193011041cd1,-1.738,-55.32,2021-06-01 17:10:00,Brasil,PARA,OBIDOS,Amazônia,2021-06-01 17:10:00,6,2021
1539323361,ee57b934-a63d-37be-b541-06b6eda35236,-1.806,-55.285,2021-06-01 17:10:00,Brasil,PARA,OBIDOS,Amazônia,2021-06-01 17:10:00,6,2021
1539323362,41efc78c-74ad-3f39-a1a1-16c8ffb27be6,-1.808,-55.294,2021-06-01 17:10:00,Brasil,PARA,OBIDOS,Amazônia,2021-06-01 17:10:00,6,2021
1539323366,7eb62dfc-fd4c-3269-8181-077f538dabba,-1.813,-55.332,2021-06-01 17:10:00,Brasil,PARA,OBIDOS,Amazônia,2021-06-01 17:10:00,6,2021
1539323376,ae5fb274-cf5a-324e-ad40-dd1f4ea5c719,-1.851,-55.204,2021-06-01 17:10:00,Brasil,PARA,OBIDOS,Amazônia,2021-06-01 17:10:00,6,2021
1539323378,7604f268-2697-3dfa-82b3-3a57bed9ebd6,-1.899,-55.348,2021-06-01 17:10:00,Brasil,PARA,OBIDOS,Amazônia,2021-06-01 17:10:00,6,2021
1539323379,1508d24a-87f8-3d99-b640-a56f24a930c9,-1.9,-55.357,2021-06-01 17:10:00,Brasil,PARA,OBIDOS,Amazônia,2021-06-01 17:10:00,6,2021
1539323382,4b19a168-2a6f-3218-8727-7b8970846e22,-1.908,-55.349,2021-06-01 17:10:00,Brasil,PARA,OBIDOS,Amazônia,2021-06-01 17:10:00,6,2021
1539323384,daf4d16a-ee70-3ebe-8ce7-3980441f1672,-1.909,-55.359,2021-06-01 17:10:00,Brasil,PARA,OBIDOS,Amazônia,2021-06-01 17:10:00,6,2021
1539536994,d959e628-0c89-3e4d-86c5-861a02a128ce,-1.783,-55.341,2021-06-06 17:30:00,Brasil,PARA,OBIDOS,Amazônia,2021-06-06 17:30:00,6,2021
1536989575,8511bdfb-5dd0-3e83-9e33-22c584264cca,-1.887,-55.273,2021-05-02 17:00:00,Brasil,PARA,OBIDOS,Amazônia,2021-05-02 17:00:00,5,2021
1538533770,078df351-1c02-302a-8b28-de50674bd44e,-1.594,-55.267,2021-05-23 17:15:00,Brasil,PARA,OBIDOS,Amazônia,2021-05-23 17:15:00,5,2021
1538533903,c28b585c-b86b-34ec-a3b3-67e061e2fc06,-1.824,-55.335,2021-05-23 17:15:00,Brasil,PARA,OBIDOS,Amazônia,2021-05-23 17:15:00,5,2021
1538690648,a7a0bc0c-409a-348e-9a8f-ecec6090c61b,-1.919,-55.351,2021-05-25 17:05:00,Brasil,PARA,OBIDOS,Amazônia,2021-05-25 17:05:00,5,2021
1533402923,5a4ba6fa-9b80-39aa-8efd-8b66a618b774,2.214,-55.816,2021-03-27 17:25:00,Brasil,PARA,OBIDOS,Amazônia,2021-03-27 17:25:00,3,2021
1533622922,ae5ea3d0-a934-3a59-a872-a3317863821e,-1.854,-55.297,2021-03-29 17:10:00,Brasil,PARA,OBIDOS,Amazônia,2021-03-29 17:10:00,3,2021
1528955277,9fb9cda3-6a6c-39b4-ad14-c0826a6923d3,1.491,-55.687,2021-02-16 17:20:00,Brasil,PARA,OBIDOS,Amazônia,2021-02-16 17:20:00,2,2021
1524283644,b50b82cc-d0bc-31e2-901f-f81c10889efd,-1.831,-55.287,2021-01-06 17:25:00,Brasil,PARA,OBIDOS,Amazônia,2021-01-06 17:25:00,1,2021
1525062064,a0761375-fdba-361e-9075-4a1a8837cbaa,1.502,-55.718,2021-01-13 17:30:00,Brasil,PARA,OBIDOS,Amazônia,2021-01-13 17:30:00,1,2021
1525321709,2e9886a6-037e-3769-a29c-9c16e3fd211c,-1.416,-55.415,2021-01-15 17:15:00,Brasil,PARA,OBIDOS,Amazônia,2021-01-15 17:15:00,1,2021
1525537900,35565eb1-7622-38ea-9e3b-2ab6bf5e4d18,-1.602,-55.529,2021-01-17 17:05:00,Brasil,PARA,OBIDOS,Amazônia,2021-01-17 17:05:00,1,2021
1525537872,c1df527f-a5e0-3e15-8bc3-3c11bab6a5b6,-1.581,-55.589,2021-01-17 17:05:00,Brasil,PARA,OBIDOS,Amazônia,2021-01-17 17:05:00,1,2021
1525537871,d50b967c-d423-3da3-8d32-4c105907e76d,-1.589,-55.299,2021-01-17 17:05:00,Brasil,PARA,OBIDOS,Amazônia,2021-01-17 17:05:00,1,2021
1525537867,a09336ad-379e-3af1-a03d-40b5f54aa928,-1.401,-55.616,2021-01-17 17:05:00,Brasil,PARA,OBIDOS,Amazônia,2021-01-17 17:05:00,1,2021
1525537849,9535770f-1d6f-3ba5-8795-860aba4787d1,-1.485,-55.418,2021-01-17 17:05:00,Brasil,PARA,OBIDOS,Amazônia,2021-01-17 17:05:00,1,2021
1525537924,adb81b58-f897-3825-9c8b-c3c372a20dd7,-1.483,-55.407,2021-01-17 17:05:00,Brasil,PARA,OBIDOS,Amazônia,2021-01-17 17:05:00,1,2021
1525537913,592d26e4-1da7-3047-a5a9-883434a3ab11,-1.649,-55.561,2021-01-17 17:05:00,Brasil,PARA,OBIDOS,Amazônia,2021-01-17 17:05:00,1,2021
1525983571,7a1db7f9-e008-3db5-bf5e-f5f3dcf64a44,1.918,-55.728,2021-01-20 17:35:00,Brasil,PARA,OBIDOS,Amazônia,2021-01-20 17:35:00,1,2021
1525983570,2f2c0942-9e39-3fe6-83ee-50a096f7a231,1.93,-55.73,2021-01-20 17:35:00,Brasil,PARA,OBIDOS,Amazônia,2021-01-20 17:35:00,1,2021
1525983567,91b94021-f903-3a80-868e-158989a26eb4,1.923,-55.734,2021-01-20 17:35:00,Brasil,PARA,OBIDOS,Amazônia,2021-01-20 17:35:00,1,2021
1525983702,a8484612-9f38-341b-a515-53cb78d5a63d,1.935,-55.736,2021-01-20 17:35:00,Brasil,PARA,OBIDOS,Amazônia,2021-01-20 17:35:00,1,2021
1525983667,84fe547d-718d-35de-a681-55cb44f3e935,1.932,-55.752,2021-01-20 17:35:00,Brasil,PARA,OBIDOS,Amazônia,2021-01-20 17:35:00,1,2021
1525983644,2188158b-b287-3a81-b27b-4a5beccb57cd,1.941,-55.731,2021-01-20 17:35:00,Brasil,PARA,OBIDOS,Amazônia,2021-01-20 17:35:00,1,2021
1525983469,c5e5bb9a-6953-3ba3-831b-9927f4a3d512,1.927,-55.746,2021-01-20 17:35:00,Brasil,PARA,OBIDOS,Amazônia,2021-01-20 17:35:00,1,2021
1536733419,e336f5fd-96d4-3a08-bb26-e8b5e5ad0621,2.315,-55.919,2021-04-28 17:25:00,Brasil,PARA,OBIDOS,Amazônia,2021-04-28 17:25:00,4,2021
1537315813,65a165b0-99c1-3507-96d9-cdaa2ba3cb8d,2.226,-55.866,2021-05-07 17:20:00,Brasil,PARA,OBIDOS,Amazônia,2021-05-07 17:20:00,5,2021
1537315811,7cf6d3fc-848c-3e41-b6b3-2f9d133ed7c1,2.224,-55.875,2021-05-07 17:20:00,Brasil,PARA,OBIDOS,Amazônia,2021-05-07 17:20:00,5,2021
1537456159,097644c9-e994-3fac-a9a2-9a282604f366,-1.784,-55.347,2021-05-09 17:05:00,Brasil,PARA,OBIDOS,Amazônia,2021-05-09 17:05:00,5,2021
1537456297,1689d7a8-8712-38ed-aaba-43c25f71358c,-1.782,-55.336,2021-05-09 17:05:00,Brasil,PARA,OBIDOS,Amazônia,2021-05-09 17:05:00,5,2021
1539323369,ae2ac8d0-5092-3dc9-bf86-1e735340a98d,-1.814,-55.341,2021-06-01 17:10:00,Brasil,PARA,OBIDOS,Amazônia,2021-06-01 17:10:00,6,2021
1539323371,281b1763-4f9a-3fde-ae01-601b41447790,-1.822,-55.33,2021-06-01 17:10:00,Brasil,PARA,OBIDOS,Amazônia,2021-06-01 17:10:00,6,2021
1539323372,0c263d9b-6d6a-35c5-a0d6-a28a23e2ba1e,-1.823,-55.34,2021-06-01 17:10:00,Brasil,PARA,OBIDOS,Amazônia,2021-06-01 17:10:00,6,2021
1540965861,7dfd3293-c92f-3ebc-bd96-e2ffcc053375,-1.808,-55.69,2021-06-22 17:30:00,Brasil,PARA,OBIDOS,Amazônia,2021-06-22 17:30:00,6,2021
1541370851,e56a6e6c-e338-3f96-af61-eb93caa721b4,-1.876,-55.191,2021-06-26 17:05:00,Brasil,PARA,OBIDOS,Amazônia,2021-06-26 17:05:00,6,2021
1541547982,e95fb42a-86a4-33b4-8233-f2aff0960ebb,-1.67,-55.562,2021-06-28 16:50:00,Brasil,PARA,OBIDOS,Amazônia,2021-06-28 16:50:00,6,2021
1541754841,5832edef-ccfe-3bf9-8192-bb3344953b82,-1.828,-55.648,2021-06-29 17:35:00,Brasil,PARA,OBIDOS,Amazônia,2021-06-29 17:35:00,6,2021
1541897014,ba5caa1f-e5b6-369e-8aa0-5458855c6f93,-1.815,-55.319,2021-06-30 16:40:00,Brasil,PARA,OBIDOS,Amazônia,2021-06-30 16:40:00,6,2021
1543702173,9e11b635-9736-37fe-a22c-d5f239d4aa33,-1.756,-55.375,2021-07-10 17:15:00,Brasil,PARA,OBIDOS,Amazônia,2021-07-10 17:15:00,7,2021
1543701766,26aec9d6-4041-3a7c-bb37-81a6c0361d71,1.934,-55.753,2021-07-10 17:20:00,Brasil,PARA,OBIDOS,Amazônia,2021-07-10 17:20:00,7,2021
1543702185,b301cac3-fd04-3751-a377-da91a9960ea4,-1.882,-55.225,2021-07-10 17:15:00,Brasil,PARA,OBIDOS,Amazônia,2021-07-10 17:15:00,7,2021
1543702175,abf96904-d3a1-3609-bc93-f2e8b9ab5249,-1.8,-55.353,2021-07-10 17:15:00,Brasil,PARA,OBIDOS,Amazônia,2021-07-10 17:15:00,7,2021
1543701124,bcb65f84-abc1-33e9-bc09-deff5df1cce2,1.957,-55.784,2021-07-10 17:20:00,Brasil,PARA,OBIDOS,Amazônia,2021-07-10 17:20:00,7,2021
1544466235,20e0c1b1-7b68-3389-8c27-383dbe7b0ad5,-1.869,-55.55,2021-07-14 16:50:00,Brasil,PARA,OBIDOS,Amazônia,2021-07-14 16:50:00,7,2021
1544466231,fe21ded8-ac90-3689-bac7-39e4c769078e,-1.834,-55.288,2021-07-14 16:50:00,Brasil,PARA,OBIDOS,Amazônia,2021-07-14 16:50:00,7,2021
1544466227,8d6317d1-0ad9-33c4-bb39-7eea73dafa7b,-1.832,-55.27,2021-07-14 16:50:00,Brasil,PARA,OBIDOS,Amazônia,2021-07-14 16:50:00,7,2021
1544466223,fe259c37-7780-3a8c-8850-840f555ee53b,-1.831,-55.295,2021-07-14 16:50:00,Brasil,PARA,OBIDOS,Amazônia,2021-07-14 16:50:00,7,2021
1544466220,b99cb53c-5710-37e8-a4b2-f539f27fb62b,-1.829,-55.278,2021-07-14 16:50:00,Brasil,PARA,OBIDOS,Amazônia,2021-07-14 16:50:00,7,2021
1545542520,c6be9f41-91f5-331e-b564-51ad2671d3fc,-1.251,-55.741,2021-07-19 17:10:00,Brasil,PARA,OBIDOS,Amazônia,2021-07-19 17:10:00,7,2021
1545542544,31646068-9c14-3011-a848-b5eed4c107c4,-1.804,-55.295,2021-07-19 17:10:00,Brasil,PARA,OBIDOS,Amazônia,2021-07-19 17:10:00,7,2021
1545542542,36930e65-7993-36d6-bc14-28cd569b9bcd,-1.679,-55.515,2021-07-19 17:10:00,Brasil,PARA,OBIDOS,Amazônia,2021-07-19 17:10:00,7,2021
1545542541,ce09bbdf-8b2f-35c0-839e-5da275047203,-1.792,-55.278,2021-07-19 17:10:00,Brasil,PARA,OBIDOS,Amazônia,2021-07-19 17:10:00,7,2021
1545542537,e91523d3-4776-34ca-911b-a20fe7d4f5d6,-1.727,-55.34,2021-07-19 17:10:00,Brasil,PARA,OBIDOS,Amazônia,2021-07-19 17:10:00,7,2021
1545542535,27c7137f-4f83-3b45-ae18-d73cfcb8c9b7,-1.562,-55.538,2021-07-19 17:10:00,Brasil,PARA,OBIDOS,Amazônia,2021-07-19 17:10:00,7,2021
1545542533,ab5002c0-3355-374d-8b61-2b15156c4b78,-1.262,-55.75,2021-07-19 17:10:00,Brasil,PARA,OBIDOS,Amazônia,2021-07-19 17:10:00,7,2021
1545542530,3d1c9279-44a7-358a-8b3f-5a1f4b1c2fa4,-1.26,-55.74,2021-07-19 17:10:00,Brasil,PARA,OBIDOS,Amazônia,2021-07-19 17:10:00,7,2021
1545542527,63ec04cf-cea3-3c5e-b828-202d7ad4a931,-1.253,-55.751,2021-07-19 17:10:00,Brasil,PARA,OBIDOS,Amazônia,2021-07-19 17:10:00,7,2021
1545916765,402d69df-aedd-37e4-aa63-931ed4b9d30e,-1.766,-55.661,2021-07-21 17:00:00,Brasil,PARA,OBIDOS,Amazônia,2021-07-21 17:00:00,7,2021
1545917114,f57a3c42-41aa-3496-b4ff-1e35910e5d67,-1.653,-55.668,2021-07-21 17:00:00,Brasil,PARA,OBIDOS,Amazônia,2021-07-21 17:00:00,7,2021
1545916933,6b5062a5-5cf8-39ee-99ce-bea30ec61c5f,-1.651,-55.661,2021-07-21 17:00:00,Brasil,PARA,OBIDOS,Amazônia,2021-07-21 17:00:00,7,2021
1545916702,04b76df9-546f-35ca-8aeb-c1893a610be1,-1.756,-55.349,2021-07-21 17:00:00,Brasil,PARA,OBIDOS,Amazônia,2021-07-21 17:00:00,7,2021
1545916685,d4b98209-e3d8-3bbd-ac1c-eb708f355b90,-1.721,-55.34,2021-07-21 17:00:00,Brasil,PARA,OBIDOS,Amazônia,2021-07-21 17:00:00,7,2021
1546543437,64e27e68-2148-33f1-a61e-edc7b7dc274d,-1.50271,-55.40426,2021-07-24 17:32:00,Brasil,PARA,OBIDOS,Amazônia,2021-07-24 17:32:00,7,2021
1546543436,f6097bc6-fc93-35e5-aeea-1b3068ba595f,-1.70659,-55.39834,2021-07-24 17:32:00,Brasil,PARA,OBIDOS,Amazônia,2021-07-24 17:32:00,7,2021
1573832013,db51790a-5017-35d6-a786-761cc4a1e89d,-1.17905,-56.05721,2022-01-11 17:13:00,Brasil,PARA,OBIDOS,Amazônia,2022-01-11 17:13:00,1,2022
1573943490,3dd27c6e-4fe0-3564-9bb1-4e500c87874c,1.78161,-55.80624,2022-01-12 17:58:00,Brasil,PARA,OBIDOS,Amazônia,2022-01-12 17:58:00,1,2022
1575126360,f3cf1e45-a393-3e57-81e8-303de74d9c4c,-1.89585,-55.21058,2022-01-22 16:54:00,Brasil,PARA,OBIDOS,Amazônia,2022-01-22 16:54:00,1,2022
1579993566,bf900fb6-63e9-3815-b26e-a7ee76b6630a,-1.95854,-55.25409,2022-03-04 16:49:00,Brasil,PARA,OBIDOS,Amazônia,2022-03-04 16:49:00,3,2022
1581076090,cc4dcd7e-4d5f-3be4-a282-42de7d7806ce,-1.7296,-55.48261,2022-03-16 17:11:00,Brasil,PARA,OBIDOS,Amazônia,2022-03-16 17:11:00,3,2022
1587559079,66120b44-62c8-3afd-b7c0-ee16eabe0850,-1.81262,-55.67085,2022-05-26 17:09:00,Brasil,PARA,OBIDOS,Amazônia,2022-05-26 17:09:00,5,2022
1588307207,283f72a9-4d9c-3e02-99dc-ec8cb76c4eb7,1.96073,-55.76609,2022-06-05 17:47:00,Brasil,PARA,OBIDOS,Amazônia,2022-06-05 17:47:00,6,2022
1589041992,af0866ef-0640-3634-80ce-ed661393730b,1.83877,-55.80274,2022-06-13 16:56:00,Brasil,PARA,OBIDOS,Amazônia,2022-06-13 16:56:00,6,2022
1589502823,dfbbbc4c-dc16-3c40-8632-f6379aad500c,-1.84517,-55.21118,2022-06-18 17:11:00,Brasil,PARA,OBIDOS,Amazônia,2022-06-18 17:11:00,6,2022
1589502819,05bd1dc1-9f96-36f3-a668-a135a1a3c96f,-1.42445,-55.41272,2022-06-18 17:11:00,Brasil,PARA,OBIDOS,Amazônia,2022-06-18 17:11:00,6,2022
1589502821,e378e01c-ebef-3a2e-ac08-e0c9b88cfa7c,-1.7291,-55.5467,2022-06-18 17:11:00,Brasil,PARA,OBIDOS,Amazônia,2022-06-18 17:11:00,6,2022
1589502822,3b4a91a3-0abf-3123-b979-eceebdd774e9,-1.86222,-55.46388,2022-06-18 17:11:00,Brasil,PARA,OBIDOS,Amazônia,2022-06-18 17:11:00,6,2022
1589502824,d067c3ea-5c1b-3da3-a06c-f12797896c68,-1.84659,-55.22102,2022-06-18 17:11:00,Brasil,PARA,OBIDOS,Amazônia,2022-06-18 17:11:00,6,2022
1589502826,f9aa2365-8721-3a4a-9e33-37895a30bc19,-1.86367,-55.47397,2022-06-18 17:11:00,Brasil,PARA,OBIDOS,Amazônia,2022-06-18 17:11:00,6,2022
1589645404,d0fdb4a9-b329-3685-b1d7-1a403e78a36d,-1.72822,-55.46922,2022-06-20 17:00:00,Brasil,PARA,OBIDOS,Amazônia,2022-06-20 17:00:00,6,2022
1589930672,a717ebe1-6571-3f7b-9b8a-eda9b1430f2b,-1.77224,-55.3516,2022-06-23 17:30:00,Brasil,PARA,OBIDOS,Amazônia,2022-06-23 17:30:00,6,2022
1589930677,e99058f8-c7e6-325e-9469-cdc41a02362c,-1.8097,-55.40842,2022-06-23 17:30:00,Brasil,PARA,OBIDOS,Amazônia,2022-06-23 17:30:00,6,2022
1589930681,b1500eb7-22dc-3c64-ae24-af5675b88b86,-1.86057,-55.32145,2022-06-23 17:30:00,Brasil,PARA,OBIDOS,Amazônia,2022-06-23 17:30:00,6,2022
1589930684,afc33814-0f07-3b3f-85aa-a231540f55b5,-1.87014,-55.32015,2022-06-23 17:30:00,Brasil,PARA,OBIDOS,Amazônia,2022-06-23 17:30:00,6,2022
1590080998,f45628e3-5919-3a1b-88e3-4f9478a58ea8,1.55146,-55.70973,2022-06-25 17:20:00,Brasil,PARA,OBIDOS,Amazônia,2022-06-25 17:20:00,6,2022
1590081030,79702ba1-90b7-396e-841f-f708be96e50d,-1.86079,-55.17786,2022-06-25 17:17:00,Brasil,PARA,OBIDOS,Amazônia,2022-06-25 17:17:00,6,2022
1590081046,db216c0e-3f53-3c0c-962c-beb4062c1e60,-1.83117,-55.22831,2022-06-25 17:17:00,Brasil,PARA,OBIDOS,Amazônia,2022-06-25 17:17:00,6,2022
1590081110,e7744628-8a54-3e4c-aad8-8341e88ff994,-1.82989,-55.28402,2022-06-25 17:17:00,Brasil,PARA,OBIDOS,Amazônia,2022-06-25 17:17:00,6,2022
1590292746,1574ae72-3e73-3178-9d0e-16a82be88eab,-1.86853,-55.1739,2022-06-27 17:05:00,Brasil,PARA,OBIDOS,Amazônia,2022-06-27 17:05:00,6,2022
1591199354,6863a79d-ea4d-3dc6-8ae5-373f500a7855,1.48413,-55.73566,2022-07-04 17:09:00,Brasil,PARA,OBIDOS,Amazônia,2022-07-04 17:09:00,7,2022
1591199355,65a7e520-9899-3aed-b032-687afbba9f81,1.5436,-55.6685,2022-07-04 17:09:00,Brasil,PARA,OBIDOS,Amazônia,2022-07-04 17:09:00,7,2022
1591199553,5700f6b9-bb09-37ca-bdb0-ae3743e2aaf4,1.54513,-55.658,2022-07-04 17:09:00,Brasil,PARA,OBIDOS,Amazônia,2022-07-04 17:09:00,7,2022
1591326584,e9b56344-2093-3957-9643-1aef406a9553,1.97922,-55.74895,2022-07-05 17:54:00,Brasil,PARA,OBIDOS,Amazônia,2022-07-05 17:54:00,7,2022
1591326585,4106cfd0-2c24-30fe-bf05-399a33c79026,1.98285,-55.72898,2022-07-05 17:54:00,Brasil,PARA,OBIDOS,Amazônia,2022-07-05 17:54:00,7,2022
1591326589,33577515-34a7-3380-8f46-3084370e00b1,2.21186,-55.82986,2022-07-05 17:54:00,Brasil,PARA,OBIDOS,Amazônia,2022-07-05 17:54:00,7,2022
1591326590,2aae7768-9b9e-368b-bcfd-ed8e278c736e,1.98318,-55.72157,2022-07-05 17:54:00,Brasil,PARA,OBIDOS,Amazônia,2022-07-05 17:54:00,7,2022
1591615075,1346dbcf-e308-33fc-b2ba-0e9d9cb24b89,-1.81556,-55.26033,2022-07-07 17:39:00,Brasil,PARA,OBIDOS,Amazônia,2022-07-07 17:39:00,7,2022
1591615199,af413dc6-ff6d-3dda-a7c9-b6e475925ce5,1.94752,-55.73274,2022-07-07 17:39:00,Brasil,PARA,OBIDOS,Amazônia,2022-07-07 17:39:00,7,2022
1592111321,44b9fb0e-fc4d-3b4c-92b7-5a503e0fa372,-1.68506,-55.59491,2022-07-11 17:13:00,Brasil,PARA,OBIDOS,Amazônia,2022-07-11 17:13:00,7,2022
1592111412,d2fe0f49-b49f-3a1c-928b-26c5cea90643,-1.6865,-55.60486,2022-07-11 17:13:00,Brasil,PARA,OBIDOS,Amazônia,2022-07-11 17:13:00,7,2022
1592399576,3f83f09f-9635-3ceb-9a08-79671b378f4a,-1.77562,-55.28543,2022-07-13 17:02:00,Brasil,PARA,OBIDOS,Amazônia,2022-07-13 17:02:00,7,2022
1592399608,410bd085-0cc9-3853-9995-df23c42904aa,-1.7778,-55.30084,2022-07-13 17:02:00,Brasil,PARA,OBIDOS,Amazônia,2022-07-13 17:02:00,7,2022
1592977690,f3383c6a-208b-3d9f-9b06-09aeb1c1c867,2.23002,-55.90585,2022-07-18 17:20:00,Brasil,PARA,OBIDOS,Amazônia,2022-07-18 17:20:00,7,2022
1592977691,eec3b9ff-d2ed-3130-a670-6740d0876390,2.24026,-55.89822,2022-07-18 17:20:00,Brasil,PARA,OBIDOS,Amazônia,2022-07-18 17:20:00,7,2022
1592977692,af89b8ce-924c-309d-9a32-fad8de18b2e9,2.24921,-55.89951,2022-07-18 17:20:00,Brasil,PARA,OBIDOS,Amazônia,2022-07-18 17:20:00,7,2022
1593211993,54ab67c4-ed4e-3bae-accc-6a2c7936d69d,-1.42355,-55.7155,2022-07-20 17:07:00,Brasil,PARA,OBIDOS,Amazônia,2022-07-20 17:07:00,7,2022
1593212001,903ebc42-6786-3597-918b-e0a5299d7085,-1.67558,-55.47288,2022-07-20 17:07:00,Brasil,PARA,OBIDOS,Amazônia,2022-07-20 17:07:00,7,2022
1593212006,069b3a1f-654f-3d12-8746-2992dbcb1b54,-1.91357,-55.29087,2022-07-20 17:07:00,Brasil,PARA,OBIDOS,Amazônia,2022-07-20 17:07:00,7,2022
1593212007,955ec8af-2ac5-34a1-85fe-c6a1651d170c,-1.91541,-55.30368,2022-07-20 17:07:00,Brasil,PARA,OBIDOS,Amazônia,2022-07-20 17:07:00,7,2022
1593446687,e4750f07-860b-38ed-ba00-407a539080d9,-1.67288,-55.31042,2022-07-22 16:54:00,Brasil,PARA,OBIDOS,Amazônia,2022-07-22 16:54:00,7,2022
1593446691,14da2911-b576-3de2-a7b0-ff57c4446576,-1.67974,-55.31402,2022-07-22 16:54:00,Brasil,PARA,OBIDOS,Amazônia,2022-07-22 16:54:00,7,2022
1593715524,14ce883a-b145-39c3-8a9e-bd076b280fd2,-1.63467,-55.51735,2022-07-24 16:39:00,Brasil,PARA,OBIDOS,Amazônia,2022-07-24 16:39:00,7,2022
1593715525,89807119-57ba-3b9b-8ba5-9851a8387b3d,-1.63483,-55.50991,2022-07-24 16:39:00,Brasil,PARA,OBIDOS,Amazônia,2022-07-24 16:39:00,7,2022
1593873326,8a97d81f-2c74-314b-ac25-a81e23f55feb,-1.8383,-55.3308,2022-07-25 17:24:00,Brasil,PARA,OBIDOS,Amazônia,2022-07-25 17:24:00,7,2022
1593873331,22647ff9-0339-30ec-8f5e-9cab9bdbc6bd,-1.81769,-55.25148,2022-07-25 17:24:00,Brasil,PARA,OBIDOS,Amazônia,2022-07-25 17:24:00,7,2022
1593873334,506ed1bf-d666-36ae-8839-2b8d0a621f59,-1.81748,-55.63097,2022-07-25 17:24:00,Brasil,PARA,OBIDOS,Amazônia,2022-07-25 17:24:00,7,2022
1593873621,83a2320a-a7c5-3d83-8841-85e479b3029a,-1.8113,-55.27072,2022-07-25 17:24:00,Brasil,PARA,OBIDOS,Amazônia,2022-07-25 17:24:00,7,2022
1593873625,aafddd05-ebab-3375-b5cc-2bb33c532e47,-1.81001,-55.26175,2022-07-25 17:24:00,Brasil,PARA,OBIDOS,Amazônia,2022-07-25 17:24:00,7,2022
1593874314,29703df4-5c0b-3d61-a6cc-231549690964,-1.66754,-55.55013,2022-07-25 17:24:00,Brasil,PARA,OBIDOS,Amazônia,2022-07-25 17:24:00,7,2022
1593874328,a40a94f3-9771-3a4e-93ed-719cf44c3c5b,-1.73663,-55.52193,2022-07-25 17:24:00,Brasil,PARA,OBIDOS,Amazônia,2022-07-25 17:24:00,7,2022
1594167907,3e3e8845-8d18-33a2-b6d8-322d3bed69e5,-1.80656,-55.35705,2022-07-27 17:09:00,Brasil,PARA,OBIDOS,Amazônia,2022-07-27 17:09:00,7,2022
1594167908,ecdcb0ea-8386-3aca-ae1d-a0b40e389dc3,-1.80811,-55.36793,2022-07-27 17:09:00,Brasil,PARA,OBIDOS,Amazônia,2022-07-27 17:09:00,7,2022
1594167910,6c0ce2cc-2817-3e33-b8f2-31df1fb91554,-1.81274,-55.40051,2022-07-27 17:09:00,Brasil,PARA,OBIDOS,Amazônia,2022-07-27 17:09:00,7,2022
1594167911,f8572766-1fef-300d-a5a7-b7a2d9da1f33,-1.81431,-55.41156,2022-07-27 17:09:00,Brasil,PARA,OBIDOS,Amazônia,2022-07-27 17:09:00,7,2022
1594167913,9009f297-ffed-3053-9631-c7353205af1a,-1.8226,-55.39917,2022-07-27 17:09:00,Brasil,PARA,OBIDOS,Amazônia,2022-07-27 17:09:00,7,2022
1594167914,18cc4eb3-9ab3-329d-bd0b-111c77752cc5,-1.82417,-55.41018,2022-07-27 17:09:00,Brasil,PARA,OBIDOS,Amazônia,2022-07-27 17:09:00,7,2022
1594372426,708a1646-aaf2-3c10-bd5e-b876cabe4541,-1.58832,-55.53809,2022-07-29 16:58:00,Brasil,PARA,OBIDOS,Amazônia,2022-07-29 16:58:00,7,2022
1594372431,b04113a9-2692-37f3-b964-19979a0be91d,-1.58834,-55.54322,2022-07-29 16:58:00,Brasil,PARA,OBIDOS,Amazônia,2022-07-29 16:58:00,7,2022
1594372440,20c6aad3-de41-31ca-875e-f2af970642e5,-1.68837,-55.59491,2022-07-29 16:58:00,Brasil,PARA,OBIDOS,Amazônia,2022-07-29 16:58:00,7,2022
1594372443,e2db3f1b-2a2f-392f-a07a-6a7f0780b28f,-1.69105,-55.61404,2022-07-29 16:58:00,Brasil,PARA,OBIDOS,Amazônia,2022-07-29 16:58:00,7,2022
1594372445,9f184acb-19bb-30c6-a719-a9577554e7af,-1.68812,-55.60175,2022-07-29 16:58:00,Brasil,PARA,OBIDOS,Amazônia,2022-07-29 16:58:00,7,2022
1594786542,1b000d6b-e743-380f-aeba-b0f96d566be2,-1.53146,-55.37739,2022-08-03 17:15:00,Brasil,PARA,OBIDOS,Amazônia,2022-08-03 17:15:00,8,2022
1594786587,c0f0d01b-f45b-3613-9c50-2dc0a711dcf9,-1.84463,-55.19159,2022-08-03 17:15:00,Brasil,PARA,OBIDOS,Amazônia,2022-08-03 17:15:00,8,2022
1595005487,947ad99a-78d2-3001-8c4b-d975db288ac9,-1.78144,-55.28322,2022-08-05 17:02:00,Brasil,PARA,OBIDOS,Amazônia,2022-08-05 17:02:00,8,2022
1595005507,de357e68-bb7a-3a76-8dee-76168958ab5f,-1.80417,-55.27998,2022-08-05 17:02:00,Brasil,PARA,OBIDOS,Amazônia,2022-08-05 17:02:00,8,2022
1595005520,a12b6d3b-2b4d-3434-b693-cc6f6c85aaa4,-1.80628,-55.2948,2022-08-05 17:02:00,Brasil,PARA,OBIDOS,Amazônia,2022-08-05 17:02:00,8,2022
1595005525,97a78a39-fc3b-33c2-a7c5-814c10d4762c,-1.81199,-55.67115,2022-08-05 17:02:00,Brasil,PARA,OBIDOS,Amazônia,2022-08-05 17:02:00,8,2022
1595005527,2c4ce004-a49e-3af2-977c-96d74ee1154a,-1.8142,-55.68709,2022-08-05 17:02:00,Brasil,PARA,OBIDOS,Amazônia,2022-08-05 17:02:00,8,2022
1595005537,82c37dc5-bc02-3fb1-8f24-594c5c9f4307,-1.81638,-55.6773,2022-08-05 17:02:00,Brasil,PARA,OBIDOS,Amazônia,2022-08-05 17:02:00,8,2022
1595005683,d72aaf81-2970-3bcf-aef1-aeca007366b3,1.5163,-55.73086,2022-08-05 17:05:00,Brasil,PARA,OBIDOS,Amazônia,2022-08-05 17:05:00,8,2022
1595199768,8a490e78-bf96-39c5-baac-29c8a5a130b9,-1.76857,-55.37297,2022-08-07 16:50:00,Brasil,PARA,OBIDOS,Amazônia,2022-08-07 16:50:00,8,2022
1595199895,0ec493ce-0d5b-3085-ac95-7845b5e36e15,-1.76936,-55.37749,2022-08-07 16:50:00,Brasil,PARA,OBIDOS,Amazônia,2022-08-07 16:50:00,8,2022
1595200788,bc9fb9a4-deac-361a-99f5-cf8e8538e676,-1.76592,-55.66719,2022-08-07 16:50:00,Brasil,PARA,OBIDOS,Amazônia,2022-08-07 16:50:00,8,2022
1595319005,c3401285-1f67-3a2d-b89c-18644335f382,-1.78806,-55.28209,2022-08-08 17:32:00,Brasil,PARA,OBIDOS,Amazônia,2022-08-08 17:32:00,8,2022
1595523227,3e5d2270-364f-3d38-a87d-3cf2f06e25f6,-1.48779,-55.69072,2022-08-10 17:20:00,Brasil,PARA,OBIDOS,Amazônia,2022-08-10 17:20:00,8,2022
1595523482,8ebc1650-5be4-3b7e-a6fe-eef072a0df21,-1.48908,-55.69981,2022-08-10 17:20:00,Brasil,PARA,OBIDOS,Amazônia,2022-08-10 17:20:00,8,2022
1595523645,ff97d07a-2bb6-3af4-a581-1d534ad4f042,-1.51085,-55.53063,2022-08-10 17:20:00,Brasil,PARA,OBIDOS,Amazônia,2022-08-10 17:20:00,8,2022
1595523649,564c96c3-1551-3bc8-8b00-8b4381f4431a,-1.51214,-55.53961,2022-08-10 17:20:00,Brasil,PARA,OBIDOS,Amazônia,2022-08-10 17:20:00,8,2022
1595523652,9d4a13e9-44fd-3b52-8aa4-b5a0b28fb6bd,-1.58399,-55.52268,2022-08-10 17:20:00,Brasil,PARA,OBIDOS,Amazônia,2022-08-10 17:20:00,8,2022
1595523678,e6bcd501-fbcd-3dc0-bf5e-921b88740b52,-1.8385,-55.18436,2022-08-10 17:20:00,Brasil,PARA,OBIDOS,Amazônia,2022-08-10 17:20:00,8,2022
1595523683,83fc20cf-688a-3fcb-b564-2a7cc8d0e52f,-1.84746,-55.18307,2022-08-10 17:20:00,Brasil,PARA,OBIDOS,Amazônia,2022-08-10 17:20:00,8,2022
1595524206,0e4aaa0d-0359-3439-b470-ab0fa0b7bdd4,-1.31938,-55.67181,2022-08-10 17:20:00,Brasil,PARA,OBIDOS,Amazônia,2022-08-10 17:20:00,8,2022
1595524375,66d0f292-d699-3c21-960e-21abfa98ac1c,-1.32068,-55.68086,2022-08-10 17:20:00,Brasil,PARA,OBIDOS,Amazônia,2022-08-10 17:20:00,8,2022
1595524428,4e300fc3-5193-3839-9542-1c8fa9b9dd39,2.05367,-55.77299,2022-08-10 17:20:00,Brasil,PARA,OBIDOS,Amazônia,2022-08-10 17:20:00,8,2022
1595640113,869bae79-407c-32d6-bea9-4b223560edd9,-1.49085,-55.3618,2022-08-11 18:02:00,Brasil,PARA,OBIDOS,Amazônia,2022-08-11 18:02:00,8,2022
1595640241,1e82393c-1b71-3507-87cf-ced1f6d7ac81,-1.491,-55.36647,2022-08-11 18:02:00,Brasil,PARA,OBIDOS,Amazônia,2022-08-11 18:02:00,8,2022
1595753169,552879f1-b172-3374-b27c-4f806ca93667,-1.50266,-55.39419,2022-08-12 17:07:00,Brasil,PARA,OBIDOS,Amazônia,2022-08-12 17:07:00,8,2022
1595753178,85237611-9d35-38f9-b3e6-bd0d07e104b8,-1.66247,-55.52684,2022-08-12 17:07:00,Brasil,PARA,OBIDOS,Amazônia,2022-08-12 17:07:00,8,2022
1595753179,1a1e22fc-84d0-38a6-83de-1a41cf70af52,-1.66429,-55.53958,2022-08-12 17:07:00,Brasil,PARA,OBIDOS,Amazônia,2022-08-12 17:07:00,8,2022
1595753180,8262a612-4e4a-357e-8ea9-4eceb53aeb03,-1.8156,-55.31255,2022-08-12 17:07:00,Brasil,PARA,OBIDOS,Amazônia,2022-08-12 17:07:00,8,2022
1595753181,754d1dad-cddb-3ad3-be8a-74fcfc89594e,-1.8174,-55.32512,2022-08-12 17:07:00,Brasil,PARA,OBIDOS,Amazônia,2022-08-12 17:07:00,8,2022
1595850251,bae80d4d-25ad-3420-a0a8-4a5009f45db2,-1.19096,-55.81913,2022-08-13 17:49:00,Brasil,PARA,OBIDOS,Amazônia,2022-08-13 17:49:00,8,2022
1596281009,d502a549-b10b-32ba-b369-a5900bcb76b5,-1.36338,-55.68937,2022-08-17 17:24:00,Brasil,PARA,OBIDOS,Amazônia,2022-08-17 17:24:00,8,2022
1596281028,8d370cb6-0de6-3bb1-99b1-cf5a02c54683,-1.64789,-55.6784,2022-08-17 17:24:00,Brasil,PARA,OBIDOS,Amazônia,2022-08-17 17:24:00,8,2022
1596281033,0114edf1-9e94-3e1d-a512-b2cbcd2f9893,-1.6913,-55.53566,2022-08-17 17:24:00,Brasil,PARA,OBIDOS,Amazônia,2022-08-17 17:24:00,8,2022
1596281037,c185b9b1-1992-3846-ba28-4ed37017792d,-1.69287,-55.35622,2022-08-17 17:24:00,Brasil,PARA,OBIDOS,Amazônia,2022-08-17 17:24:00,8,2022
1596281040,e9fd4e5d-1ba6-3d86-9f28-cc0dc154b76e,-1.7109,-55.41759,2022-08-17 17:24:00,Brasil,PARA,OBIDOS,Amazônia,2022-08-17 17:24:00,8,2022
1596281044,d627089f-2551-355a-95c3-a013f24816ba,-1.71219,-55.42653,2022-08-17 17:24:00,Brasil,PARA,OBIDOS,Amazônia,2022-08-17 17:24:00,8,2022
1596281065,6453d2b3-1d08-3900-ab8f-b6482e0bb67c,-1.77365,-55.34451,2022-08-17 17:24:00,Brasil,PARA,OBIDOS,Amazônia,2022-08-17 17:24:00,8,2022
1596281072,f9bfb2c9-8960-38ab-9057-5d2ad729a27d,-1.82784,-55.64912,2022-08-17 17:24:00,Brasil,PARA,OBIDOS,Amazônia,2022-08-17 17:24:00,8,2022
1596281076,60ddc5d0-b749-3e42-99ff-f4a0c4160219,-1.82912,-55.65803,2022-08-17 17:24:00,Brasil,PARA,OBIDOS,Amazônia,2022-08-17 17:24:00,8,2022
1596554991,bf05a3f7-e06c-3fb9-8805-7e07f05b5df1,-1.33541,-55.45796,2022-08-19 17:11:00,Brasil,PARA,OBIDOS,Amazônia,2022-08-19 17:11:00,8,2022
1596555027,d5ef2d72-148f-3c01-8ea8-2029b7c65931,-1.63457,-55.55205,2022-08-19 17:11:00,Brasil,PARA,OBIDOS,Amazônia,2022-08-19 17:11:00,8,2022
1596555042,f7567fec-d8fe-3ed7-95af-45562507a2c6,-1.74741,-55.33642,2022-08-19 17:11:00,Brasil,PARA,OBIDOS,Amazônia,2022-08-19 17:11:00,8,2022
1596555046,78b5a3ee-2955-36a9-8c3a-24261e2e5446,-1.74894,-55.34714,2022-08-19 17:11:00,Brasil,PARA,OBIDOS,Amazônia,2022-08-19 17:11:00,8,2022
1596555051,37952a15-ad7e-3c22-8e09-57654e24f2eb,-1.75048,-55.35792,2022-08-19 17:11:00,Brasil,PARA,OBIDOS,Amazônia,2022-08-19 17:11:00,8,2022
1596835937,7749008e-b903-3540-9e25-c682d55a3bbf,-1.71542,-55.35387,2022-08-21 16:58:00,Brasil,PARA,OBIDOS,Amazônia,2022-08-21 16:58:00,8,2022
1596835942,30faac7c-8873-3112-99f8-b7068f8d6d93,-1.71709,-55.34855,2022-08-21 16:58:00,Brasil,PARA,OBIDOS,Amazônia,2022-08-21 16:58:00,8,2022
1596835943,ddc30278-ff71-3f18-9c52-18a91b7f0a8e,-1.82609,-55.289,2022-08-21 16:58:00,Brasil,PARA,OBIDOS,Amazônia,2022-08-21 16:58:00,8,2022
1596835946,a8429ac5-a318-3b31-a043-f51c807b50b5,-1.86187,-55.45183,2022-08-21 16:58:00,Brasil,PARA,OBIDOS,Amazônia,2022-08-21 16:58:00,8,2022
1597640758,d8cc0f84-90a0-3496-b653-d92305310d59,2.04019,-55.79679,2022-08-26 17:17:00,Brasil,PARA,OBIDOS,Amazônia,2022-08-26 17:17:00,8,2022
1597640760,10d6c0bf-b6a3-30be-a5e4-5d30227195cb,2.04154,-55.78753,2022-08-26 17:17:00,Brasil,PARA,OBIDOS,Amazônia,2022-08-26 17:17:00,8,2022
1597978536,db48d335-3ab6-3d3c-aefa-d0f6aabcd694,-1.52018,-55.41877,2022-08-28 17:05:00,Brasil,PARA,OBIDOS,Amazônia,2022-08-28 17:05:00,8,2022
1597978600,e4dd8d6b-5d56-33c3-bdd5-184324fc7421,-1.67464,-55.46166,2022-08-28 17:05:00,Brasil,PARA,OBIDOS,Amazônia,2022-08-28 17:05:00,8,2022
1597978645,c531ece6-3432-3889-b959-7a61faaf741a,-1.80482,-55.40709,2022-08-28 17:05:00,Brasil,PARA,OBIDOS,Amazônia,2022-08-28 17:05:00,8,2022
1597978663,6b43ca3e-6023-3241-99fc-f0933a0e6d1b,-1.81463,-55.31389,2022-08-28 17:05:00,Brasil,PARA,OBIDOS,Amazônia,2022-08-28 17:05:00,8,2022
1598358859,ec7a2421-f45a-3d6d-b277-0cec22b18fc2,-1.48368,-55.40157,2022-08-30 16:50:00,Brasil,PARA,OBIDOS,Amazônia,2022-08-30 16:50:00,8,2022
1598358939,54e09a6c-0382-3c24-8528-30519a85bb85,-1.58001,-55.54861,2022-08-30 16:50:00,Brasil,PARA,OBIDOS,Amazônia,2022-08-30 16:50:00,8,2022
1598358947,3e6c437f-032f-3a62-8e03-3e7e6529e8bb,-1.5816,-55.55333,2022-08-30 16:50:00,Brasil,PARA,OBIDOS,Amazônia,2022-08-30 16:50:00,8,2022
1598358996,c77de528-f774-3800-8dbd-13cfa09396d8,-1.67119,-55.22885,2022-08-30 16:50:00,Brasil,PARA,OBIDOS,Amazônia,2022-08-30 16:50:00,8,2022
1598359003,5ee0f5bd-d5a6-345f-a8e9-3ab50b6cacb9,-1.6754,-55.25003,2022-08-30 16:50:00,Brasil,PARA,OBIDOS,Amazônia,2022-08-30 16:50:00,8,2022
1598359066,e9b4794f-7ac4-33d1-9dd1-3b84250c8310,-1.80795,-55.33902,2022-08-30 16:50:00,Brasil,PARA,OBIDOS,Amazônia,2022-08-30 16:50:00,8,2022
1598359074,71e11707-3c85-3801-b77c-e319a011de76,-1.80841,-55.33197,2022-08-30 16:50:00,Brasil,PARA,OBIDOS,Amazônia,2022-08-30 16:50:00,8,2022
1598585118,88f0d48d-105c-36d8-bbfe-b84906e7291a,-1.22677,-55.95882,2022-08-31 17:34:00,Brasil,PARA,OBIDOS,Amazônia,2022-08-31 17:34:00,8,2022
1598585125,82b495cd-a63f-3a4f-b8a6-3b4df5274149,-1.5006,-55.4501,2022-08-31 17:34:00,Brasil,PARA,OBIDOS,Amazônia,2022-08-31 17:34:00,8,2022
1598585127,4eef6b65-a595-3267-80a4-a7ac36a23ece,-1.51034,-55.44868,2022-08-31 17:34:00,Brasil,PARA,OBIDOS,Amazônia,2022-08-31 17:34:00,8,2022
1598585128,8a21b420-0191-34c2-bc18-4ce056ff088a,-1.53176,-55.39102,2022-08-31 17:34:00,Brasil,PARA,OBIDOS,Amazônia,2022-08-31 17:34:00,8,2022
1598585129,ec589dc2-fc81-39ba-ad95-d4ecbc3d79e4,-1.53333,-55.40178,2022-08-31 17:34:00,Brasil,PARA,OBIDOS,Amazônia,2022-08-31 17:34:00,8,2022
1598585130,b2261423-c297-391b-9789-290e4591a9ed,-1.70348,-55.37537,2022-08-31 17:34:00,Brasil,PARA,OBIDOS,Amazônia,2022-08-31 17:34:00,8,2022
1599001955,26aabcb5-b6af-35ad-a6e9-961236fcd479,-1.32848,-55.6643,2022-09-02 17:20:00,Brasil,PARA,OBIDOS,Amazônia,2022-09-02 17:20:00,9,2022
1599001959,0a2e0a6e-f171-3453-b7f4-18a444cb96ff,-1.40691,-55.44514,2022-09-02 17:20:00,Brasil,PARA,OBIDOS,Amazônia,2022-09-02 17:20:00,9,2022
1599001982,4119de6c-e515-381c-ad5f-74c4dcd81743,-1.25418,-55.79234,2022-09-02 17:20:00,Brasil,PARA,OBIDOS,Amazônia,2022-09-02 17:20:00,9,2022
1599002015,5dae4204-6126-3876-86ea-2d9c970ef9f4,-1.71547,-55.667,2022-09-02 17:20:00,Brasil,PARA,OBIDOS,Amazônia,2022-09-02 17:20:00,9,2022
1599002872,0efae41b-cfbb-3137-b7b3-4c4ba48422a9,-1.72319,-55.65666,2022-09-02 17:20:00,Brasil,PARA,OBIDOS,Amazônia,2022-09-02 17:20:00,9,2022
1599003110,0b1cbbc4-eb6f-3c08-be22-2507707fc93c,-1.77205,-55.55166,2022-09-02 17:20:00,Brasil,PARA,OBIDOS,Amazônia,2022-09-02 17:20:00,9,2022
1599003113,d877026d-6576-301f-98cf-a0ac139cfe1c,-1.82238,-55.646,2022-09-02 17:20:00,Brasil,PARA,OBIDOS,Amazônia,2022-09-02 17:20:00,9,2022
1599497999,6bb4c837-d31d-33d1-93b0-14c7b0a1b1ce,-1.58108,-55.54996,2022-09-04 17:07:00,Brasil,PARA,OBIDOS,Amazônia,2022-09-04 17:07:00,9,2022
1599498024,bbd35fea-1e4a-3cc1-805d-3a98e066c00a,-1.64788,-55.22777,2022-09-04 17:07:00,Brasil,PARA,OBIDOS,Amazônia,2022-09-04 17:07:00,9,2022
1599498032,767a2299-9e30-38d9-91dd-d78395348d99,-1.65359,-55.22142,2022-09-04 17:07:00,Brasil,PARA,OBIDOS,Amazônia,2022-09-04 17:07:00,9,2022
1599498039,012364ad-2fb4-343d-b235-083fa342019a,-1.6553,-55.23359,2022-09-04 17:07:00,Brasil,PARA,OBIDOS,Amazônia,2022-09-04 17:07:00,9,2022
1599498048,01901fc4-48cc-3bde-bfc1-3ed1e726455e,-1.78502,-55.34724,2022-09-04 17:07:00,Brasil,PARA,OBIDOS,Amazônia,2022-09-04 17:07:00,9,2022
1599498055,c41cbf13-9a63-36f8-a892-2bfd513b1611,-1.80899,-55.67113,2022-09-04 17:07:00,Brasil,PARA,OBIDOS,Amazônia,2022-09-04 17:07:00,9,2022
1599498063,13f9f326-5426-3d5c-9295-ebd824df87c3,-1.81083,-55.68433,2022-09-04 17:07:00,Brasil,PARA,OBIDOS,Amazônia,2022-09-04 17:07:00,9,2022
1599498071,ebacf3c8-a321-38eb-9f7e-90be97fe2062,-1.81791,-55.65663,2022-09-04 17:07:00,Brasil,PARA,OBIDOS,Amazônia,2022-09-04 17:07:00,9,2022
1599498080,e8823baa-e8a1-393c-a864-3f0bfdda48be,-1.81976,-55.66973,2022-09-04 17:07:00,Brasil,PARA,OBIDOS,Amazônia,2022-09-04 17:07:00,9,2022
1600910822,72e37d19-a062-3f70-be79-70d3c6a4433d,-1.3498,-55.67096,2022-09-09 17:24:00,Brasil,PARA,OBIDOS,Amazônia,2022-09-09 17:24:00,9,2022
1601388653,9e59fc92-76a9-372e-8318-35cde2235ea8,-0.36377,-55.80757,2022-09-11 17:11:00,Brasil,PARA,OBIDOS,Amazônia,2022-09-11 17:11:00,9,2022
1601388658,65d418e1-a337-3564-8c6c-279b6e371983,-1.19724,-55.91907,2022-09-11 17:11:00,Brasil,PARA,OBIDOS,Amazônia,2022-09-11 17:11:00,9,2022
1601388663,b796c295-87b4-3b2d-bca1-a224c679fa4a,-1.21088,-55.87078,2022-09-11 17:11:00,Brasil,PARA,OBIDOS,Amazônia,2022-09-11 17:11:00,9,2022
1601388667,bd2f6737-5f5c-3c99-b023-f01160fa0ea7,-1.25951,-55.6417,2022-09-11 17:11:00,Brasil,PARA,OBIDOS,Amazônia,2022-09-11 17:11:00,9,2022
1601388670,f5e855fa-4d57-3516-a62d-e95f006e8ebe,-1.27096,-55.65122,2022-09-11 17:11:00,Brasil,PARA,OBIDOS,Amazônia,2022-09-11 17:11:00,9,2022
1601388674,f01362bd-8a81-3195-8cdd-dd878ec31287,-1.27525,-55.75261,2022-09-11 17:11:00,Brasil,PARA,OBIDOS,Amazônia,2022-09-11 17:11:00,9,2022
1601388678,2157385b-92dd-39a5-9cc1-029d0c9e3c98,-1.27685,-55.76385,2022-09-11 17:11:00,Brasil,PARA,OBIDOS,Amazônia,2022-09-11 17:11:00,9,2022
1601388682,c9f7f6ba-915a-3353-a5fe-06d70f83f9fa,-1.33358,-55.6649,2022-09-11 17:11:00,Brasil,PARA,OBIDOS,Amazônia,2022-09-11 17:11:00,9,2022
1601388685,b6e65194-e7db-3dff-8b47-bc9b81b5e920,-1.3341,-55.65821,2022-09-11 17:11:00,Brasil,PARA,OBIDOS,Amazônia,2022-09-11 17:11:00,9,2022
1601388689,95591727-3892-38c5-a57c-33ba349d3ca7,-1.33565,-55.66926,2022-09-11 17:11:00,Brasil,PARA,OBIDOS,Amazônia,2022-09-11 17:11:00,9,2022
1601388705,31fec7a4-40bb-3619-94bb-e04b9987ae94,-1.75315,-55.3844,2022-09-11 17:11:00,Brasil,PARA,OBIDOS,Amazônia,2022-09-11 17:11:00,9,2022
1601388709,887c30ba-2ecc-372c-932f-e4e1e4690920,-1.80118,-55.36071,2022-09-11 17:11:00,Brasil,PARA,OBIDOS,Amazônia,2022-09-11 17:11:00,9,2022
1601388713,3bbce2be-c925-3868-8895-2348dc807af5,-1.81097,-55.35932,2022-09-11 17:11:00,Brasil,PARA,OBIDOS,Amazônia,2022-09-11 17:11:00,9,2022
1601783020,08b44916-c475-36c0-95e3-9027149102fd,-1.63559,-55.64735,2022-09-13 16:58:00,Brasil,PARA,OBIDOS,Amazônia,2022-09-13 16:58:00,9,2022
1601783150,aa62b17e-a42e-3ce2-805f-72c4a935ff21,-1.68522,-55.19194,2022-09-13 16:58:00,Brasil,PARA,OBIDOS,Amazônia,2022-09-13 16:58:00,9,2022
1601783199,3c99663c-15a6-3f33-abd1-94bc69fbadde,-1.49187,-55.46984,2022-09-13 16:58:00,Brasil,PARA,OBIDOS,Amazônia,2022-09-13 16:58:00,9,2022
1601783252,b7bde6a8-ae98-344a-ab16-90c01c643bb1,-1.68864,-55.18448,2022-09-13 16:58:00,Brasil,PARA,OBIDOS,Amazônia,2022-09-13 16:58:00,9,2022
1601783706,3a3b5c8b-4826-331d-b15d-f1c04e0995c9,-1.46892,-55.39865,2022-09-13 16:58:00,Brasil,PARA,OBIDOS,Amazônia,2022-09-13 16:58:00,9,2022
1601783833,3c5dce59-3a20-30b2-be91-91a901650f83,-1.47151,-55.41675,2022-09-13 16:58:00,Brasil,PARA,OBIDOS,Amazônia,2022-09-13 16:58:00,9,2022
1601783962,c81269e2-90f1-3195-996c-32de0aa7641b,-1.48922,-55.4515,2022-09-13 16:58:00,Brasil,PARA,OBIDOS,Amazônia,2022-09-13 16:58:00,9,2022
1601784095,0a0f771d-19ef-3f1f-bed4-a919069b59eb,2.20091,-55.83629,2022-09-13 17:00:00,Brasil,PARA,OBIDOS,Amazônia,2022-09-13 17:00:00,9,2022
1602126185,0cc9c8b4-0c3d-3cb0-8ffb-7d813b2c97e1,-1.18836,-55.71003,2022-09-15 16:48:00,Brasil,PARA,OBIDOS,Amazônia,2022-09-15 16:48:00,9,2022
1602126189,b86ce0f7-d36c-3c6c-bb12-e5b410198a4d,-1.19508,-55.7016,2022-09-15 16:48:00,Brasil,PARA,OBIDOS,Amazônia,2022-09-15 16:48:00,9,2022
1602126397,88e4a514-f017-3e90-8be3-02e2c361e6ba,-1.67685,-55.20126,2022-09-15 16:48:00,Brasil,PARA,OBIDOS,Amazônia,2022-09-15 16:48:00,9,2022
1602126421,3d4f42c6-340a-32c2-9b1c-aa1ed378205d,-1.68615,-55.19276,2022-09-15 16:48:00,Brasil,PARA,OBIDOS,Amazônia,2022-09-15 16:48:00,9,2022
1602313452,39e4c3ff-e9f0-3e62-b767-496f14edec0b,2.07612,-55.84145,2022-09-16 17:30:00,Brasil,PARA,OBIDOS,Amazônia,2022-09-16 17:30:00,9,2022
1602313453,d324207a-6863-3896-b3ea-67528cdffc44,2.07753,-55.83168,2022-09-16 17:30:00,Brasil,PARA,OBIDOS,Amazônia,2022-09-16 17:30:00,9,2022
1602313455,139fe113-df8b-38a1-8177-753bddffe47e,2.07893,-55.8219,2022-09-16 17:30:00,Brasil,PARA,OBIDOS,Amazônia,2022-09-16 17:30:00,9,2022
1602313650,fbe37699-ba49-3343-88b0-ac4a5e644002,-1.32399,-55.67732,2022-09-16 17:28:00,Brasil,PARA,OBIDOS,Amazônia,2022-09-16 17:28:00,9,2022
1602313652,2d69473d-090f-386b-bc2f-1d11fb76acf5,-1.41679,-55.41706,2022-09-16 17:28:00,Brasil,PARA,OBIDOS,Amazônia,2022-09-16 17:28:00,9,2022
1602730074,9c871f23-4c13-334a-a696-54ee74fbe865,-1.51796,-55.35072,2022-09-18 17:17:00,Brasil,PARA,OBIDOS,Amazônia,2022-09-18 17:17:00,9,2022
1602730243,cf94da69-45ee-3b93-8dd4-ca81ef92d0b9,-1.62494,-55.52636,2022-09-18 17:17:00,Brasil,PARA,OBIDOS,Amazônia,2022-09-18 17:17:00,9,2022
1602730255,35dc8b81-9f59-3e5f-a061-ad019c17dd97,1.49258,-55.72289,2022-09-18 17:17:00,Brasil,PARA,OBIDOS,Amazônia,2022-09-18 17:17:00,9,2022
1602730256,f7f363eb-f7df-3ca1-8032-a33291ecb4c4,1.68264,-55.81044,2022-09-18 17:17:00,Brasil,PARA,OBIDOS,Amazônia,2022-09-18 17:17:00,9,2022
1602730257,cc894e02-e536-3259-95be-2956e1fff5cd,1.50036,-55.73359,2022-09-18 17:17:00,Brasil,PARA,OBIDOS,Amazônia,2022-09-18 17:17:00,9,2022
1602730261,a5cecece-0efe-396b-8f0f-75267e001dcb,2.292,-55.86893,2022-09-18 17:17:00,Brasil,PARA,OBIDOS,Amazônia,2022-09-18 17:17:00,9,2022
1602730262,531bbd1b-9dff-3f3f-8dd8-4b615fbcceeb,2.29334,-55.85962,2022-09-18 17:17:00,Brasil,PARA,OBIDOS,Amazônia,2022-09-18 17:17:00,9,2022
1602730308,2b81ed05-6831-3e7f-a382-58d609d13889,-1.62631,-55.53603,2022-09-18 17:17:00,Brasil,PARA,OBIDOS,Amazônia,2022-09-18 17:17:00,9,2022
1602730337,0b59a9fe-d0a9-3ef6-9c25-3c08ae0172bd,-1.68219,-55.34408,2022-09-18 17:17:00,Brasil,PARA,OBIDOS,Amazônia,2022-09-18 17:17:00,9,2022
1602730341,0963fac8-a80a-37e3-9e79-f8909571ad94,-1.68355,-55.3537,2022-09-18 17:17:00,Brasil,PARA,OBIDOS,Amazônia,2022-09-18 17:17:00,9,2022
1602730346,e598ff4a-b47d-3439-84df-6ef40c7264e7,-1.7437,-55.44341,2022-09-18 17:17:00,Brasil,PARA,OBIDOS,Amazônia,2022-09-18 17:17:00,9,2022
1602730347,5144d4d5-0e36-3c39-b7c3-9ed778ad6103,-1.74508,-55.45304,2022-09-18 17:17:00,Brasil,PARA,OBIDOS,Amazônia,2022-09-18 17:17:00,9,2022
1602730350,9c9175f7-56dd-396c-8127-170071c090a8,-1.7484,-55.34437,2022-09-18 17:17:00,Brasil,PARA,OBIDOS,Amazônia,2022-09-18 17:17:00,9,2022
1602730355,19dfbcc5-d949-3918-8b9c-5455af088a24,-1.77785,-55.37384,2022-09-18 17:17:00,Brasil,PARA,OBIDOS,Amazônia,2022-09-18 17:17:00,9,2022
1602730358,662cf6d5-3028-300a-96a5-6439c9d997dc,-1.74979,-55.35401,2022-09-18 17:17:00,Brasil,PARA,OBIDOS,Amazônia,2022-09-18 17:17:00,9,2022
1602730392,8df58ebc-d7ef-3b80-88e5-37459b4bd651,-1.6239,-55.58631,2022-09-18 17:17:00,Brasil,PARA,OBIDOS,Amazônia,2022-09-18 17:17:00,9,2022
1603198437,b24aec60-bc78-3da4-a739-4131d6a82a17,-1.2008,-55.97283,2022-09-20 17:05:00,Brasil,PARA,OBIDOS,Amazônia,2022-09-20 17:05:00,9,2022
1603198438,d6ad7c17-0cec-3fea-ac90-c11b8fbdc7f3,-1.26154,-55.92363,2022-09-20 17:05:00,Brasil,PARA,OBIDOS,Amazônia,2022-09-20 17:05:00,9,2022
1603198439,f388746b-614e-3dd8-9cc5-1ee62da801df,-1.20903,-55.98141,2022-09-20 17:05:00,Brasil,PARA,OBIDOS,Amazônia,2022-09-20 17:05:00,9,2022
1603198440,9f7e9683-a48b-3043-8360-c03af894c7e9,-1.26396,-55.94018,2022-09-20 17:05:00,Brasil,PARA,OBIDOS,Amazônia,2022-09-20 17:05:00,9,2022
1603198443,4058ee9c-e892-37db-8466-9175cb98450b,-1.26688,-55.91795,2022-09-20 17:05:00,Brasil,PARA,OBIDOS,Amazônia,2022-09-20 17:05:00,9,2022
1603198444,7c222028-7d44-338a-9ff5-7b0cca425d72,-1.26918,-55.93449,2022-09-20 17:05:00,Brasil,PARA,OBIDOS,Amazônia,2022-09-20 17:05:00,9,2022
1603198475,1358d1a2-3471-3d31-865a-245878d38de0,-1.61751,-55.54862,2022-09-20 17:05:00,Brasil,PARA,OBIDOS,Amazônia,2022-09-20 17:05:00,9,2022
1603198482,25e302f3-e7d8-3200-ad6c-f032e4fb744c,-1.71142,-55.56053,2022-09-20 17:05:00,Brasil,PARA,OBIDOS,Amazônia,2022-09-20 17:05:00,9,2022
1603198483,8b3a6e2b-5092-3d7e-a1ad-11335234a84e,-1.71367,-55.57642,2022-09-20 17:05:00,Brasil,PARA,OBIDOS,Amazônia,2022-09-20 17:05:00,9,2022
1603566067,4473072b-49bd-3b01-aa16-19bda805492c,-1.61328,-55.61962,2022-09-22 16:50:00,Brasil,PARA,OBIDOS,Amazônia,2022-09-22 16:50:00,9,2022
1603715215,d3790b77-8dc6-3ed5-8ad1-1aca7cd04361,2.17997,-55.77527,2022-09-23 17:34:00,Brasil,PARA,OBIDOS,Amazônia,2022-09-23 17:34:00,9,2022
1603715738,82e96ef3-5cd4-3e8d-9b86-2679409e3d6c,-1.21857,-55.95771,2022-09-23 17:34:00,Brasil,PARA,OBIDOS,Amazônia,2022-09-23 17:34:00,9,2022
1603715739,24c86383-f4c4-37ea-9493-fe9cc96b8f40,-1.30121,-55.75367,2022-09-23 17:34:00,Brasil,PARA,OBIDOS,Amazônia,2022-09-23 17:34:00,9,2022
1603715741,a80f7001-8f0b-3277-ae3e-448d944e7321,-1.30928,-55.74207,2022-09-23 17:34:00,Brasil,PARA,OBIDOS,Amazônia,2022-09-23 17:34:00,9,2022
1603715742,70bdfe6e-bc3d-3255-9f90-299304b64368,-1.29975,-55.74349,2022-09-23 17:34:00,Brasil,PARA,OBIDOS,Amazônia,2022-09-23 17:34:00,9,2022
1603715743,30764661-fb68-327c-867d-0b91ae2a25e3,-1.2968,-55.72306,2022-09-23 17:34:00,Brasil,PARA,OBIDOS,Amazônia,2022-09-23 17:34:00,9,2022
1603992823,b748f6fc-0d1b-3afc-b0fe-04c531476d22,-1.81896,-55.4027,2022-09-25 17:20:00,Brasil,PARA,OBIDOS,Amazônia,2022-09-25 17:20:00,9,2022
1603992838,b7b1d767-7f57-3d30-8f31-b793a834c9e3,-1.82026,-55.41175,2022-09-25 17:20:00,Brasil,PARA,OBIDOS,Amazônia,2022-09-25 17:20:00,9,2022
1603992839,ffd6d8d4-92ca-353b-a378-ea6e69ec081f,-1.82515,-55.19087,2022-09-25 17:20:00,Brasil,PARA,OBIDOS,Amazônia,2022-09-25 17:20:00,9,2022
1603992858,51f17066-8a0c-3ecc-901f-cbd019adfc4a,-1.82918,-55.34607,2022-09-25 17:20:00,Brasil,PARA,OBIDOS,Amazônia,2022-09-25 17:20:00,9,2022
1603992864,3ec46858-b92b-310c-a7e0-e4c22abaad9e,-1.83048,-55.35508,2022-09-25 17:20:00,Brasil,PARA,OBIDOS,Amazônia,2022-09-25 17:20:00,9,2022
1603993232,5274b8ca-9551-3b6a-a550-35fffa6af77c,-1.46816,-55.52385,2022-09-25 17:20:00,Brasil,PARA,OBIDOS,Amazônia,2022-09-25 17:20:00,9,2022
1603993235,6c96b9f9-bc4c-3762-a596-efd5bf2baab3,-1.46946,-55.53289,2022-09-25 17:20:00,Brasil,PARA,OBIDOS,Amazônia,2022-09-25 17:20:00,9,2022
1603993240,e2f82e29-591c-3ca3-ab8f-dccec977b947,-1.52836,-55.42583,2022-09-25 17:20:00,Brasil,PARA,OBIDOS,Amazônia,2022-09-25 17:20:00,9,2022
1603993245,d715459f-cdfc-3eac-8073-65dab846ae24,-1.53855,-55.30517,2022-09-25 17:20:00,Brasil,PARA,OBIDOS,Amazônia,2022-09-25 17:20:00,9,2022
1603993246,ef817c79-e608-3d51-8d1b-17dbd4cce178,-1.53984,-55.31413,2022-09-25 17:20:00,Brasil,PARA,OBIDOS,Amazônia,2022-09-25 17:20:00,9,2022
1604301529,53d77b55-cd5a-31c7-a9b9-145a3b10b0d2,-1.53766,-55.39486,2022-09-27 17:07:00,Brasil,PARA,OBIDOS,Amazônia,2022-09-27 17:07:00,9,2022
1604301592,761790ba-237c-3a27-b4f3-6287056ce151,-1.53947,-55.40753,2022-09-27 17:07:00,Brasil,PARA,OBIDOS,Amazônia,2022-09-27 17:07:00,9,2022
1604301748,3a003a33-2880-3417-8741-9ff7dbc39ddc,-1.63866,-55.5317,2022-09-27 17:07:00,Brasil,PARA,OBIDOS,Amazônia,2022-09-27 17:07:00,9,2022
1604301819,3e6f2266-58b3-386c-a0fb-dd972860235f,-1.66463,-55.40919,2022-09-27 17:07:00,Brasil,PARA,OBIDOS,Amazônia,2022-09-27 17:07:00,9,2022
1604564842,7247dcad-4d68-3373-85d9-d4b4e1ed8b2e,-1.37891,-55.42427,2022-09-29 16:54:00,Brasil,PARA,OBIDOS,Amazônia,2022-09-29 16:54:00,9,2022
1604564845,5c4ee63e-001a-3698-9120-0e11929a3201,-1.38206,-55.447,2022-09-29 16:54:00,Brasil,PARA,OBIDOS,Amazônia,2022-09-29 16:54:00,9,2022
1604564846,dcc5c806-4af9-3326-89d3-1ec20af5a850,-1.38671,-55.42826,2022-09-29 16:54:00,Brasil,PARA,OBIDOS,Amazônia,2022-09-29 16:54:00,9,2022
1604564847,28f787ec-f74b-3c02-b4d8-3083306d77db,-1.39004,-55.45096,2022-09-29 16:54:00,Brasil,PARA,OBIDOS,Amazônia,2022-09-29 16:54:00,9,2022
1604564848,a1926932-1dd6-3801-b580-dfdf38e81ddb,-1.39266,-55.42246,2022-09-29 16:54:00,Brasil,PARA,OBIDOS,Amazônia,2022-09-29 16:54:00,9,2022
1604564849,a4c08640-a678-3417-8f32-ada8512e7bc3,-1.39582,-55.44514,2022-09-29 16:54:00,Brasil,PARA,OBIDOS,Amazônia,2022-09-29 16:54:00,9,2022
1604565179,7d7909d4-bf72-3e08-bca8-e70075c7cb11,-1.66002,-55.23567,2022-09-29 16:54:00,Brasil,PARA,OBIDOS,Amazônia,2022-09-29 16:54:00,9,2022
1604565183,fc9f0a0d-cd6c-3c2d-99b4-945af58b7ec7,-1.65418,-55.22983,2022-09-29 16:54:00,Brasil,PARA,OBIDOS,Amazônia,2022-09-29 16:54:00,9,2022
1604565218,a5cbf5b9-7aef-319e-a96e-4364be81f1a8,-1.87239,-55.18697,2022-09-29 16:54:00,Brasil,PARA,OBIDOS,Amazônia,2022-09-29 16:54:00,9,2022
1604711407,f0685573-0c61-323a-94c1-8c3811ba2caa,1.8715,-55.82203,2022-09-30 17:39:00,Brasil,PARA,OBIDOS,Amazônia,2022-09-30 17:39:00,9,2022
1604711408,787cf0c1-fb01-37b0-b044-47bbce0d4ed6,2.163,-55.85573,2022-09-30 17:39:00,Brasil,PARA,OBIDOS,Amazônia,2022-09-30 17:39:00,9,2022
1604871457,ab98a17a-e81e-3d52-a572-da8bf02c7690,-1.29423,-55.4412,2022-10-01 16:41:00,Brasil,PARA,OBIDOS,Amazônia,2022-10-01 16:41:00,10,2022
1604871486,b6de4393-ed3f-324b-bf8b-e81b41f67009,-1.29442,-55.4452,2022-10-01 16:41:00,Brasil,PARA,OBIDOS,Amazônia,2022-10-01 16:41:00,10,2022
1605047865,18d99ad8-aeca-3886-b476-ea776a7a33e0,-1.30411,-55.73861,2022-10-02 17:24:00,Brasil,PARA,OBIDOS,Amazônia,2022-10-02 17:24:00,10,2022
1605411147,8264b40a-a2b5-331c-842b-19ca9a283c8f,1.46269,-55.72173,2022-10-04 17:11:00,Brasil,PARA,OBIDOS,Amazônia,2022-10-04 17:11:00,10,2022
1605844234,76a59fc0-1ea9-3f84-b2df-1713396b34fe,1.52897,-55.73355,2022-10-06 16:58:00,Brasil,PARA,OBIDOS,Amazônia,2022-10-06 16:58:00,10,2022
1606047567,9745e7e5-641d-3b0a-afdf-7279623b43df,2.04562,-55.73206,2022-10-07 17:41:00,Brasil,PARA,OBIDOS,Amazônia,2022-10-07 17:41:00,10,2022
1606047569,051218a1-3efb-336a-8997-5031c21650c2,2.05715,-55.73376,2022-10-07 17:41:00,Brasil,PARA,OBIDOS,Amazônia,2022-10-07 17:41:00,10,2022
1606047570,12999baf-7beb-324b-925b-bac413cd44df,2.19007,-55.84272,2022-10-07 17:41:00,Brasil,PARA,OBIDOS,Amazônia,2022-10-07 17:41:00,10,2022
1606047573,0c29d5de-8e60-37fb-a984-bc1688134496,2.29282,-55.92433,2022-10-07 17:41:00,Brasil,PARA,OBIDOS,Amazônia,2022-10-07 17:41:00,10,2022
1606047574,96779e29-be36-3802-9a56-aee4c746ac64,2.29492,-55.90934,2022-10-07 17:41:00,Brasil,PARA,OBIDOS,Amazônia,2022-10-07 17:41:00,10,2022
1606246849,4c8cb448-5bed-371a-a8a6-cc2232efabc9,-1.52845,-55.6595,2022-10-08 16:48:00,Brasil,PARA,OBIDOS,Amazônia,2022-10-08 16:48:00,10,2022
1606246866,08411362-9aa3-321e-b632-d514670dfe2c,-1.54001,-55.6648,2022-10-08 16:48:00,Brasil,PARA,OBIDOS,Amazônia,2022-10-08 16:48:00,10,2022
1606246973,7e469dbe-659d-3abd-a83c-d7bed5351e4a,-1.68595,-55.41812,2022-10-08 16:48:00,Brasil,PARA,OBIDOS,Amazônia,2022-10-08 16:48:00,10,2022
1606246977,8317606e-71a8-3909-8da5-fe88b35db324,-1.6923,-55.40934,2022-10-08 16:48:00,Brasil,PARA,OBIDOS,Amazônia,2022-10-08 16:48:00,10,2022
1606247160,ccdff315-9c33-3605-b3df-1b841833510b,-1.28674,-55.79261,2022-10-08 16:48:00,Brasil,PARA,OBIDOS,Amazônia,2022-10-08 16:48:00,10,2022
1606247172,0e8f0012-9725-3fb2-abb6-77a515a6673f,-1.2905,-55.78742,2022-10-08 16:48:00,Brasil,PARA,OBIDOS,Amazônia,2022-10-08 16:48:00,10,2022
1606247201,1bc31a54-e27a-39d0-addf-89c72f970225,-1.3586,-55.66692,2022-10-08 16:48:00,Brasil,PARA,OBIDOS,Amazônia,2022-10-08 16:48:00,10,2022
1606247204,b76c5a40-6790-32d5-b568-0520f1c5ecf1,-1.36394,-55.65915,2022-10-08 16:48:00,Brasil,PARA,OBIDOS,Amazônia,2022-10-08 16:48:00,10,2022
1606247212,09e5ed86-f961-3d46-a7e5-f1c5b98e7c4f,-1.40013,-55.43928,2022-10-08 16:48:00,Brasil,PARA,OBIDOS,Amazônia,2022-10-08 16:48:00,10,2022
1606247216,ab3a1408-6bc3-3882-a0ca-74fd77fe44e8,-1.40509,-55.4736,2022-10-08 16:48:00,Brasil,PARA,OBIDOS,Amazônia,2022-10-08 16:48:00,10,2022
1606247220,19c106ad-8fb9-3ca1-8a61-ad3c22568da9,-1.40607,-55.43433,2022-10-08 16:48:00,Brasil,PARA,OBIDOS,Amazônia,2022-10-08 16:48:00,10,2022
1606247222,b9ffff95-e90b-358e-888c-606e0332b033,-1.41081,-55.46869,2022-10-08 16:48:00,Brasil,PARA,OBIDOS,Amazônia,2022-10-08 16:48:00,10,2022
1606425252,187e4dbc-9bf1-3c0c-b9a0-f2a58c5b35f6,-1.5719,-55.66448,2022-10-09 17:28:00,Brasil,PARA,OBIDOS,Amazônia,2022-10-09 17:28:00,10,2022
1606425254,b18223e7-3550-3fde-9c82-88b23591651a,-1.60534,-55.57516,2022-10-09 17:28:00,Brasil,PARA,OBIDOS,Amazônia,2022-10-09 17:28:00,10,2022
1606425258,71dd6f23-b9da-3792-85ad-ef5242e2e1e9,-1.66818,-55.24669,2022-10-09 17:28:00,Brasil,PARA,OBIDOS,Amazônia,2022-10-09 17:28:00,10,2022
1606425262,1c2607b3-07d3-3de7-ab0a-23dc75762b50,-1.68544,-55.30178,2022-10-09 17:28:00,Brasil,PARA,OBIDOS,Amazônia,2022-10-09 17:28:00,10,2022
1606425263,2d4d892c-e1b8-3e6a-9ac4-1e469027d3b4,-1.68679,-55.3112,2022-10-09 17:28:00,Brasil,PARA,OBIDOS,Amazônia,2022-10-09 17:28:00,10,2022
1606425264,7e41fa9a-3f5c-3588-8ec6-dca846e1f224,-1.69375,-55.23648,2022-10-09 17:28:00,Brasil,PARA,OBIDOS,Amazônia,2022-10-09 17:28:00,10,2022
1606425267,4f38b360-8a7f-3d5b-829b-113a46b08429,-1.69512,-55.24588,2022-10-09 17:28:00,Brasil,PARA,OBIDOS,Amazônia,2022-10-09 17:28:00,10,2022
1606425269,45186be5-5599-39c7-a2f2-c511e43f7c42,-1.74434,-55.39157,2022-10-09 17:28:00,Brasil,PARA,OBIDOS,Amazônia,2022-10-09 17:28:00,10,2022
1606425361,23dfa545-b42e-3926-9728-b1b0e0ba46f8,-2.04255,-55.6124,2022-10-09 17:28:00,Brasil,PARA,OBIDOS,Amazônia,2022-10-09 17:28:00,10,2022
1606425767,fbbbcc46-bb41-3393-b12c-2be900550587,2.20421,-55.89713,2022-10-09 17:28:00,Brasil,PARA,OBIDOS,Amazônia,2022-10-09 17:28:00,10,2022
1606425846,de53d59e-55f7-32c2-a714-8502ddea233c,-1.25617,-55.70678,2022-10-09 17:28:00,Brasil,PARA,OBIDOS,Amazônia,2022-10-09 17:28:00,10,2022
1606425847,decb4c5b-b45d-3fa1-8ad4-ef4237f2facd,-1.25865,-55.65951,2022-10-09 17:28:00,Brasil,PARA,OBIDOS,Amazônia,2022-10-09 17:28:00,10,2022
1606425848,89dc4186-2d98-368c-a8d9-cd66155f079b,-1.25997,-55.66875,2022-10-09 17:28:00,Brasil,PARA,OBIDOS,Amazônia,2022-10-09 17:28:00,10,2022
1606425849,5fbfbc47-fe2e-32f3-9145-e6c515a33a19,-1.27946,-55.67525,2022-10-09 17:28:00,Brasil,PARA,OBIDOS,Amazônia,2022-10-09 17:28:00,10,2022
1606425850,ba4b1999-0c35-32e1-baaa-77093db63de5,-1.28077,-55.68444,2022-10-09 17:28:00,Brasil,PARA,OBIDOS,Amazônia,2022-10-09 17:28:00,10,2022
1606425851,ed37f124-41f0-361c-ad49-aa2e4d4739ee,-1.29576,-55.73271,2022-10-09 17:28:00,Brasil,PARA,OBIDOS,Amazônia,2022-10-09 17:28:00,10,2022
1606425852,d27b92a7-9075-34e5-93fb-7dcae2287932,-1.29443,-55.72356,2022-10-09 17:28:00,Brasil,PARA,OBIDOS,Amazônia,2022-10-09 17:28:00,10,2022
1606425853,19c578f6-9d88-356e-b80c-2235a7fc34b0,-1.29709,-55.74186,2022-10-09 17:28:00,Brasil,PARA,OBIDOS,Amazônia,2022-10-09 17:28:00,10,2022
1606425854,d1a1931f-8889-3187-b6b4-fdf365554f79,-1.30483,-55.73138,2022-10-09 17:28:00,Brasil,PARA,OBIDOS,Amazônia,2022-10-09 17:28:00,10,2022
1606425855,7795834e-ce33-3ba4-a985-43d3805287bd,-1.35778,-55.64878,2022-10-09 17:28:00,Brasil,PARA,OBIDOS,Amazônia,2022-10-09 17:28:00,10,2022
1606425856,9c3e6b4b-3996-3486-9a55-fd3f853fcc88,-1.3591,-55.65798,2022-10-09 17:28:00,Brasil,PARA,OBIDOS,Amazônia,2022-10-09 17:28:00,10,2022
1606425857,fa4df065-34f9-395b-86fc-dfca3369e167,-1.36624,-55.45211,2022-10-09 17:28:00,Brasil,PARA,OBIDOS,Amazônia,2022-10-09 17:28:00,10,2022
1606425858,cac3ff06-129d-3431-8cf0-d50c769abba0,-1.3676,-55.46143,2022-10-09 17:28:00,Brasil,PARA,OBIDOS,Amazônia,2022-10-09 17:28:00,10,2022
1606425875,413e45fe-debe-3d80-ae4f-781785be052e,-1.45802,-55.63704,2022-10-09 17:28:00,Brasil,PARA,OBIDOS,Amazônia,2022-10-09 17:28:00,10,2022
1606425877,7ebcbbfc-9821-39c4-be18-312e948b9764,-1.4567,-55.62785,2022-10-09 17:28:00,Brasil,PARA,OBIDOS,Amazônia,2022-10-09 17:28:00,10,2022
1606425886,a6364a46-b2dc-38df-bae0-3a20b1b2beb5,-1.53222,-55.51712,2022-10-09 17:28:00,Brasil,PARA,OBIDOS,Amazônia,2022-10-09 17:28:00,10,2022
1606425887,5adca8aa-bdb2-3cac-b1ae-c54ce1b4018e,-1.53355,-55.52637,2022-10-09 17:28:00,Brasil,PARA,OBIDOS,Amazônia,2022-10-09 17:28:00,10,2022
1606425888,e9877fce-5ce0-3238-9ee6-6f12cafb2d0a,-1.5362,-55.54491,2022-10-09 17:28:00,Brasil,PARA,OBIDOS,Amazônia,2022-10-09 17:28:00,10,2022
1606724344,61f7e3d6-79fc-3ff8-9c89-426df4ac6163,1.57474,-55.77586,2022-10-11 17:17:00,Brasil,PARA,OBIDOS,Amazônia,2022-10-11 17:17:00,10,2022
1606724347,bd30a55f-8272-3c36-9260-1d5eb707b344,1.5775,-55.75671,2022-10-11 17:17:00,Brasil,PARA,OBIDOS,Amazônia,2022-10-11 17:17:00,10,2022
1606724348,686c05ba-3846-3499-b06c-8a69fcaac6cc,1.584,-55.77716,2022-10-11 17:17:00,Brasil,PARA,OBIDOS,Amazônia,2022-10-11 17:17:00,10,2022
1606724351,e3c5810e-215b-3ce7-a1ef-302ae5d3f101,1.7149,-55.81816,2022-10-11 17:17:00,Brasil,PARA,OBIDOS,Amazônia,2022-10-11 17:17:00,10,2022
1606724355,a456df2c-172a-305d-82e6-dddca9a8abe3,1.7163,-55.80857,2022-10-11 17:17:00,Brasil,PARA,OBIDOS,Amazônia,2022-10-11 17:17:00,10,2022
1607048253,bc50ab9b-8f10-3d3b-b5a6-da345aa065c9,1.5923,-55.77462,2022-10-13 17:05:00,Brasil,PARA,OBIDOS,Amazônia,2022-10-13 17:05:00,10,2022
1607048254,cdae3df1-610c-3be7-89ed-19312b24bb4e,1.59522,-55.76992,2022-10-13 17:05:00,Brasil,PARA,OBIDOS,Amazônia,2022-10-13 17:05:00,10,2022
1607048257,5b694cc7-7e2f-33ce-9e0b-cddf8432651a,1.60374,-55.77629,2022-10-13 17:05:00,Brasil,PARA,OBIDOS,Amazônia,2022-10-13 17:05:00,10,2022
1607348958,820d94ef-cd3b-3efa-aad3-e49c732d3651,-1.44336,-55.46168,2022-10-15 16:50:00,Brasil,PARA,OBIDOS,Amazônia,2022-10-15 16:50:00,10,2022
1607348964,681c3a22-a4fa-3d3d-912f-ef2f446cdcf8,-1.44707,-55.4655,2022-10-15 16:50:00,Brasil,PARA,OBIDOS,Amazônia,2022-10-15 16:50:00,10,2022
1607348995,e8c07059-f1dc-31a2-bf60-7219dd6d1dde,2.26767,-55.85324,2022-10-15 16:52:00,Brasil,PARA,OBIDOS,Amazônia,2022-10-15 16:52:00,10,2022
1607480319,b50a464f-4f62-3924-8052-e07d6992edf8,2.10832,-55.89746,2022-10-16 17:34:00,Brasil,PARA,OBIDOS,Amazônia,2022-10-16 17:34:00,10,2022
1607480653,9d6a8805-b941-3e5e-9b8e-8459ed76e5fe,-1.54051,-55.34473,2022-10-16 17:32:00,Brasil,PARA,OBIDOS,Amazônia,2022-10-16 17:32:00,10,2022
1607480655,0fb21da3-d541-304f-a1e4-a1c021bb9dbb,-1.54198,-55.35495,2022-10-16 17:32:00,Brasil,PARA,OBIDOS,Amazônia,2022-10-16 17:32:00,10,2022
1607480656,1138ba88-dc7a-37a2-a366-7f5ac2657e43,-1.55153,-55.35357,2022-10-16 17:32:00,Brasil,PARA,OBIDOS,Amazônia,2022-10-16 17:32:00,10,2022
1608065741,539984ae-651d-37f6-80c7-5f18b3d15cd7,-1.33639,-55.47061,2022-10-22 16:54:00,Brasil,PARA,OBIDOS,Amazônia,2022-10-22 16:54:00,10,2022
1608371760,bb283b39-2fde-3546-9f74-6a67cf6a48aa,-1.21365,-55.8644,2022-10-25 17:24:00,Brasil,PARA,OBIDOS,Amazônia,2022-10-25 17:24:00,10,2022
1608371762,fcae171c-7fb5-30c7-b759-83f3f7e523b9,-1.2188,-55.90025,2022-10-25 17:24:00,Brasil,PARA,OBIDOS,Amazônia,2022-10-25 17:24:00,10,2022
1608587261,572ca667-9609-3fed-be7d-caa328e9eeef,-1.18128,-55.81774,2022-10-27 17:09:00,Brasil,PARA,OBIDOS,Amazônia,2022-10-27 17:09:00,10,2022
1608587262,604511b6-3a24-37ff-95fc-6fb3c83f3d78,-1.18311,-55.83021,2022-10-27 17:09:00,Brasil,PARA,OBIDOS,Amazônia,2022-10-27 17:09:00,10,2022
1608587263,78e77929-3d3c-33a5-8a28-c245dc75757d,-1.18892,-55.82252,2022-10-27 17:09:00,Brasil,PARA,OBIDOS,Amazônia,2022-10-27 17:09:00,10,2022
1608587265,7f479b10-bcac-3a66-8b06-90f5d006473e,-1.19356,-55.82856,2022-10-27 17:09:00,Brasil,PARA,OBIDOS,Amazônia,2022-10-27 17:09:00,10,2022
1608587268,2ee79efe-3348-38ff-9289-cb79b5bbf473,-1.21697,-55.86966,2022-10-27 17:09:00,Brasil,PARA,OBIDOS,Amazônia,2022-10-27 17:09:00,10,2022
1608587273,c636073a-de58-32cf-b1ea-70b7f7a694ed,-1.28119,-55.75356,2022-10-27 17:09:00,Brasil,PARA,OBIDOS,Amazônia,2022-10-27 17:09:00,10,2022
1608587322,12a6c568-2535-3edd-b930-f1dbfd781050,-1.61107,-55.26736,2022-10-27 17:09:00,Brasil,PARA,OBIDOS,Amazônia,2022-10-27 17:09:00,10,2022
1608587344,c631b08d-f022-3e9c-85e1-c9fe1464e8e3,-1.76237,-55.25721,2022-10-27 17:09:00,Brasil,PARA,OBIDOS,Amazônia,2022-10-27 17:09:00,10,2022
1608587357,8aa586ed-514d-31ab-9355-753ebed83a82,-1.87423,-55.17566,2022-10-27 17:09:00,Brasil,PARA,OBIDOS,Amazônia,2022-10-27 17:09:00,10,2022
1608587358,e4b0a9fc-630e-351b-b134-cf1898053fde,-1.87587,-55.18715,2022-10-27 17:09:00,Brasil,PARA,OBIDOS,Amazônia,2022-10-27 17:09:00,10,2022
1608587708,0fa02ed2-90fb-3ef9-9d38-d7019984232a,2.30858,-55.92705,2022-10-27 17:11:00,Brasil,PARA,OBIDOS,Amazônia,2022-10-27 17:11:00,10,2022
1608820301,4a79b55c-9ec0-3df2-b7fb-686efb6fde9a,-1.90272,-55.19392,2022-10-29 16:56:00,Brasil,PARA,OBIDOS,Amazônia,2022-10-29 16:56:00,10,2022
1608820304,2411beea-2929-3ef8-af47-406f7157b9ec,-1.90281,-55.17816,2022-10-29 16:56:00,Brasil,PARA,OBIDOS,Amazônia,2022-10-29 16:56:00,10,2022
1608820171,5efea476-9503-30b6-97d4-e7362155ee07,-1.81948,-55.71439,2022-10-29 16:56:00,Brasil,PARA,OBIDOS,Amazônia,2022-10-29 16:56:00,10,2022
1608820212,d7506ca3-ff33-30c8-9120-7f056b70daf1,-1.85068,-55.35955,2022-10-29 16:56:00,Brasil,PARA,OBIDOS,Amazônia,2022-10-29 16:56:00,10,2022
1608820294,002e7db3-cb20-3d65-8ab9-b8eae7b3c965,-1.4252,-55.7044,2022-10-29 16:56:00,Brasil,PARA,OBIDOS,Amazônia,2022-10-29 16:56:00,10,2022
1608820308,26500a6a-2cef-39eb-b856-47060da4ee6a,-1.90319,-55.36641,2022-10-29 16:56:00,Brasil,PARA,OBIDOS,Amazônia,2022-10-29 16:56:00,10,2022
1608820370,ebee1208-e4a4-3bd8-9025-7c479c49ad5e,-1.43137,-55.70838,2022-10-29 16:56:00,Brasil,PARA,OBIDOS,Amazônia,2022-10-29 16:56:00,10,2022
1608820498,52147958-afc3-3766-b342-9af494673893,-1.47816,-55.4998,2022-10-29 16:56:00,Brasil,PARA,OBIDOS,Amazônia,2022-10-29 16:56:00,10,2022
1608820502,9ec07501-17ec-3f8d-878d-b812ca94314c,-1.48763,-55.49166,2022-10-29 16:56:00,Brasil,PARA,OBIDOS,Amazônia,2022-10-29 16:56:00,10,2022
1608820515,a0805f0e-1563-32cc-ac6c-b8d91e431fa9,-1.49053,-55.51264,2022-10-29 16:56:00,Brasil,PARA,OBIDOS,Amazônia,2022-10-29 16:56:00,10,2022
1608820533,131c3bb5-40a8-33e4-a2e3-48223db94da0,-1.52296,-55.3595,2022-10-29 16:56:00,Brasil,PARA,OBIDOS,Amazônia,2022-10-29 16:56:00,10,2022
1608821260,676388d0-0f8d-3fb5-904c-d6cdcba6c2ef,-1.20081,-55.66401,2022-10-29 16:56:00,Brasil,PARA,OBIDOS,Amazônia,2022-10-29 16:56:00,10,2022
1608821293,1e0b7b07-c361-3d00-8443-4172e0292e6f,-1.2039,-55.68555,2022-10-29 16:56:00,Brasil,PARA,OBIDOS,Amazônia,2022-10-29 16:56:00,10,2022
1608913147,bda5716f-b50f-3466-840d-7b9e54a25a91,1.94627,-55.67508,2022-10-30 17:41:00,Brasil,PARA,OBIDOS,Amazônia,2022-10-30 17:41:00,10,2022
1609129410,d9104f95-713f-3cd8-a768-fe07076667a0,2.2277,-55.87815,2022-11-01 17:28:00,Brasil,PARA,OBIDOS,Amazônia,2022-11-01 17:28:00,11,2022
1609129411,cb11ea2e-f29f-364e-8318-06e92c350c66,2.23678,-55.87946,2022-11-01 17:28:00,Brasil,PARA,OBIDOS,Amazônia,2022-11-01 17:28:00,11,2022
1609129413,48ecf6ac-6789-3d3e-b469-0fe46c8f04d0,2.23811,-55.87028,2022-11-01 17:28:00,Brasil,PARA,OBIDOS,Amazônia,2022-11-01 17:28:00,11,2022
1609512947,e0539a94-c9af-3a3a-adbf-697e66c1c2db,-1.69816,-55.61396,2022-11-05 17:02:00,Brasil,PARA,OBIDOS,Amazônia,2022-11-05 17:02:00,11,2022
1609512954,dd974597-c020-3a92-a009-feb5754a7650,-1.69883,-55.6088,2022-11-05 17:02:00,Brasil,PARA,OBIDOS,Amazônia,2022-11-05 17:02:00,11,2022
1609512961,be95e813-ea18-3a1b-ae61-ee0d5ea2d029,-1.94003,-55.30506,2022-11-05 17:02:00,Brasil,PARA,OBIDOS,Amazônia,2022-11-05 17:02:00,11,2022
1609512969,487a81bd-6b3c-354f-b3a1-1921cc4d9b11,-1.94339,-55.2976,2022-11-05 17:02:00,Brasil,PARA,OBIDOS,Amazônia,2022-11-05 17:02:00,11,2022
1610193027,adeef7ae-cea3-3749-a5a1-9bc2df6de938,-1.87248,-55.39302,2022-11-10 17:17:00,Brasil,PARA,OBIDOS,Amazônia,2022-11-10 17:17:00,11,2022
1610193155,4b18821c-8a1e-3609-9124-9a8dd68aa958,-1.81913,-55.2703,2022-11-10 17:17:00,Brasil,PARA,OBIDOS,Amazônia,2022-11-10 17:17:00,11,2022
1610193163,79edf607-83de-3f5b-87dd-71b0ec971a6e,-1.87111,-55.38338,2022-11-10 17:17:00,Brasil,PARA,OBIDOS,Amazônia,2022-11-10 17:17:00,11,2022
1610193230,35f77375-dd1f-3c2e-828b-65635629b93b,-1.83446,-55.18106,2022-11-10 17:17:00,Brasil,PARA,OBIDOS,Amazônia,2022-11-10 17:17:00,11,2022
1610374219,8662d110-a683-3117-9a66-08f702f4f798,-1.51198,-55.61623,2022-11-12 17:04:00,Brasil,PARA,OBIDOS,Amazônia,2022-11-12 17:04:00,11,2022
1610374225,dbd34044-3e65-3951-a06b-3387acce972c,-1.54558,-55.36032,2022-11-12 17:04:00,Brasil,PARA,OBIDOS,Amazônia,2022-11-12 17:04:00,11,2022
1610374226,7aef4b9c-5aec-30c4-96fa-d2604c99e5fc,-1.54572,-55.36901,2022-11-12 17:04:00,Brasil,PARA,OBIDOS,Amazônia,2022-11-12 17:04:00,11,2022
1610374237,a763bf84-cf83-3ea9-87b0-488e2fb0c745,-1.64598,-55.49477,2022-11-12 17:04:00,Brasil,PARA,OBIDOS,Amazônia,2022-11-12 17:04:00,11,2022
1610374238,41cf6af7-32db-3873-884b-c973af56f005,-1.64414,-55.50552,2022-11-12 17:04:00,Brasil,PARA,OBIDOS,Amazônia,2022-11-12 17:04:00,11,2022
1610374243,70b10bc8-9ee1-3501-82d1-da72d0654efc,-1.69985,-55.24341,2022-11-12 17:04:00,Brasil,PARA,OBIDOS,Amazônia,2022-11-12 17:04:00,11,2022
1610374244,d5390ac4-1e71-3968-a9b7-8a0b185d25dd,-1.70129,-55.24987,2022-11-12 17:04:00,Brasil,PARA,OBIDOS,Amazônia,2022-11-12 17:04:00,11,2022
1610374257,76a0bf4c-f345-393d-b813-0b726d4239db,-1.79505,-55.25979,2022-11-12 17:04:00,Brasil,PARA,OBIDOS,Amazônia,2022-11-12 17:04:00,11,2022
1610374259,b52f1340-6cfa-3766-a2b6-2996bee22a3a,-1.79884,-55.29998,2022-11-12 17:04:00,Brasil,PARA,OBIDOS,Amazônia,2022-11-12 17:04:00,11,2022
1610374264,8623dc26-6859-3cc4-a13b-39f74c563868,-1.82675,-55.25006,2022-11-12 17:04:00,Brasil,PARA,OBIDOS,Amazônia,2022-11-12 17:04:00,11,2022
1610374270,87017e10-9b35-33bf-8f16-d9b8ff8d5d10,-1.8631,-55.26024,2022-11-12 17:04:00,Brasil,PARA,OBIDOS,Amazônia,2022-11-12 17:04:00,11,2022
1610374271,3c09f327-63c2-38ea-b6ff-0f5692baa742,-1.86524,-55.27507,2022-11-12 17:04:00,Brasil,PARA,OBIDOS,Amazônia,2022-11-12 17:04:00,11,2022
1610374273,6e98a748-7ed5-3e71-b5bc-1ac75e4122d7,-1.88285,-55.39685,2022-11-12 17:04:00,Brasil,PARA,OBIDOS,Amazônia,2022-11-12 17:04:00,11,2022
1610374276,97d16478-de0e-39be-a25e-0fe2ab342340,-1.8873,-55.18966,2022-11-12 17:04:00,Brasil,PARA,OBIDOS,Amazônia,2022-11-12 17:04:00,11,2022
1610374277,1eb0b7fd-26ba-35dc-8ee1-b7974f36cd44,-1.88859,-55.19617,2022-11-12 17:04:00,Brasil,PARA,OBIDOS,Amazônia,2022-11-12 17:04:00,11,2022
1610374278,8234b7a6-665d-37a3-8cea-a05a1e6c2269,-1.89698,-55.33258,2022-11-12 17:04:00,Brasil,PARA,OBIDOS,Amazônia,2022-11-12 17:04:00,11,2022
1610374279,94803884-4ec1-3052-9baf-2ff674d2146f,-1.88937,-55.20444,2022-11-12 17:04:00,Brasil,PARA,OBIDOS,Amazônia,2022-11-12 17:04:00,11,2022
1610524733,a9383677-5b95-3d65-b36a-2959e6d4bb74,-1.36445,-55.45302,2022-11-14 16:52:00,Brasil,PARA,OBIDOS,Amazônia,2022-11-14 16:52:00,11,2022
1610636689,67516886-0d55-30f2-b176-32d7b9bceec2,-1.39141,-55.47515,2022-11-15 17:34:00,Brasil,PARA,OBIDOS,Amazônia,2022-11-15 17:34:00,11,2022
1610636690,2089df2b-4e8a-3c5b-9986-871badac687b,-1.39501,-55.43189,2022-11-15 17:34:00,Brasil,PARA,OBIDOS,Amazônia,2022-11-15 17:34:00,11,2022
1610636693,91f047bc-f72e-3851-a80d-d021287fefd1,-1.74417,-55.50487,2022-11-15 17:34:00,Brasil,PARA,OBIDOS,Amazônia,2022-11-15 17:34:00,11,2022
1610636797,f769234b-305f-3cae-81dc-99fb090478cf,1.55189,-55.68513,2022-11-15 17:34:00,Brasil,PARA,OBIDOS,Amazônia,2022-11-15 17:34:00,11,2022
1610814675,fe849788-2e7c-33ae-9354-27beb02a99f5,-1.21124,-55.64653,2022-11-17 17:21:00,Brasil,PARA,OBIDOS,Amazônia,2022-11-17 17:21:00,11,2022
1610814762,1d0bd2c1-8a80-39e6-b58e-475236853474,-1.22835,-55.83117,2022-11-17 17:21:00,Brasil,PARA,OBIDOS,Amazônia,2022-11-17 17:21:00,11,2022
1610814983,cd4c5d05-1fc7-3b83-b4d4-8f6dd073b12d,-1.29046,-55.74722,2022-11-17 17:21:00,Brasil,PARA,OBIDOS,Amazônia,2022-11-17 17:21:00,11,2022
1611021422,2bb5885d-4dfe-3ba8-bf26-d33c10ccdb47,-1.20526,-55.92626,2022-11-19 17:09:00,Brasil,PARA,OBIDOS,Amazônia,2022-11-19 17:09:00,11,2022
1611021424,6c031403-4cd2-33e8-a3c0-c8fe6a87f9dc,-1.22992,-55.69011,2022-11-19 17:09:00,Brasil,PARA,OBIDOS,Amazônia,2022-11-19 17:09:00,11,2022
1611021426,dec7569b-a470-3118-877a-62fa5c1fca62,-1.3291,-55.439,2022-11-19 17:09:00,Brasil,PARA,OBIDOS,Amazônia,2022-11-19 17:09:00,11,2022
1611021427,292e645b-bad9-3713-979f-98738e38e2e0,-1.22797,-55.67648,2022-11-19 17:09:00,Brasil,PARA,OBIDOS,Amazônia,2022-11-19 17:09:00,11,2022
1611021459,42931fcd-cb90-3517-b6a1-6d544989605a,-1.93913,-55.28286,2022-11-19 17:09:00,Brasil,PARA,OBIDOS,Amazônia,2022-11-19 17:09:00,11,2022
1611021460,d244c7bf-71b4-31d3-b817-ad1842f4c394,-1.96554,-55.28712,2022-11-19 17:09:00,Brasil,PARA,OBIDOS,Amazônia,2022-11-19 17:09:00,11,2022
1611021461,9a1be4ab-b5fa-37bf-a43a-ea7e8879f0a7,-1.97315,-55.29152,2022-11-19 17:09:00,Brasil,PARA,OBIDOS,Amazônia,2022-11-19 17:09:00,11,2022
1611021539,b4c32ab2-86d7-39a2-afd9-353bfdd5feff,1.57798,-55.67847,2022-11-19 17:09:00,Brasil,PARA,OBIDOS,Amazônia,2022-11-19 17:09:00,11,2022
1611021544,e1be0ba4-8bae-37c9-8337-131e593d6362,2.19233,-55.87373,2022-11-19 17:09:00,Brasil,PARA,OBIDOS,Amazônia,2022-11-19 17:09:00,11,2022
1611021609,8d45601f-7ff5-3ca0-917d-16860c83cf45,2.19419,-55.86132,2022-11-19 17:09:00,Brasil,PARA,OBIDOS,Amazônia,2022-11-19 17:09:00,11,2022
1611127306,e784afd5-01e6-3c5a-9f6e-4a78390ee18e,1.93515,-55.6173,2022-11-20 17:51:00,Brasil,PARA,OBIDOS,Amazônia,2022-11-20 17:51:00,11,2022
1611211921,7c9d38b1-9775-3200-a7e1-0bfc4625f7c8,-1.93912,-55.28323,2022-11-21 16:54:00,Brasil,PARA,OBIDOS,Amazônia,2022-11-21 16:54:00,11,2022
1611212024,329efcc3-17ec-39d4-b2f0-b5ef2727a7f3,-1.40819,-55.44925,2022-11-21 16:54:00,Brasil,PARA,OBIDOS,Amazônia,2022-11-21 16:54:00,11,2022
1611212039,47ae4996-0903-349f-8d14-7a2dd193d834,-1.41165,-55.47279,2022-11-21 16:54:00,Brasil,PARA,OBIDOS,Amazônia,2022-11-21 16:54:00,11,2022
1611212111,b32ce612-e2f6-3883-85de-e84d68ed2205,-1.41523,-55.40057,2022-11-21 16:54:00,Brasil,PARA,OBIDOS,Amazônia,2022-11-21 16:54:00,11,2022
1611212121,46614087-3204-3773-bc1d-537562b4c46c,-1.41682,-55.46505,2022-11-21 16:54:00,Brasil,PARA,OBIDOS,Amazônia,2022-11-21 16:54:00,11,2022
1611212205,1c249ede-d905-3089-8995-512401aa64b3,-1.7734,-55.34935,2022-11-21 16:54:00,Brasil,PARA,OBIDOS,Amazônia,2022-11-21 16:54:00,11,2022
1611212248,a051f791-9f57-399a-a49f-d813260d0af0,-1.77888,-55.34145,2022-11-21 16:54:00,Brasil,PARA,OBIDOS,Amazônia,2022-11-21 16:54:00,11,2022
1611212314,072695e2-e0f6-348e-916b-9a4e47ed0da0,-1.84548,-55.21407,2022-11-21 16:54:00,Brasil,PARA,OBIDOS,Amazônia,2022-11-21 16:54:00,11,2022
1611212331,02236ff3-758e-3327-9897-8375cb122fff,-1.851,-55.20841,2022-11-21 16:54:00,Brasil,PARA,OBIDOS,Amazônia,2022-11-21 16:54:00,11,2022
1611212347,803304d7-cee8-342c-b5f6-d39d2ad29ef4,-1.8542,-55.23126,2022-11-21 16:54:00,Brasil,PARA,OBIDOS,Amazônia,2022-11-21 16:54:00,11,2022
1611299831,11f0d04b-5c32-3ee7-8f9c-8b82f9b280e0,1.59124,-55.6426,2022-11-22 17:38:00,Brasil,PARA,OBIDOS,Amazônia,2022-11-22 17:38:00,11,2022
1611299833,1de788b0-05cc-331c-86eb-199f1b4b6651,1.59992,-55.65664,2022-11-22 17:38:00,Brasil,PARA,OBIDOS,Amazônia,2022-11-22 17:38:00,11,2022
1611774592,570fcb82-84ad-374f-8c51-8afc0d035a2d,1.88411,-55.59224,2022-11-28 17:00:00,Brasil,PARA,OBIDOS,Amazônia,2022-11-28 17:00:00,11,2022
1611774593,a45139d0-83dd-3357-85f0-d57f6cb77772,1.8867,-55.5745,2022-11-28 17:00:00,Brasil,PARA,OBIDOS,Amazônia,2022-11-28 17:00:00,11,2022
1611774594,c5ced682-0c8c-3251-bf65-c8d344dc2844,1.88826,-55.57983,2022-11-28 17:00:00,Brasil,PARA,OBIDOS,Amazônia,2022-11-28 17:00:00,11,2022
1611774596,f14bbe1b-1c7e-36d0-863c-ded8be75cfb4,1.89649,-55.59442,2022-11-28 17:00:00,Brasil,PARA,OBIDOS,Amazônia,2022-11-28 17:00:00,11,2022
1611918746,f1053b85-b6f2-3cc3-af92-2a1e1bef2c02,1.8747,-55.56418,2022-11-30 16:47:00,Brasil,PARA,OBIDOS,Amazônia,2022-11-30 16:47:00,11,2022
1612137726,c5f15f24-3eb2-3da2-8537-7b105fadce8f,-1.82826,-55.34481,2022-12-03 17:15:00,Brasil,PARA,OBIDOS,Amazônia,2022-12-03 17:15:00,12,2022
1612137727,3a5ccca4-dbed-3e6e-a1c8-ea97a74e7f98,-1.83136,-55.2295,2022-12-03 17:15:00,Brasil,PARA,OBIDOS,Amazônia,2022-12-03 17:15:00,12,2022
1612137728,3dfccdbc-9136-31dd-8feb-1acd8bd57c32,-1.90117,-55.27521,2022-12-03 17:15:00,Brasil,PARA,OBIDOS,Amazônia,2022-12-03 17:15:00,12,2022
1612137729,e2ad229b-c680-328b-8cd2-32c499a9e105,-1.96361,-55.23517,2022-12-03 17:15:00,Brasil,PARA,OBIDOS,Amazônia,2022-12-03 17:15:00,12,2022
1612137746,fd173a30-578a-35a8-ad8c-7b81c2b80529,1.95627,-55.7676,2022-12-03 17:17:00,Brasil,PARA,OBIDOS,Amazônia,2022-12-03 17:17:00,12,2022
1612137748,9568d385-675d-3c5b-97a9-f0f50ef9973e,1.95484,-55.77746,2022-12-03 17:17:00,Brasil,PARA,OBIDOS,Amazônia,2022-12-03 17:17:00,12,2022
1612425379,8427d3cd-7672-3904-b6bf-2cc5762370f8,-1.68437,-55.56736,2022-12-07 16:49:00,Brasil,PARA,OBIDOS,Amazônia,2022-12-07 16:49:00,12,2022
1612425380,5d87df23-d31b-3ab9-ab66-605fddefbd98,-1.68917,-55.60041,2022-12-07 16:49:00,Brasil,PARA,OBIDOS,Amazônia,2022-12-07 16:49:00,12,2022
1612425381,14f43aa8-aa27-3106-b944-a3a679807cc8,-1.69666,-55.5947,2022-12-07 16:49:00,Brasil,PARA,OBIDOS,Amazônia,2022-12-07 16:49:00,12,2022
1612529056,a71eb6a4-db94-3e0e-be6d-02cf9cc9cce7,-1.45791,-55.62558,2022-12-08 17:32:00,Brasil,PARA,OBIDOS,Amazônia,2022-12-08 17:32:00,12,2022
1612529063,2810286b-0070-3a73-b8ea-47577f4a693b,-1.65632,-55.59416,2022-12-08 17:32:00,Brasil,PARA,OBIDOS,Amazônia,2022-12-08 17:32:00,12,2022
1612529096,34976f42-9ea6-3cb3-b03b-373fc3989366,2.26622,-55.90164,2022-12-08 17:34:00,Brasil,PARA,OBIDOS,Amazônia,2022-12-08 17:34:00,12,2022
1612745171,47e6e183-e633-3abd-bb7a-58f207575213,-1.31362,-55.43585,2022-12-10 17:19:00,Brasil,PARA,OBIDOS,Amazônia,2022-12-10 17:19:00,12,2022
1612745175,9449b61c-042b-319d-8683-d7fab12d350f,-1.34399,-55.45093,2022-12-10 17:19:00,Brasil,PARA,OBIDOS,Amazônia,2022-12-10 17:19:00,12,2022
1612745176,f2028307-6b25-31d5-98bc-5b971dc19516,-1.34262,-55.44147,2022-12-10 17:19:00,Brasil,PARA,OBIDOS,Amazônia,2022-12-10 17:19:00,12,2022
1612745177,d11695a1-9eca-3037-98e9-c0d843afc091,-1.38097,-55.64081,2022-12-10 17:19:00,Brasil,PARA,OBIDOS,Amazônia,2022-12-10 17:19:00,12,2022
1612745183,a85a48d4-caf5-3428-a6f6-ae8fc5108463,-1.50462,-55.4837,2022-12-10 17:19:00,Brasil,PARA,OBIDOS,Amazônia,2022-12-10 17:19:00,12,2022
1612745184,279aac52-274b-30a9-abbf-7760b128f7b2,-1.48507,-55.54499,2022-12-10 17:19:00,Brasil,PARA,OBIDOS,Amazônia,2022-12-10 17:19:00,12,2022
1612745185,b196db61-153a-3756-a44f-609936ece62d,-1.48643,-55.55457,2022-12-10 17:19:00,Brasil,PARA,OBIDOS,Amazônia,2022-12-10 17:19:00,12,2022
1612745200,7e0dd3fd-0d99-36b4-a27a-412c0704e8a4,-1.63798,-55.32653,2022-12-10 17:19:00,Brasil,PARA,OBIDOS,Amazônia,2022-12-10 17:19:00,12,2022
1612745201,5e86f738-e295-3b91-b060-e822ad47993d,-1.63932,-55.33597,2022-12-10 17:19:00,Brasil,PARA,OBIDOS,Amazônia,2022-12-10 17:19:00,12,2022
1612745203,1af43754-d3b3-356d-912b-57104ceb6bc7,-1.66284,-55.30366,2022-12-10 17:19:00,Brasil,PARA,OBIDOS,Amazônia,2022-12-10 17:19:00,12,2022
1612745204,15191788-6ec0-37ec-85e4-14b124cac721,-1.6952,-55.46344,2022-12-10 17:19:00,Brasil,PARA,OBIDOS,Amazônia,2022-12-10 17:19:00,12,2022
1612745205,7e8b9e3c-052e-3abf-9209-0919b378324a,-1.70307,-55.45261,2022-12-10 17:19:00,Brasil,PARA,OBIDOS,Amazônia,2022-12-10 17:19:00,12,2022
1612745206,5a52ffb3-1a91-321e-9b70-6235235a364b,-1.70444,-55.46213,2022-12-10 17:19:00,Brasil,PARA,OBIDOS,Amazônia,2022-12-10 17:19:00,12,2022
1612745214,2f9cd9bb-134a-3133-bc06-c5596432c773,-1.78051,-55.3475,2022-12-10 17:19:00,Brasil,PARA,OBIDOS,Amazônia,2022-12-10 17:19:00,12,2022
1612745222,18af0f91-fe17-3c3c-b249-5fe5185fd9f5,-1.83745,-55.23748,2022-12-10 17:19:00,Brasil,PARA,OBIDOS,Amazônia,2022-12-10 17:19:00,12,2022
1612943304,797852a3-10bf-35d2-ad0a-82ff6300e091,-1.97271,-55.26191,2022-12-12 17:04:00,Brasil,PARA,OBIDOS,Amazônia,2022-12-12 17:04:00,12,2022
1612943305,14b8bd79-c55e-3e53-92ba-44d981333234,-1.97483,-55.27672,2022-12-12 17:04:00,Brasil,PARA,OBIDOS,Amazônia,2022-12-12 17:04:00,12,2022
1612943546,5527d7ca-cfd5-3a62-a6e2-55614c2a1295,2.12874,-55.79109,2022-12-12 17:06:00,Brasil,PARA,OBIDOS,Amazônia,2022-12-12 17:06:00,12,2022
1613112384,f0ab13e6-8df4-30f9-b06d-1aa961c4c590,-1.36204,-55.65798,2022-12-14 16:52:00,Brasil,PARA,OBIDOS,Amazônia,2022-12-14 16:52:00,12,2022
1613418528,5c95d533-edd5-3f43-b0a5-89ed4fd2647d,-1.22704,-55.79284,2022-12-17 17:21:00,Brasil,PARA,OBIDOS,Amazônia,2022-12-17 17:21:00,12,2022
1613418591,6394553c-db1c-36c7-8a0f-a4f33939a604,2.04572,-55.76324,2022-12-17 17:24:00,Brasil,PARA,OBIDOS,Amazônia,2022-12-17 17:24:00,12,2022
1667233730,69c8984b-75a5-39ad-8b4b-c5e225848a7a,-1.972,-55.28008,2024-01-10 17:45:00,Brasil,PARA,OBIDOS,Amazônia,2024-01-10 17:45:00,1,2024
1667233731,da6bcfa0-6330-3d50-aead-ac9c76b7a18a,-1.9707,-55.27108,2024-01-10 17:45:00,Brasil,PARA,OBIDOS,Amazônia,2024-01-10 17:45:00,1,2024
1667233732,5581eba1-f3c1-38bb-a178-4206796121f6,-1.69665,-55.2833,2024-01-10 17:45:00,Brasil,PARA,OBIDOS,Amazônia,2024-01-10 17:45:00,1,2024
1667233733,0ffc7000-fa52-3a30-a5ad-dc9ca02bfc53,-1.55942,-55.67177,2024-01-10 17:45:00,Brasil,PARA,OBIDOS,Amazônia,2024-01-10 17:45:00,1,2024
1667233734,f9a61136-4261-355f-accf-9121e73fbff8,-1.43489,-55.57822,2024-01-10 17:45:00,Brasil,PARA,OBIDOS,Amazônia,2024-01-10 17:45:00,1,2024
1668249866,6049d720-b3db-32b9-9d13-37db221f44ad,-1.84503,-55.6237,2024-01-17 17:38:00,Brasil,PARA,OBIDOS,Amazônia,2024-01-17 17:38:00,1,2024
1668534068,9f017499-ff11-3537-bc7a-bb534359e37f,-1.84979,-55.64093,2024-01-19 17:24:00,Brasil,PARA,OBIDOS,Amazônia,2024-01-19 17:24:00,1,2024
1668976105,687fbd7a-3fa0-395c-ac73-8debbfb05745,-1.50902,-55.58379,2024-01-22 17:49:00,Brasil,PARA,OBIDOS,Amazônia,2024-01-22 17:49:00,1,2024
1671835688,ef95a712-f980-36dd-82b6-bf0753ccc2e1,2.28507,-55.88725,2024-01-31 17:30:00,Brasil,PARA,OBIDOS,Amazônia,2024-01-31 17:30:00,1,2024
1672689263,f9a7d18e-3a3b-35d7-bf83-fbf7ed8353cc,-1.96924,-55.28996,2024-02-05 17:38:00,Brasil,PARA,OBIDOS,Amazônia,2024-02-05 17:38:00,2,2024
1672689282,bb415976-419d-31ad-8e8a-ece2150b43fd,-1.41309,-55.46053,2024-02-05 17:38:00,Brasil,PARA,OBIDOS,Amazônia,2024-02-05 17:38:00,2,2024
1672689283,b0933905-a349-3bb7-a277-8599996c624c,-1.41175,-55.45134,2024-02-05 17:38:00,Brasil,PARA,OBIDOS,Amazônia,2024-02-05 17:38:00,2,2024
1673623781,83868523-8120-3691-8bb3-ffb35529f74b,-1.49849,-55.45043,2024-02-10 17:49:00,Brasil,PARA,OBIDOS,Amazônia,2024-02-10 17:49:00,2,2024
1673623785,b432711c-fff3-310b-9e9b-2a6570672e0f,-1.27592,-55.76309,2024-02-10 17:49:00,Brasil,PARA,OBIDOS,Amazônia,2024-02-10 17:49:00,2,2024
1673623786,ddf54b6e-3573-367a-8bf7-78bac0b9cece,-1.27461,-55.75404,2024-02-10 17:49:00,Brasil,PARA,OBIDOS,Amazônia,2024-02-10 17:49:00,2,2024
1673623787,26b369ae-4e56-3943-87b6-d85977af40f0,-1.19928,-56.05583,2024-02-10 17:49:00,Brasil,PARA,OBIDOS,Amazônia,2024-02-10 17:49:00,2,2024
1675392384,123fba36-a6c3-3175-a58d-e9420035ce46,1.98175,-55.80268,2024-02-21 17:11:00,Brasil,PARA,OBIDOS,Amazônia,2024-02-21 17:11:00,2,2024
1675392385,eba12429-1a96-3830-b097-d6d7ad595c92,1.9763,-55.82196,2024-02-21 17:11:00,Brasil,PARA,OBIDOS,Amazônia,2024-02-21 17:11:00,2,2024
1675579377,2f9a0adf-27a7-30f7-948f-5d76484e8359,-1.62074,-55.33537,2024-02-22 17:51:00,Brasil,PARA,OBIDOS,Amazônia,2024-02-22 17:51:00,2,2024
1676344662,b48e4ac0-4a16-3a66-b7a2-97b6381b4784,1.97729,-55.75109,2024-02-27 18:04:00,Brasil,PARA,OBIDOS,Amazônia,2024-02-27 18:04:00,2,2024
1680193725,b1ae7a3c-73e0-3fb7-9de7-c616bcecb134,-1.55909,-55.64836,2024-03-26 17:37:00,Brasil,PARA,OBIDOS,Amazônia,2024-03-26 17:37:00,3,2024
1680971595,4f3fe899-9c43-3ab7-9304-2b00bf59724e,-1.84937,-55.22282,2024-03-31 17:45:00,Brasil,PARA,OBIDOS,Amazônia,2024-03-31 17:45:00,3,2024
1680971596,48ba2f92-598f-39f3-96c7-73c8a313658d,-1.84809,-55.21397,2024-03-31 17:45:00,Brasil,PARA,OBIDOS,Amazônia,2024-03-31 17:45:00,3,2024
1677185862,1ee1ef74-5634-32fe-9922-c5424d072f96,2.31641,-55.92847,2024-03-05 17:58:00,Brasil,PARA,OBIDOS,Amazônia,2024-03-05 17:58:00,3,2024
1677185863,a7cc5052-1203-31e2-82df-0c2706310538,2.31481,-55.93947,2024-03-05 17:58:00,Brasil,PARA,OBIDOS,Amazônia,2024-03-05 17:58:00,3,2024
1689299348,5ac74e89-bf8f-36eb-971e-1d4e177d46c5,-1.76046,-55.38409,2024-05-22 17:13:00,Brasil,PARA,OBIDOS,Amazônia,2024-05-22 17:13:00,5,2024
1692125744,0868ce68-e256-30cd-b930-0993881c63d0,-1.7783,-55.37561,2024-06-11 17:43:00,Brasil,PARA,OBIDOS,Amazônia,2024-06-11 17:43:00,6,2024
1691190523,65b3e534-91d8-3733-acbe-aae11126b32c,-1.86139,-55.37608,2024-06-06 17:37:00,Brasil,PARA,OBIDOS,Amazônia,2024-06-06 17:37:00,6,2024
1690869783,89e17fda-efcf-3e8e-9eab-ba7fb99e4928,2.24647,-55.83567,2024-06-04 17:54:00,Brasil,PARA,OBIDOS,Amazônia,2024-06-04 17:54:00,6,2024
1693975586,b476cd17-6bb6-3f6b-81a5-325ec46febe7,-1.83129,-55.33262,2024-06-21 17:58:00,Brasil,PARA,OBIDOS,Amazônia,2024-06-21 17:58:00,6,2024
1695913611,0679bd31-56c6-36ee-b6ac-1658542e0a8c,-1.77955,-55.40068,2024-06-30 17:32:00,Brasil,PARA,OBIDOS,Amazônia,2024-06-30 17:32:00,6,2024
1697616000,a48a37b0-a4a0-36fb-9748-95393f0c9507,-1.61835,-55.66921,2024-07-07 17:22:00,Brasil,PARA,OBIDOS,Amazônia,2024-07-07 17:22:00,7,2024
1697945360,b77e6c7b-777f-34ce-9be5-af4e15b380d3,-1.8107,-55.39325,2024-07-08 18:04:00,Brasil,PARA,OBIDOS,Amazônia,2024-07-08 18:04:00,7,2024
1697945361,673a9a56-c89d-3cba-9ce9-a429d9caa1a5,-1.78092,-55.3872,2024-07-08 18:04:00,Brasil,PARA,OBIDOS,Amazônia,2024-07-08 18:04:00,7,2024
1697945362,b174463a-a9d4-370d-bd37-47d004d67178,-1.7715,-55.3886,2024-07-08 18:04:00,Brasil,PARA,OBIDOS,Amazônia,2024-07-08 18:04:00,7,2024
1698736041,21149591-3448-3adb-9597-33026f403aeb,-1.76933,-55.3197,2024-07-10 17:47:00,Brasil,PARA,OBIDOS,Amazônia,2024-07-10 17:47:00,7,2024
1698736042,2923ccc2-9a7a-369b-8061-9c15ac6a09c4,-1.77074,-55.32941,2024-07-10 17:47:00,Brasil,PARA,OBIDOS,Amazônia,2024-07-10 17:47:00,7,2024
1698736043,d56269d6-28af-330b-8dbb-16c2de82abe8,-1.81173,-55.30791,2024-07-10 17:47:00,Brasil,PARA,OBIDOS,Amazônia,2024-07-10 17:47:00,7,2024
1699711099,fe52d705-1f02-3aaf-925e-5ea642e8ee73,-1.85763,-55.32433,2024-07-15 17:54:00,Brasil,PARA,OBIDOS,Amazônia,2024-07-15 17:54:00,7,2024
1699711100,1a568a5d-853d-3046-863f-ad11232ce858,-1.78916,-55.30479,2024-07-15 17:54:00,Brasil,PARA,OBIDOS,Amazônia,2024-07-15 17:54:00,7,2024
1699711101,a4ad6a76-1380-3dad-9181-af70b140927f,-1.78788,-55.29597,2024-07-15 17:54:00,Brasil,PARA,OBIDOS,Amazônia,2024-07-15 17:54:00,7,2024
1700130121,68a121cd-979a-3d4a-86c0-328a74116202,-1.66431,-55.46937,2024-07-17 17:37:00,Brasil,PARA,OBIDOS,Amazônia,2024-07-17 17:37:00,7,2024
1700130125,61cfce46-749e-313c-aa46-bc31f065c951,-1.60387,-55.60452,2024-07-17 17:37:00,Brasil,PARA,OBIDOS,Amazônia,2024-07-17 17:37:00,7,2024
1700789194,523d9a02-064e-35bc-aa68-9d3d58be488f,-1.5005,-55.44365,2024-07-19 17:20:00,Brasil,PARA,OBIDOS,Amazônia,2024-07-19 17:20:00,7,2024
1700789195,09babff1-6d06-33eb-9aaa-239ca954e8e2,-1.50658,-55.44999,2024-07-19 17:20:00,Brasil,PARA,OBIDOS,Amazônia,2024-07-19 17:20:00,7,2024
1701610011,53a0d5cc-033a-37a3-9e49-11998996585a,-1.79531,-55.37252,2024-07-22 17:43:00,Brasil,PARA,OBIDOS,Amazônia,2024-07-22 17:43:00,7,2024
1701610012,ae0bb1b3-d62c-33c7-82d8-3913fe095eea,-1.79369,-55.36133,2024-07-22 17:43:00,Brasil,PARA,OBIDOS,Amazônia,2024-07-22 17:43:00,7,2024
1701610013,a074512a-63f0-3ccb-a8fd-d34725b633a4,-1.78051,-55.34028,2024-07-22 17:43:00,Brasil,PARA,OBIDOS,Amazônia,2024-07-22 17:43:00,7,2024
1701610014,c794b1de-66ed-3ec7-9173-3b4cd92af66c,-1.76661,-55.66365,2024-07-22 17:43:00,Brasil,PARA,OBIDOS,Amazônia,2024-07-22 17:43:00,7,2024
1701610015,92698868-a880-3013-97e1-3beea740447a,-1.75396,-55.36711,2024-07-22 17:43:00,Brasil,PARA,OBIDOS,Amazônia,2024-07-22 17:43:00,7,2024
1701610019,54543a73-50cd-3e46-bd78-7efcc48830af,-1.49952,-55.44458,2024-07-22 17:43:00,Brasil,PARA,OBIDOS,Amazônia,2024-07-22 17:43:00,7,2024
1702309605,75ff3010-a3e9-3f75-84ed-d9429719a325,-1.66035,-55.60707,2024-07-24 17:26:00,Brasil,PARA,OBIDOS,Amazônia,2024-07-24 17:26:00,7,2024
1703883739,2638e079-c9da-34b2-929b-13e52c968fa7,-1.68264,-55.58251,2024-07-30 18:13:00,Brasil,PARA,OBIDOS,Amazônia,2024-07-30 18:13:00,7,2024
1703883740,c5fceb03-dc10-3b9d-885a-6ded7f7eca48,-1.67786,-55.57555,2024-07-30 18:13:00,Brasil,PARA,OBIDOS,Amazônia,2024-07-30 18:13:00,7,2024
1704078665,89e20ee5-ecd0-3e8d-84d8-38791d9b5bce,-1.75266,-55.3712,2024-07-31 17:15:00,Brasil,PARA,OBIDOS,Amazônia,2024-07-31 17:15:00,7,2024
1704078666,23d96e9b-ff42-3964-9ea3-d010b4dcc62b,-1.75045,-55.37917,2024-07-31 17:15:00,Brasil,PARA,OBIDOS,Amazônia,2024-07-31 17:15:00,7,2024
1704371952,a9a4fe1d-99cf-397f-b927-e58beea9172f,-1.85277,-55.64694,2024-08-01 17:56:00,Brasil,PARA,OBIDOS,Amazônia,2024-08-01 17:56:00,8,2024
1704371953,89d4fbda-ef44-3f51-9ee3-97c80e853e25,-1.84391,-55.64824,2024-08-01 17:56:00,Brasil,PARA,OBIDOS,Amazônia,2024-08-01 17:56:00,8,2024
1704371954,ab0dc806-bda6-3d02-b49c-1ce945d214f7,-1.75838,-55.37861,2024-08-01 17:56:00,Brasil,PARA,OBIDOS,Amazônia,2024-08-01 17:56:00,8,2024
1704371955,be8b230c-6604-3b41-95e6-566b9a3138c7,-1.57084,-55.54405,2024-08-01 17:56:00,Brasil,PARA,OBIDOS,Amazônia,2024-08-01 17:56:00,8,2024
1704371958,5f47e987-af31-370e-8ff7-5be75472063d,-1.26511,-55.73011,2024-08-01 17:56:00,Brasil,PARA,OBIDOS,Amazônia,2024-08-01 17:56:00,8,2024
1704371959,7bcf7b2f-31cb-3407-8dd5-79f56fa39a89,-1.21956,-55.72776,2024-08-01 17:56:00,Brasil,PARA,OBIDOS,Amazônia,2024-08-01 17:56:00,8,2024
1705077793,6de87485-902d-3f91-ae2f-2b7c83081b16,-1.22787,-55.7355,2024-08-03 17:39:00,Brasil,PARA,OBIDOS,Amazônia,2024-08-03 17:39:00,8,2024
1705077794,1888366c-96dd-3848-9624-8d42b4bd4fe8,-1.22616,-55.88282,2024-08-03 17:39:00,Brasil,PARA,OBIDOS,Amazônia,2024-08-03 17:39:00,8,2024
1705077795,4b803b46-6a95-33c6-8ed6-9f83e7cfa3ca,-1.22486,-55.87337,2024-08-03 17:39:00,Brasil,PARA,OBIDOS,Amazônia,2024-08-03 17:39:00,8,2024
1706965529,307d8f45-22c8-324b-836f-c32981db73ba,-1.76653,-55.54135,2024-08-08 17:45:00,Brasil,PARA,OBIDOS,Amazônia,2024-08-08 17:45:00,8,2024
1706965530,349751b9-5c9f-3291-82af-c41ab9efd317,-1.76553,-55.54804,2024-08-08 17:45:00,Brasil,PARA,OBIDOS,Amazônia,2024-08-08 17:45:00,8,2024
1706965531,12d68c87-d99a-3b4b-8595-83f145d714f9,-1.76497,-55.53032,2024-08-08 17:45:00,Brasil,PARA,OBIDOS,Amazônia,2024-08-08 17:45:00,8,2024
1706965532,954a58f5-447e-3410-a71d-962ed3c8b783,-1.7639,-55.53699,2024-08-08 17:45:00,Brasil,PARA,OBIDOS,Amazônia,2024-08-08 17:45:00,8,2024
1706965533,983f1eeb-e209-37a9-a215-86f370ebbd15,-1.75458,-55.17908,2024-08-08 17:45:00,Brasil,PARA,OBIDOS,Amazônia,2024-08-08 17:45:00,8,2024
1706965534,3ea96322-a378-3fac-837d-4ff92ddb1285,-1.75305,-55.1685,2024-08-08 17:45:00,Brasil,PARA,OBIDOS,Amazônia,2024-08-08 17:45:00,8,2024
1706965535,31d9bd79-29c2-338f-8e3c-8fa12bf0abab,-1.74342,-55.1699,2024-08-08 17:45:00,Brasil,PARA,OBIDOS,Amazônia,2024-08-08 17:45:00,8,2024
1706965539,6e572ce5-e880-3ab0-9e3f-19250352c018,-1.68865,-55.22751,2024-08-08 17:45:00,Brasil,PARA,OBIDOS,Amazônia,2024-08-08 17:45:00,8,2024
1706965540,7cede4f6-cdd2-37f4-b32f-acf14ccbe19b,-1.687,-55.49173,2024-08-08 17:45:00,Brasil,PARA,OBIDOS,Amazônia,2024-08-08 17:45:00,8,2024
1706965541,0ddd2a0c-fcbe-3ccd-bcd0-cab0bf30c3ce,-1.68543,-55.48076,2024-08-08 17:45:00,Brasil,PARA,OBIDOS,Amazônia,2024-08-08 17:45:00,8,2024
1706965542,dd599c75-46a0-333e-b449-4828220b3419,-1.67653,-55.349,2024-08-08 17:45:00,Brasil,PARA,OBIDOS,Amazônia,2024-08-08 17:45:00,8,2024
1706965543,b5f73c95-af6c-32e7-818a-75550e016b33,-1.63071,-55.23598,2024-08-08 17:45:00,Brasil,PARA,OBIDOS,Amazônia,2024-08-08 17:45:00,8,2024
1706965544,398090ed-dda3-3970-95a4-48ed5d84b37f,-1.62713,-55.23115,2024-08-08 17:45:00,Brasil,PARA,OBIDOS,Amazônia,2024-08-08 17:45:00,8,2024
1706965547,c0892aba-8367-3a6b-bba4-b4751792b04e,-1.44281,-55.43361,2024-08-08 17:45:00,Brasil,PARA,OBIDOS,Amazônia,2024-08-08 17:45:00,8,2024
1706965548,4810252f-5d46-3080-ac83-63c978706b03,-1.39869,-55.47316,2024-08-08 17:45:00,Brasil,PARA,OBIDOS,Amazônia,2024-08-08 17:45:00,8,2024
1711272591,c7281964-fca5-30be-b8e9-dc33723786c8,-1.80147,-55.29497,2024-08-18 17:56:00,Brasil,PARA,OBIDOS,Amazônia,2024-08-18 17:56:00,8,2024
1711272592,7153b395-4287-38ac-ad14-5491913607b2,-1.78333,-55.30332,2024-08-18 17:56:00,Brasil,PARA,OBIDOS,Amazônia,2024-08-18 17:56:00,8,2024
1711272594,7da0c8c6-11eb-3f8d-a8a1-0f67affadc37,-1.77193,-55.28702,2024-08-18 17:56:00,Brasil,PARA,OBIDOS,Amazônia,2024-08-18 17:56:00,8,2024
1711272595,a866f169-8161-3488-96ca-106b6d9fd6f5,-1.77065,-55.27822,2024-08-18 17:56:00,Brasil,PARA,OBIDOS,Amazônia,2024-08-18 17:56:00,8,2024
1711272597,e74e561e-a346-360f-b815-5c5cb7e4dfd7,-1.71537,-55.6613,2024-08-18 17:56:00,Brasil,PARA,OBIDOS,Amazônia,2024-08-18 17:56:00,8,2024
1711272599,75a89c79-de2a-34cd-a8de-97b244382f62,-1.70003,-55.55566,2024-08-18 17:56:00,Brasil,PARA,OBIDOS,Amazônia,2024-08-18 17:56:00,8,2024
1711272600,9b5e6f6b-1db5-3279-bcd1-e65438a90928,-1.65204,-55.59862,2024-08-18 17:56:00,Brasil,PARA,OBIDOS,Amazônia,2024-08-18 17:56:00,8,2024
1711272601,ee787aeb-5a44-3843-8c1b-49c7fa68f7a5,-1.65077,-55.58982,2024-08-18 17:56:00,Brasil,PARA,OBIDOS,Amazônia,2024-08-18 17:56:00,8,2024
1711272603,790a8802-9e1d-36f0-bdc5-6cc157120e18,-1.63899,-55.6421,2024-08-18 17:56:00,Brasil,PARA,OBIDOS,Amazônia,2024-08-18 17:56:00,8,2024
1711272606,5aba3c95-d204-3f09-950a-1d2712760169,-1.57813,-55.53414,2024-08-18 17:56:00,Brasil,PARA,OBIDOS,Amazônia,2024-08-18 17:56:00,8,2024
1711272607,46ef6f9c-1a86-38fe-a18d-a99c06794775,-1.56928,-55.53543,2024-08-18 17:56:00,Brasil,PARA,OBIDOS,Amazônia,2024-08-18 17:56:00,8,2024
1711272621,b7951486-2fbc-34ea-89c1-8ed46f8353c2,-1.28293,-55.97991,2024-08-18 17:56:00,Brasil,PARA,OBIDOS,Amazônia,2024-08-18 17:56:00,8,2024
1711272622,04c56821-0301-3134-a1e5-fc5bbd798e7c,-1.28165,-55.97106,2024-08-18 17:56:00,Brasil,PARA,OBIDOS,Amazônia,2024-08-18 17:56:00,8,2024
1712272858,0b28105e-dbd7-304d-a0dd-3537d45de8b8,-1.82882,-55.67426,2024-08-20 17:39:00,Brasil,PARA,OBIDOS,Amazônia,2024-08-20 17:39:00,8,2024
1712272859,23996305-ad07-3daf-80ea-d2a3bcc50553,-1.82672,-55.65992,2024-08-20 17:39:00,Brasil,PARA,OBIDOS,Amazônia,2024-08-20 17:39:00,8,2024
1712272860,69352b05-f00e-35e8-9b62-1bda178fa377,-1.81765,-55.67576,2024-08-20 17:39:00,Brasil,PARA,OBIDOS,Amazônia,2024-08-20 17:39:00,8,2024
1712272861,aec772ec-dccc-3637-ba47-1dc8aee622b3,-1.81556,-55.66141,2024-08-20 17:39:00,Brasil,PARA,OBIDOS,Amazônia,2024-08-20 17:39:00,8,2024
1712272870,d0b97355-caf0-3617-96f7-1d4fab84cdfa,-1.67988,-55.51214,2024-08-20 17:39:00,Brasil,PARA,OBIDOS,Amazônia,2024-08-20 17:39:00,8,2024
1712272872,2f8c1b45-1383-3ff6-aa4d-a52d831a04e6,-1.67788,-55.49825,2024-08-20 17:39:00,Brasil,PARA,OBIDOS,Amazônia,2024-08-20 17:39:00,8,2024
1712272876,bf697628-9bc0-3487-8ea5-843f8d097710,-1.64982,-55.61744,2024-08-20 17:39:00,Brasil,PARA,OBIDOS,Amazônia,2024-08-20 17:39:00,8,2024
1712272877,0d1fd44d-da3a-32f2-b6f5-7d4ed63a7b1f,-1.64782,-55.60319,2024-08-20 17:39:00,Brasil,PARA,OBIDOS,Amazônia,2024-08-20 17:39:00,8,2024
1712272878,eda0984e-19c6-39ec-bd01-cf5d8b346177,-1.64671,-55.61015,2024-08-20 17:39:00,Brasil,PARA,OBIDOS,Amazônia,2024-08-20 17:39:00,8,2024
1712272881,3690dc48-b81b-328a-b6a6-3d41a384c3c7,-1.62937,-55.56906,2024-08-20 17:39:00,Brasil,PARA,OBIDOS,Amazônia,2024-08-20 17:39:00,8,2024
1712272882,29adb327-8266-3121-9b5d-96cbc4f09f50,-1.62729,-55.55487,2024-08-20 17:39:00,Brasil,PARA,OBIDOS,Amazônia,2024-08-20 17:39:00,8,2024
1712272883,378ff354-c4c8-326a-bb60-598347b0a7a5,-1.61833,-55.57057,2024-08-20 17:39:00,Brasil,PARA,OBIDOS,Amazônia,2024-08-20 17:39:00,8,2024
1712272884,52257786-abef-332d-b600-040e2b581409,-1.61627,-55.55643,2024-08-20 17:39:00,Brasil,PARA,OBIDOS,Amazônia,2024-08-20 17:39:00,8,2024
1712626859,f671bd34-eb9e-3022-b8e1-bb76f91b0389,-1.16704,-55.7185,2024-08-21 18:19:00,Brasil,PARA,OBIDOS,Amazônia,2024-08-21 18:19:00,8,2024
1713017576,b6f9d756-4bee-3303-87cc-da31411935c7,-1.72437,-55.35892,2024-08-22 17:24:00,Brasil,PARA,OBIDOS,Amazônia,2024-08-22 17:24:00,8,2024
1713017577,d680c8ea-a216-383d-af8d-9298f1ee640c,-1.71985,-55.32862,2024-08-22 17:24:00,Brasil,PARA,OBIDOS,Amazônia,2024-08-22 17:24:00,8,2024
1713017578,4380f1fb-3306-3284-abd9-9c4ec447b08b,-1.71965,-55.35504,2024-08-22 17:24:00,Brasil,PARA,OBIDOS,Amazônia,2024-08-22 17:24:00,8,2024
1713468257,9b2c0829-4f1c-3f6d-be06-966442abf8a5,-1.69018,-55.49627,2024-08-23 18:04:00,Brasil,PARA,OBIDOS,Amazônia,2024-08-23 18:04:00,8,2024
1713468258,6e4692e5-2e9d-377b-934c-e818d3fe8644,-1.68884,-55.48706,2024-08-23 18:04:00,Brasil,PARA,OBIDOS,Amazônia,2024-08-23 18:04:00,8,2024
1713468259,55e4ff69-515f-33a3-a2c4-b7e7feb145d2,-1.6848,-55.45933,2024-08-23 18:04:00,Brasil,PARA,OBIDOS,Amazônia,2024-08-23 18:04:00,8,2024
1713468261,9d080652-60d1-3427-b73b-2e285c5e51d4,-1.64153,-55.53747,2024-08-23 18:04:00,Brasil,PARA,OBIDOS,Amazônia,2024-08-23 18:04:00,8,2024
1714102751,005a7cdf-d232-3a63-ac24-93a92728aa43,-1.80286,-55.66656,2024-08-25 17:47:00,Brasil,PARA,OBIDOS,Amazônia,2024-08-25 17:47:00,8,2024
1714102752,fd3839bd-82ce-347b-a8d8-3a7f6e18fd01,-1.70884,-55.51029,2024-08-25 17:47:00,Brasil,PARA,OBIDOS,Amazônia,2024-08-25 17:47:00,8,2024
1714102753,95396dd0-48f0-37a8-a9df-2262d1ba032c,-1.70719,-55.49907,2024-08-25 17:47:00,Brasil,PARA,OBIDOS,Amazônia,2024-08-25 17:47:00,8,2024
1714432056,ba82dded-e6a9-3b2e-b2d7-eea2dafb97ab,-1.68086,-55.64831,2024-08-26 18:26:00,Brasil,PARA,OBIDOS,Amazônia,2024-08-26 18:26:00,8,2024
1714432057,301fccea-4a65-34c8-8da1-6ea3f293beae,-1.6771,-55.64135,2024-08-26 18:26:00,Brasil,PARA,OBIDOS,Amazônia,2024-08-26 18:26:00,8,2024
1714432058,2871c4c5-234a-3580-b5d4-572212c295e1,-1.59439,-55.52782,2024-08-26 18:26:00,Brasil,PARA,OBIDOS,Amazônia,2024-08-26 18:26:00,8,2024
1714812393,6681f43f-2f05-34af-948c-be6fe08f2c24,-1.64963,-55.30447,2024-08-27 17:28:00,Brasil,PARA,OBIDOS,Amazônia,2024-08-27 17:28:00,8,2024
1714812394,9f6e90db-67bb-3da8-83ee-f40ec0b87991,-1.61292,-55.58589,2024-08-27 17:28:00,Brasil,PARA,OBIDOS,Amazônia,2024-08-27 17:28:00,8,2024
1715979288,ec9d426e-f62a-3820-a927-ec4a906f00f9,-1.60139,-55.43428,2024-08-30 17:52:00,Brasil,PARA,OBIDOS,Amazônia,2024-08-30 17:52:00,8,2024
1718512243,59eb96a3-5a72-39b9-9a38-f7a81065e526,-1.71931,-55.17891,2024-09-06 17:39:00,Brasil,PARA,OBIDOS,Amazônia,2024-09-06 17:39:00,9,2024
1719260190,dca0a4af-e2fd-3a26-bdd6-1b8fc57643ac,-1.72442,-55.32346,2024-09-08 17:22:00,Brasil,PARA,OBIDOS,Amazônia,2024-09-08 17:22:00,9,2024
1719260191,455c70b3-c7d5-3175-a57c-de43aea2e544,-1.71961,-55.29002,2024-09-08 17:22:00,Brasil,PARA,OBIDOS,Amazônia,2024-09-08 17:22:00,9,2024
1719260192,544721b5-6e9c-3447-8b99-172ae390f0b9,-1.71641,-55.33207,2024-09-08 17:22:00,Brasil,PARA,OBIDOS,Amazônia,2024-09-08 17:22:00,9,2024
1719260193,cd24bde0-7025-3844-a085-a1a4e2708972,-1.71139,-55.29865,2024-09-08 17:22:00,Brasil,PARA,OBIDOS,Amazônia,2024-09-08 17:22:00,9,2024
1719674570,88874813-ca79-3c3e-b18c-246d9973b6ec,1.5378,-55.73779,2024-09-09 18:04:00,Brasil,PARA,OBIDOS,Amazônia,2024-09-09 18:04:00,9,2024
1719674572,4ca8068e-d2f1-399b-aa14-3691bd791a80,-1.27702,-55.7554,2024-09-09 18:02:00,Brasil,PARA,OBIDOS,Amazônia,2024-09-09 18:02:00,9,2024
1719674575,a525472a-265d-393c-803a-ce3b15c4f977,-1.81661,-55.34292,2024-09-09 18:02:00,Brasil,PARA,OBIDOS,Amazônia,2024-09-09 18:02:00,9,2024
1719674577,c075f633-152d-3c0f-9c35-7961a54e3ba8,-1.72991,-55.25137,2024-09-09 18:02:00,Brasil,PARA,OBIDOS,Amazônia,2024-09-09 18:02:00,9,2024
1719674578,b6eefe72-ed48-3be4-925f-fc7bb5cdb28e,-1.7286,-55.24236,2024-09-09 18:02:00,Brasil,PARA,OBIDOS,Amazônia,2024-09-09 18:02:00,9,2024
1719674579,45e36ee8-9cc2-3a51-b24c-006cead62282,-1.72096,-55.25267,2024-09-09 18:02:00,Brasil,PARA,OBIDOS,Amazônia,2024-09-09 18:02:00,9,2024
1719674580,cdaecb01-cc69-3546-8acd-2a10ba53099d,-1.71965,-55.24366,2024-09-09 18:02:00,Brasil,PARA,OBIDOS,Amazônia,2024-09-09 18:02:00,9,2024
1719674581,380ec3e5-2973-3580-81b2-3d71d7b91298,-1.65433,-55.36991,2024-09-09 18:02:00,Brasil,PARA,OBIDOS,Amazônia,2024-09-09 18:02:00,9,2024
1719674582,e7bb4722-d894-3e24-9058-3a6b8905e368,-1.31707,-55.46225,2024-09-09 18:02:00,Brasil,PARA,OBIDOS,Amazônia,2024-09-09 18:02:00,9,2024
1719674583,6a196d64-1f72-32f2-8306-04e460a9a302,-1.31578,-55.45329,2024-09-09 18:02:00,Brasil,PARA,OBIDOS,Amazônia,2024-09-09 18:02:00,9,2024
1716539297,5e32394e-3a81-3adb-91ef-62f746fe4f36,1.56877,-55.75336,2024-09-01 17:34:00,Brasil,PARA,OBIDOS,Amazônia,2024-09-01 17:34:00,9,2024
1716539300,346d14f8-c7e1-301a-863c-1fb5dc29647b,-1.80923,-55.37252,2024-09-01 17:34:00,Brasil,PARA,OBIDOS,Amazônia,2024-09-01 17:34:00,9,2024
1716539445,c97600ef-0cb2-35c7-9f3a-c3438af934ae,2.29319,-55.9337,2024-09-01 17:34:00,Brasil,PARA,OBIDOS,Amazônia,2024-09-01 17:34:00,9,2024
1717732528,66ad1cb4-2512-3ab7-a21d-a33c6b41a225,-1.72845,-55.1742,2024-09-04 17:56:00,Brasil,PARA,OBIDOS,Amazônia,2024-09-04 17:56:00,9,2024
1717732538,540606c3-152e-3309-bf72-dc15e9343137,-1.57921,-55.4788,2024-09-04 17:56:00,Brasil,PARA,OBIDOS,Amazônia,2024-09-04 17:56:00,9,2024
1717732539,8d4bbf4a-7373-37a1-bfd9-0270c3add3d1,-1.56753,-55.33601,2024-09-04 17:56:00,Brasil,PARA,OBIDOS,Amazônia,2024-09-04 17:56:00,9,2024
1717732540,25c4020d-2a16-3794-bd1d-1e0809b95de5,-1.56625,-55.32719,2024-09-04 17:56:00,Brasil,PARA,OBIDOS,Amazônia,2024-09-04 17:56:00,9,2024
1717732543,7de86b17-485c-3a6b-9812-03e515410c5c,-1.32771,-55.46114,2024-09-04 17:56:00,Brasil,PARA,OBIDOS,Amazônia,2024-09-04 17:56:00,9,2024
1717732544,7d9a47a3-e750-3c04-9bf0-d0d99ebf360e,-1.32642,-55.45229,2024-09-04 17:56:00,Brasil,PARA,OBIDOS,Amazônia,2024-09-04 17:56:00,9,2024
1705374799,a32e6335-751c-3584-95e5-be0a90233d99,-1.8572,-55.4637,2024-08-04 18:19:00,Brasil,PARA,OBIDOS,Amazônia,2024-08-04 18:19:00,8,2024
1697391481,d8265f6c-cd04-3d28-a872-86ae28b6ee82,-1.64498,-55.21616,2024-07-06 18:19:00,Brasil,PARA,OBIDOS,Amazônia,2024-07-06 18:19:00,7,2024
1702617582,d2776d0e-c290-3635-996b-6313d8d8408f,-1.85733,-55.19609,2024-07-25 18:06:00,Brasil,PARA,OBIDOS,Amazônia,2024-07-25 18:06:00,7,2024
1702617583,86c28277-7621-339c-88ee-f085bd6a7872,-1.81604,-55.61266,2024-07-25 18:06:00,Brasil,PARA,OBIDOS,Amazônia,2024-07-25 18:06:00,7,2024
1702617584,3f2dc40c-a33c-3b87-a508-ac7d09e91777,-1.69861,-55.63601,2024-07-25 18:06:00,Brasil,PARA,OBIDOS,Amazônia,2024-07-25 18:06:00,7,2024
1702617585,1f0624b6-0ea6-3085-8e01-e753c67b5f36,-1.66917,-55.6685,2024-07-25 18:06:00,Brasil,PARA,OBIDOS,Amazônia,2024-07-25 18:06:00,7,2024
1707948341,2d382113-4d43-3be2-a8b9-70e1632df11c,-1.74055,-55.18273,2024-08-10 17:28:00,Brasil,PARA,OBIDOS,Amazônia,2024-08-10 17:28:00,8,2024
1693081344,b89c2d4b-a606-3260-9793-efc56a7d9087,-1.84903,-55.32487,2024-06-16 17:52:00,Brasil,PARA,OBIDOS,Amazônia,2024-06-16 17:52:00,6,2024
1693081345,308b7918-55ac-318d-8c24-9e1276add544,-1.85031,-55.33369,2024-06-16 17:52:00,Brasil,PARA,OBIDOS,Amazônia,2024-06-16 17:52:00,6,2024
1693081428,e81ed008-7625-307b-be73-0114a85aba45,-1.8516,-55.34252,2024-06-16 17:52:00,Brasil,PARA,OBIDOS,Amazônia,2024-06-16 17:52:00,6,2024
1695522313,2cb3ab32-55c2-3a4c-b06c-c58deeacf97e,-1.67807,-55.55396,2024-06-28 17:49:00,Brasil,PARA,OBIDOS,Amazônia,2024-06-28 17:49:00,6,2024
1721645128,164f1b55-e0eb-3151-b2b3-f569a43862ae,-1.7686,-55.26352,2024-09-14 18:06:00,Brasil,PARA,OBIDOS,Amazônia,2024-09-14 18:06:00,9,2024
1721645130,5e05dd26-d07c-3323-bfe7-f2c22722d830,-1.18903,-55.70789,2024-09-14 18:06:00,Brasil,PARA,OBIDOS,Amazônia,2024-09-14 18:06:00,9,2024
1722989487,a823cc2e-e2f7-38ef-943f-6bd0839b9a41,2.05827,-55.8353,2024-09-18 17:32:00,Brasil,PARA,OBIDOS,Amazônia,2024-09-18 17:32:00,9,2024
1722989501,260a6f9c-2c58-314d-88fa-4ab2b91cde9b,-1.46905,-55.41276,2024-09-18 17:32:00,Brasil,PARA,OBIDOS,Amazônia,2024-09-18 17:32:00,9,2024
1723817278,fe06cccf-0adb-37b6-bec8-df275210fe92,-1.31929,-55.68565,2024-09-21 17:54:00,Brasil,PARA,OBIDOS,Amazônia,2024-09-21 17:54:00,9,2024
1723817279,69af79c8-1d07-3e66-a646-85ff377772de,-1.31792,-55.67611,2024-09-21 17:54:00,Brasil,PARA,OBIDOS,Amazônia,2024-09-21 17:54:00,9,2024
1723817283,d2517f3b-d593-3e78-bd4b-603381dede59,-1.28631,-55.96202,2024-09-21 17:54:00,Brasil,PARA,OBIDOS,Amazônia,2024-09-21 17:54:00,9,2024
1723817284,3211fce2-eae8-3089-be0c-24c60db52d4e,-1.2849,-55.95229,2024-09-21 17:54:00,Brasil,PARA,OBIDOS,Amazônia,2024-09-21 17:54:00,9,2024
1723817285,12a2be0c-c0ba-3c02-a891-886d14610187,-1.19412,-55.7061,2024-09-21 17:54:00,Brasil,PARA,OBIDOS,Amazônia,2024-09-21 17:54:00,9,2024
1723817404,2bb38870-5837-3ad9-933a-2a41ad30b8a2,2.22264,-55.92699,2024-09-21 17:54:00,Brasil,PARA,OBIDOS,Amazônia,2024-09-21 17:54:00,9,2024
1723817405,ad58faf7-f45d-39c8-a0e1-3248f644ad0b,2.22131,-55.93613,2024-09-21 17:54:00,Brasil,PARA,OBIDOS,Amazônia,2024-09-21 17:54:00,9,2024
1724575029,7c357091-3d0a-3e2d-8d88-13823efd4c73,-1.42491,-55.44238,2024-09-24 18:17:00,Brasil,PARA,OBIDOS,Amazônia,2024-09-24 18:17:00,9,2024
1725295356,25a0290e-8865-3ba5-94f8-1fe22fec0f17,-1.70145,-55.67551,2024-09-28 17:41:00,Brasil,PARA,OBIDOS,Amazônia,2024-09-28 17:41:00,9,2024
1725295357,85277143-dcb4-3a37-baa3-1ef482a0fca8,-1.69918,-55.65927,2024-09-28 17:41:00,Brasil,PARA,OBIDOS,Amazônia,2024-09-28 17:41:00,9,2024
1725295359,3699e85c-b724-3198-b34c-6af56ad14738,-1.6921,-55.66563,2024-09-28 17:41:00,Brasil,PARA,OBIDOS,Amazônia,2024-09-28 17:41:00,9,2024
1725295362,86d96033-d837-37d8-b09f-40dccfe40cc0,-1.67988,-55.19492,2024-09-28 17:41:00,Brasil,PARA,OBIDOS,Amazônia,2024-09-28 17:41:00,9,2024
1725295363,e869e84a-d0ed-3711-ab5e-994d80d0a204,-1.67775,-55.18018,2024-09-28 17:41:00,Brasil,PARA,OBIDOS,Amazônia,2024-09-28 17:41:00,9,2024
1725295365,7fad295e-304c-3899-97e3-e7b5843b7a1a,-1.66874,-55.66882,2024-09-28 17:41:00,Brasil,PARA,OBIDOS,Amazônia,2024-09-28 17:41:00,9,2024
1725295367,51352b36-9d92-31a4-a4f7-e3484ba547a3,-1.65707,-55.67044,2024-09-28 17:41:00,Brasil,PARA,OBIDOS,Amazônia,2024-09-28 17:41:00,9,2024
1725295368,9401314b-5bac-3910-a345-d0d4fb897d2b,-1.51478,-55.5697,2024-09-28 17:41:00,Brasil,PARA,OBIDOS,Amazônia,2024-09-28 17:41:00,9,2024
1725295369,1ec828a2-78eb-32c6-b1fc-d0f580d48bb7,-1.50681,-55.57593,2024-09-28 17:41:00,Brasil,PARA,OBIDOS,Amazônia,2024-09-28 17:41:00,9,2024
1725295372,ea812b69-a8ee-3e15-8fb8-28464e7dc1a8,-1.24644,-55.92683,2024-09-28 17:41:00,Brasil,PARA,OBIDOS,Amazônia,2024-09-28 17:41:00,9,2024
1725295382,e02d3df1-da8a-3c74-ab5c-28d9d88bc807,2.13548,-55.82961,2024-09-28 17:41:00,Brasil,PARA,OBIDOS,Amazônia,2024-09-28 17:41:00,9,2024
1727005653,8d968918-a400-36b1-9ed9-fb1b434ba8fd,-1.48563,-55.36903,2024-10-06 18:06:00,Brasil,PARA,OBIDOS,Amazônia,2024-10-06 18:06:00,10,2024
1727005654,47fb8446-37c2-32a2-b2d9-84c28afdd9dc,-1.48701,-55.37848,2024-10-06 18:06:00,Brasil,PARA,OBIDOS,Amazônia,2024-10-06 18:06:00,10,2024
1727005655,e60d9d56-d168-3ba3-a942-ca6e79162e47,-1.49477,-55.36768,2024-10-06 18:06:00,Brasil,PARA,OBIDOS,Amazônia,2024-10-06 18:06:00,10,2024
1727005656,5ef1bbbd-30ea-376e-81b7-f4037d356025,-1.49614,-55.37712,2024-10-06 18:06:00,Brasil,PARA,OBIDOS,Amazônia,2024-10-06 18:06:00,10,2024
1726796083,c86130e9-e81b-3b10-a666-9ecdbd130019,-1.64547,-55.49582,2024-10-05 17:26:00,Brasil,PARA,OBIDOS,Amazônia,2024-10-05 17:26:00,10,2024
1726796084,9a423097-b89b-3a39-96ee-18ceaffc60ab,-1.63321,-55.50448,2024-10-05 17:26:00,Brasil,PARA,OBIDOS,Amazônia,2024-10-05 17:26:00,10,2024
1726796086,f16cdfcc-7bc4-376a-aea7-a4aa31c54215,-1.59661,-55.59454,2024-10-05 17:26:00,Brasil,PARA,OBIDOS,Amazônia,2024-10-05 17:26:00,10,2024
1726796087,b3876da9-a45f-374c-81b2-e4875755f632,-1.59595,-55.57084,2024-10-05 17:26:00,Brasil,PARA,OBIDOS,Amazônia,2024-10-05 17:26:00,10,2024
1726796088,24303151-3e77-3157-8e39-6da6fe83f306,-1.59242,-55.56444,2024-10-05 17:26:00,Brasil,PARA,OBIDOS,Amazônia,2024-10-05 17:26:00,10,2024
1720486718,ba9fde56-a0b7-3e7a-bf44-ef37a62f11c7,-1.77083,-55.29061,2024-09-11 17:43:00,Brasil,PARA,OBIDOS,Amazônia,2024-09-11 17:43:00,9,2024
1720486719,fdf8a78e-2774-3379-9580-6e272dec5267,-1.76909,-55.27851,2024-09-11 17:43:00,Brasil,PARA,OBIDOS,Amazônia,2024-09-11 17:43:00,9,2024
1720486720,b28f3016-6606-358b-9076-171a8898d4ac,-1.76735,-55.26645,2024-09-11 17:43:00,Brasil,PARA,OBIDOS,Amazônia,2024-09-11 17:43:00,9,2024
1720486721,6f18568c-983b-3729-97de-1bf368375557,-1.76562,-55.25444,2024-09-11 17:43:00,Brasil,PARA,OBIDOS,Amazônia,2024-09-11 17:43:00,9,2024
1720486723,2da4ad9d-80ed-3b40-a55f-790e2fb33356,-1.64342,-55.53529,2024-09-11 17:43:00,Brasil,PARA,OBIDOS,Amazônia,2024-09-11 17:43:00,9,2024
1720486724,681a051e-bf65-3b72-a925-477d29d6965b,-1.63295,-55.53672,2024-09-11 17:43:00,Brasil,PARA,OBIDOS,Amazônia,2024-09-11 17:43:00,9,2024
1722331388,38045e4b-f436-351c-83a5-a15c7b0e3009,-1.85578,-55.45887,2024-09-16 17:49:00,Brasil,PARA,OBIDOS,Amazônia,2024-09-16 17:49:00,9,2024
1722331389,3337081b-e025-349e-a827-f72432ef58f7,-1.85423,-55.44828,2024-09-16 17:49:00,Brasil,PARA,OBIDOS,Amazônia,2024-09-16 17:49:00,9,2024
1722331390,1eef7784-f1c6-3420-ae21-a61bf17bd538,-1.78161,-55.58511,2024-09-16 17:49:00,Brasil,PARA,OBIDOS,Amazônia,2024-09-16 17:49:00,9,2024
1722331391,8c4c0fd3-aa11-3e46-85d5-f47564413bc5,-1.77346,-55.59729,2024-09-16 17:49:00,Brasil,PARA,OBIDOS,Amazônia,2024-09-16 17:49:00,9,2024
1722331392,77d4914c-9faf-37e8-b789-f45492486bca,-1.77189,-55.58655,2024-09-16 17:49:00,Brasil,PARA,OBIDOS,Amazônia,2024-09-16 17:49:00,9,2024
1723208536,49d62d70-7c10-36cd-9565-fd78a1d598f9,-1.67846,-55.53045,2024-09-19 18:11:00,Brasil,PARA,OBIDOS,Amazônia,2024-09-19 18:11:00,9,2024
1723208673,0b70cdd8-429f-30c5-bb6d-1c61e3527df7,-1.70835,-55.18305,2024-09-19 18:11:00,Brasil,PARA,OBIDOS,Amazônia,2024-09-19 18:11:00,9,2024
1723208674,910998a0-54b4-3c9f-a041-e6869ee4d901,-1.71658,-55.24018,2024-09-19 18:11:00,Brasil,PARA,OBIDOS,Amazônia,2024-09-19 18:11:00,9,2024
1723208675,02b22ec2-0b80-3f44-aa99-7d3a716e15f1,-1.71715,-55.24594,2024-09-19 18:11:00,Brasil,PARA,OBIDOS,Amazônia,2024-09-19 18:11:00,9,2024
1723208678,8d1e53ff-faaf-3268-a288-4022d40cfe13,-1.80168,-55.33691,2024-09-19 18:11:00,Brasil,PARA,OBIDOS,Amazônia,2024-09-19 18:11:00,9,2024
1723210857,4ea2a014-3c8a-3e66-9c22-6bec4e9a4ee5,-1.19124,-55.706,2024-09-19 18:11:00,Brasil,PARA,OBIDOS,Amazônia,2024-09-19 18:11:00,9,2024
1723210858,e9ebfae7-af87-3dc8-9e19-3b591224f095,-1.19282,-55.71682,2024-09-19 18:11:00,Brasil,PARA,OBIDOS,Amazônia,2024-09-19 18:11:00,9,2024
1724355724,57f24659-26cc-371d-b989-e2d6ad27377b,-1.72645,-55.41467,2024-09-23 17:37:00,Brasil,PARA,OBIDOS,Amazônia,2024-09-23 17:37:00,9,2024
1724355725,8974acb2-3298-3ce9-9a59-cf3ec5aa19bd,-1.7287,-55.40742,2024-09-23 17:37:00,Brasil,PARA,OBIDOS,Amazônia,2024-09-23 17:37:00,9,2024
1724355727,1d0b6e30-d88f-3714-9272-fb9cb895aa2f,1.5271,-55.73514,2024-09-23 17:37:00,Brasil,PARA,OBIDOS,Amazônia,2024-09-23 17:37:00,9,2024
1725012124,06682021-e224-3133-b869-0a2555c2b605,1.5419,-55.68983,2024-09-26 17:58:00,Brasil,PARA,OBIDOS,Amazônia,2024-09-26 17:58:00,9,2024
1725012125,956a0858-2168-317b-8ca4-cfaf267fbd22,1.49891,-55.73735,2024-09-26 17:58:00,Brasil,PARA,OBIDOS,Amazônia,2024-09-26 17:58:00,9,2024
1725012127,fca9ad4d-7fec-3fe2-af90-5a368155930d,1.49136,-55.72728,2024-09-26 17:58:00,Brasil,PARA,OBIDOS,Amazônia,2024-09-26 17:58:00,9,2024
1725012128,43e651c4-7614-35cc-8a22-2dff099a43ba,1.49008,-55.73606,2024-09-26 17:58:00,Brasil,PARA,OBIDOS,Amazônia,2024-09-26 17:58:00,9,2024
1725012130,df2e3003-4b70-3099-bc3f-c26f072ce5ed,-1.6908,-55.65213,2024-09-26 17:58:00,Brasil,PARA,OBIDOS,Amazônia,2024-09-26 17:58:00,9,2024
1725012131,e91d4569-c5f7-3f9e-928c-19588b82ff6c,-1.68952,-55.64327,2024-09-26 17:58:00,Brasil,PARA,OBIDOS,Amazônia,2024-09-26 17:58:00,9,2024
1725012133,d6ac7961-5c5e-3040-93f2-d0bd60c102f5,-1.63125,-55.63103,2024-09-26 17:58:00,Brasil,PARA,OBIDOS,Amazônia,2024-09-26 17:58:00,9,2024
1725012134,7254213f-5fea-33ed-abaf-c024029d7dfa,-1.61476,-55.64253,2024-09-26 17:58:00,Brasil,PARA,OBIDOS,Amazônia,2024-09-26 17:58:00,9,2024
1725012135,df0dabf4-7fda-37fa-9c02-11ddd1ba8567,-1.61347,-55.63363,2024-09-26 17:58:00,Brasil,PARA,OBIDOS,Amazônia,2024-09-26 17:58:00,9,2024
1725012141,24c8ff64-8e19-3b1e-a86f-cce8d8e0dd2b,-1.47599,-55.50539,2024-09-26 17:58:00,Brasil,PARA,OBIDOS,Amazônia,2024-09-26 17:58:00,9,2024
1725012142,90d9b209-1815-338b-bc60-a219dca88e51,-1.47471,-55.49654,2024-09-26 17:58:00,Brasil,PARA,OBIDOS,Amazônia,2024-09-26 17:58:00,9,2024
1725012143,443c4c75-5f58-3445-9c0e-cbbc8826d1b4,-1.42768,-55.43775,2024-09-26 17:58:00,Brasil,PARA,OBIDOS,Amazônia,2024-09-26 17:58:00,9,2024
1725012151,3ded9aae-c110-3bbf-8179-81db05994bdc,-2.001,-55.69854,2024-09-26 17:58:00,Brasil,PARA,OBIDOS,Amazônia,2024-09-26 17:58:00,9,2024
1725012152,94a8dd70-ac52-38e8-869c-00678de1c739,-1.92815,-55.57241,2024-09-26 17:58:00,Brasil,PARA,OBIDOS,Amazônia,2024-09-26 17:58:00,9,2024
1725012153,e56886a6-75a4-31f2-985d-6d4b74abc382,-1.91925,-55.57371,2024-09-26 17:58:00,Brasil,PARA,OBIDOS,Amazônia,2024-09-26 17:58:00,9,2024
1725012155,91373acc-d4b8-305e-8377-ecb05fbe1eb7,-1.81481,-55.42247,2024-09-26 17:58:00,Brasil,PARA,OBIDOS,Amazônia,2024-09-26 17:58:00,9,2024
1725012156,a040f640-904c-3cff-a583-400c7673805e,-1.80722,-55.43264,2024-09-26 17:58:00,Brasil,PARA,OBIDOS,Amazônia,2024-09-26 17:58:00,9,2024
1725012157,b98e4101-e78d-3368-b15d-38b2eeabc32c,-1.80594,-55.42377,2024-09-26 17:58:00,Brasil,PARA,OBIDOS,Amazônia,2024-09-26 17:58:00,9,2024
1725012234,c1b11d91-b9fc-3590-8d01-aa90a02b3201,1.99368,-55.81298,2024-09-26 18:00:00,Brasil,PARA,OBIDOS,Amazônia,2024-09-26 18:00:00,9,2024
1725012235,1b74c8a6-dd6e-3377-bca5-39ec5cfebdb8,1.95591,-55.76262,2024-09-26 18:00:00,Brasil,PARA,OBIDOS,Amazônia,2024-09-26 18:00:00,9,2024
1725012236,468d5acc-a7a4-34ee-9b45-0d362f1a56de,1.94963,-55.74376,2024-09-26 18:00:00,Brasil,PARA,OBIDOS,Amazônia,2024-09-26 18:00:00,9,2024
1725012237,e561c0ee-7269-3507-a128-609dd38cf7bd,1.94835,-55.75255,2024-09-26 18:00:00,Brasil,PARA,OBIDOS,Amazônia,2024-09-26 18:00:00,9,2024
1725666870,173d4c15-d880-398c-8a60-a4739c1af5e6,-1.42577,-55.45026,2024-09-30 17:24:00,Brasil,PARA,OBIDOS,Amazônia,2024-09-30 17:24:00,9,2024
1725666871,bc5811b6-d6ae-361f-8635-5f91de904cfb,-1.43089,-55.48503,2024-09-30 17:24:00,Brasil,PARA,OBIDOS,Amazônia,2024-09-30 17:24:00,9,2024
1725666872,7cfd09b1-13ec-3936-a42c-e04e3d14c6a2,-1.43255,-55.442,2024-09-30 17:24:00,Brasil,PARA,OBIDOS,Amazônia,2024-09-30 17:24:00,9,2024
1725666873,debe3492-d23a-3bf0-97a0-7197e538226f,-1.43745,-55.47678,2024-09-30 17:24:00,Brasil,PARA,OBIDOS,Amazônia,2024-09-30 17:24:00,9,2024
1727829397,dc20940d-dac0-3f66-bdaa-5c98f60cf913,-1.80677,-55.27464,2024-10-10 17:32:00,Brasil,PARA,OBIDOS,Amazônia,2024-10-10 17:32:00,10,2024
1727829403,ae891db5-b0de-3eca-bfca-111818c12ccc,-1.51236,-55.43434,2024-10-10 17:32:00,Brasil,PARA,OBIDOS,Amazônia,2024-10-10 17:32:00,10,2024
1727829404,dda7203b-3e59-3c4d-9ec8-23ed73d5271a,-1.50889,-55.40948,2024-10-10 17:32:00,Brasil,PARA,OBIDOS,Amazônia,2024-10-10 17:32:00,10,2024
1727829405,24164d3d-c533-3d47-a8fd-a96210f0cd0a,-1.50834,-55.44167,2024-10-10 17:32:00,Brasil,PARA,OBIDOS,Amazônia,2024-10-10 17:32:00,10,2024
1727829406,e6a50324-2ea7-3225-9d15-bea0da6ed08b,-1.50468,-55.41677,2024-10-10 17:32:00,Brasil,PARA,OBIDOS,Amazônia,2024-10-10 17:32:00,10,2024
1727829410,ae815d93-8d43-3d57-88a9-609f7ac070bb,-1.24478,-55.9186,2024-10-10 17:32:00,Brasil,PARA,OBIDOS,Amazônia,2024-10-10 17:32:00,10,2024
1727829411,35a7b62b-0c21-36c4-9ea3-c47ffa8069b2,-1.24385,-55.92584,2024-10-10 17:32:00,Brasil,PARA,OBIDOS,Amazônia,2024-10-10 17:32:00,10,2024
1727829412,79f06b30-526b-3e15-b525-eedf23395261,-1.19184,-55.87792,2024-10-10 17:32:00,Brasil,PARA,OBIDOS,Amazônia,2024-10-10 17:32:00,10,2024
1727829415,8c773400-3184-31e7-a544-031f653f3489,-1.67954,-55.66416,2024-10-10 17:32:00,Brasil,PARA,OBIDOS,Amazônia,2024-10-10 17:32:00,10,2024
1727829416,37e47b6d-0c01-30f6-a281-2ea1e97cdd86,-1.6782,-55.66916,2024-10-10 17:32:00,Brasil,PARA,OBIDOS,Amazônia,2024-10-10 17:32:00,10,2024
1727829420,1e7ae3ac-e7ee-30ba-8e12-a19b5ce3901e,-1.33081,-55.47899,2024-10-10 17:32:00,Brasil,PARA,OBIDOS,Amazônia,2024-10-10 17:32:00,10,2024
1728038409,446994e5-2716-3d27-8862-79769b04d27f,-1.1453,-55.71206,2024-10-11 18:11:00,Brasil,PARA,OBIDOS,Amazônia,2024-10-11 18:11:00,10,2024
1728038410,952a9d5c-eb07-3c99-af3a-ad4a321ab179,-1.28527,-55.84768,2024-10-11 18:11:00,Brasil,PARA,OBIDOS,Amazônia,2024-10-11 18:11:00,10,2024
1728038411,f34b8514-c3ae-378d-a367-1234c83a2bc1,-1.2867,-55.85751,2024-10-11 18:11:00,Brasil,PARA,OBIDOS,Amazônia,2024-10-11 18:11:00,10,2024
1728038439,419b160a-f1d2-301b-87b5-e5e2a06e9cc3,-1.24237,-55.48519,2024-10-11 18:11:00,Brasil,PARA,OBIDOS,Amazônia,2024-10-11 18:11:00,10,2024
1728038444,253d8a3c-e8eb-34b3-ac82-db7acc12d662,-1.41814,-55.42562,2024-10-11 18:11:00,Brasil,PARA,OBIDOS,Amazônia,2024-10-11 18:11:00,10,2024
1728038445,d77998dd-6f08-3a0a-a05e-b20ffcf2f2b7,-1.41963,-55.43591,2024-10-11 18:11:00,Brasil,PARA,OBIDOS,Amazônia,2024-10-11 18:11:00,10,2024
1728038446,235682c7-4d6f-35fe-b5c3-4064211ef954,-1.42766,-55.42427,2024-10-11 18:11:00,Brasil,PARA,OBIDOS,Amazônia,2024-10-11 18:11:00,10,2024
1728038447,5a2258c5-00dc-3c26-9d10-2345d2984c52,-1.42914,-55.43451,2024-10-11 18:11:00,Brasil,PARA,OBIDOS,Amazônia,2024-10-11 18:11:00,10,2024
1728038448,7b4eb969-485f-3596-9b44-01efdb4bb16e,-1.43062,-55.44481,2024-10-11 18:11:00,Brasil,PARA,OBIDOS,Amazônia,2024-10-11 18:11:00,10,2024
1728038449,1ae5d324-932d-35fc-b75d-becee379187a,-1.43351,-55.42717,2024-10-11 18:11:00,Brasil,PARA,OBIDOS,Amazônia,2024-10-11 18:11:00,10,2024
1728038450,c934713f-7de3-3be7-9055-a2be2f07ac5f,-1.43503,-55.4374,2024-10-11 18:11:00,Brasil,PARA,OBIDOS,Amazônia,2024-10-11 18:11:00,10,2024
1728038451,657827e7-29c2-3dc5-a867-38f11859bf86,-1.44303,-55.4258,2024-10-11 18:11:00,Brasil,PARA,OBIDOS,Amazônia,2024-10-11 18:11:00,10,2024
1728038452,0e113930-b364-3bfe-8cb5-67fcf67910a1,-1.50786,-55.60319,2024-10-11 18:11:00,Brasil,PARA,OBIDOS,Amazônia,2024-10-11 18:11:00,10,2024
1728038459,8d008bba-c4fc-3547-95e0-873e4c45617b,-1.58668,-55.64734,2024-10-11 18:11:00,Brasil,PARA,OBIDOS,Amazônia,2024-10-11 18:11:00,10,2024
1728038463,71101712-8f25-3be8-9db3-7605bea6ab21,-1.63204,-55.5211,2024-10-11 18:11:00,Brasil,PARA,OBIDOS,Amazônia,2024-10-11 18:11:00,10,2024
1728406672,116a5f52-e674-33a2-958a-4e52fe52544b,-1.78687,-55.39704,2024-10-13 17:54:00,Brasil,PARA,OBIDOS,Amazônia,2024-10-13 17:54:00,10,2024
1728406673,b045e427-e941-363a-a984-b7469bcb855a,-1.78542,-55.387,2024-10-13 17:54:00,Brasil,PARA,OBIDOS,Amazônia,2024-10-13 17:54:00,10,2024
1728406676,a930d4db-677b-3a4c-b1d6-d05608889995,-1.76077,-55.65572,2024-10-13 17:54:00,Brasil,PARA,OBIDOS,Amazônia,2024-10-13 17:54:00,10,2024
1728406679,4360ffe1-e6e2-38cf-a453-63b374c17121,-1.75727,-55.39114,2024-10-13 17:54:00,Brasil,PARA,OBIDOS,Amazônia,2024-10-13 17:54:00,10,2024
1728406688,e7e52dbc-7456-3cef-b93b-5aa7da9e54e3,-1.68261,-55.44956,2024-10-13 17:54:00,Brasil,PARA,OBIDOS,Amazônia,2024-10-13 17:54:00,10,2024
1728406690,0f60224f-0a29-3981-a1e1-dc1c10817978,-1.64709,-55.20225,2024-10-13 17:54:00,Brasil,PARA,OBIDOS,Amazônia,2024-10-13 17:54:00,10,2024
1728406691,e3bb2ba8-0126-3cac-b777-127b1530116c,-1.64589,-55.56319,2024-10-13 17:54:00,Brasil,PARA,OBIDOS,Amazônia,2024-10-13 17:54:00,10,2024
1728406693,37f89ad1-a611-38f4-b78b-afe3fbd0b9c6,-1.63329,-55.41101,2024-10-13 17:54:00,Brasil,PARA,OBIDOS,Amazônia,2024-10-13 17:54:00,10,2024
1728406694,ab159905-d8c6-3fd7-9b5d-2aee74bf5b2a,-1.61831,-55.64011,2024-10-13 17:54:00,Brasil,PARA,OBIDOS,Amazônia,2024-10-13 17:54:00,10,2024
1728406705,575ee18b-44e5-346a-9f16-8984c3249307,-1.24564,-55.91566,2024-10-13 17:54:00,Brasil,PARA,OBIDOS,Amazônia,2024-10-13 17:54:00,10,2024
1728406706,9c85a1c2-4b31-3e3e-ae40-010288de2c53,-1.24409,-55.90515,2024-10-13 17:54:00,Brasil,PARA,OBIDOS,Amazônia,2024-10-13 17:54:00,10,2024
1728406707,7730852a-5c2f-3924-9c46-1ed36b2aed6b,-1.24255,-55.89465,2024-10-13 17:54:00,Brasil,PARA,OBIDOS,Amazônia,2024-10-13 17:54:00,10,2024
1728406708,be485178-9220-33c1-8e90-9c377c6d49e2,-1.2153,-55.9093,2024-10-13 17:54:00,Brasil,PARA,OBIDOS,Amazônia,2024-10-13 17:54:00,10,2024
1728861059,c3550286-7b1a-327d-ab21-2a88f98af824,-1.67512,-55.44405,2024-10-16 18:15:00,Brasil,PARA,OBIDOS,Amazônia,2024-10-16 18:15:00,10,2024
1729077768,b37c30d5-e286-3903-a539-18248a09cc2a,-1.36851,-55.62394,2024-10-18 17:56:00,Brasil,PARA,OBIDOS,Amazônia,2024-10-18 17:56:00,10,2024
1729077822,618da6ab-1138-3a37-aac3-078dd08bc235,-1.56609,-55.64967,2024-10-18 17:56:00,Brasil,PARA,OBIDOS,Amazônia,2024-10-18 17:56:00,10,2024
1729077823,1538b4ef-9cc8-3f3f-9cdf-c27e529cc646,-1.56746,-55.65901,2024-10-18 17:56:00,Brasil,PARA,OBIDOS,Amazônia,2024-10-18 17:56:00,10,2024
1729077834,2ec2a5c8-b3bc-308d-b073-a9bd9d3d4436,-1.8067,-55.65357,2024-10-18 17:56:00,Brasil,PARA,OBIDOS,Amazônia,2024-10-18 17:56:00,10,2024
1729077835,7fe274ce-d94e-3281-b7f9-284fb5a1454d,-1.80777,-55.40592,2024-10-18 17:56:00,Brasil,PARA,OBIDOS,Amazônia,2024-10-18 17:56:00,10,2024
1729077836,2957ca5d-6e9e-3b53-9243-86b0edd4f8c2,-1.80806,-55.66296,2024-10-18 17:56:00,Brasil,PARA,OBIDOS,Amazônia,2024-10-18 17:56:00,10,2024
1729078297,01209874-61c4-35e1-8d4c-6889ecb4b477,1.89274,-55.59008,2024-10-18 17:58:00,Brasil,PARA,OBIDOS,Amazônia,2024-10-18 17:58:00,10,2024
1729317130,13e6304b-830a-3a39-9834-bf2c9c77f5f5,-1.79925,-55.64275,2024-10-20 17:39:00,Brasil,PARA,OBIDOS,Amazônia,2024-10-20 17:39:00,10,2024
1729317131,14152b98-987d-36ad-be3e-d906025a40bc,-1.79659,-55.62381,2024-10-20 17:39:00,Brasil,PARA,OBIDOS,Amazônia,2024-10-20 17:39:00,10,2024
1729317132,01ae2915-8d27-342a-b305-71f9522ace75,-1.79604,-55.62878,2024-10-20 17:39:00,Brasil,PARA,OBIDOS,Amazônia,2024-10-20 17:39:00,10,2024
1729317133,9394da4e-2e91-39cb-a990-de284d3aa4dc,-1.75445,-55.5202,2024-10-20 17:39:00,Brasil,PARA,OBIDOS,Amazônia,2024-10-20 17:39:00,10,2024
1729451240,49f88ab3-63fe-3fea-a449-cdd0566368c9,-1.44224,-55.53699,2024-10-21 18:19:00,Brasil,PARA,OBIDOS,Amazônia,2024-10-21 18:19:00,10,2024
1729738597,01c15da9-2af6-3fb2-84bb-f85cbfafba46,1.57037,-55.67682,2024-10-23 18:02:00,Brasil,PARA,OBIDOS,Amazônia,2024-10-23 18:02:00,10,2024
1729738600,c84e6057-1422-34b9-ba50-ffdff570d302,-2.03806,-55.68745,2024-10-23 18:00:00,Brasil,PARA,OBIDOS,Amazônia,2024-10-23 18:00:00,10,2024
1729738607,6ea0b844-b7bb-3962-afcd-3069f9d42160,-1.93103,-55.58114,2024-10-23 18:00:00,Brasil,PARA,OBIDOS,Amazônia,2024-10-23 18:00:00,10,2024
1729738609,586bcb77-bf04-3bf3-a91b-632a3a97218a,-1.86947,-55.29793,2024-10-23 18:00:00,Brasil,PARA,OBIDOS,Amazônia,2024-10-23 18:00:00,10,2024
1729738610,363e6254-7db7-3de1-9418-aacde6321d19,-1.86063,-55.29923,2024-10-23 18:00:00,Brasil,PARA,OBIDOS,Amazônia,2024-10-23 18:00:00,10,2024
1729738611,87081f77-53dd-3239-a03e-6a6a6f409fd7,-1.81629,-55.24274,2024-10-23 18:00:00,Brasil,PARA,OBIDOS,Amazônia,2024-10-23 18:00:00,10,2024
1729738612,fcea911a-401c-3ee2-9bb2-a8b17208c000,-1.78499,-55.59634,2024-10-23 18:00:00,Brasil,PARA,OBIDOS,Amazônia,2024-10-23 18:00:00,10,2024
1729738613,a9dcd96b-b88e-396f-a35d-c99958d05c65,-1.78369,-55.58745,2024-10-23 18:00:00,Brasil,PARA,OBIDOS,Amazônia,2024-10-23 18:00:00,10,2024
1729738621,cc56aac0-f865-3fe2-99bd-db1ff3085713,-1.68953,-55.45363,2024-10-23 18:00:00,Brasil,PARA,OBIDOS,Amazônia,2024-10-23 18:00:00,10,2024
1729738622,a6ffed67-1dfc-3d42-a473-5b36829767f3,-1.68824,-55.44479,2024-10-23 18:00:00,Brasil,PARA,OBIDOS,Amazônia,2024-10-23 18:00:00,10,2024
1729738624,92971897-4858-302e-bda5-82ef9f925cc1,-1.6871,-55.49916,2024-10-23 18:02:00,Brasil,PARA,OBIDOS,Amazônia,2024-10-23 18:02:00,10,2024
1729738625,bca53cfe-8c9b-3b3c-a108-27b761657f70,-1.58641,-55.37525,2024-10-23 18:02:00,Brasil,PARA,OBIDOS,Amazônia,2024-10-23 18:02:00,10,2024
1729738626,bde7e175-2e67-3214-b384-20cfc2cd4d78,-1.58512,-55.36643,2024-10-23 18:02:00,Brasil,PARA,OBIDOS,Amazônia,2024-10-23 18:02:00,10,2024
1729738629,0f7b7890-5ccc-3795-a17c-9ce24ab7d467,-1.57256,-55.40429,2024-10-23 18:02:00,Brasil,PARA,OBIDOS,Amazônia,2024-10-23 18:02:00,10,2024
1729738631,d646d8d9-41c1-312e-aa04-145f094a546a,-1.55602,-55.35267,2024-10-23 18:02:00,Brasil,PARA,OBIDOS,Amazônia,2024-10-23 18:02:00,10,2024
1729738632,474ed72d-526b-3e52-a8bc-4dccd014ce53,-1.55474,-55.34386,2024-10-23 18:02:00,Brasil,PARA,OBIDOS,Amazônia,2024-10-23 18:02:00,10,2024
1729738636,8388497a-e9e2-3f38-b954-ee781aef96f5,-1.54718,-55.35396,2024-10-23 18:02:00,Brasil,PARA,OBIDOS,Amazônia,2024-10-23 18:02:00,10,2024
1729738637,e22b7426-2dfe-35a8-90fc-4d70240e9216,-1.5459,-55.34515,2024-10-23 18:02:00,Brasil,PARA,OBIDOS,Amazônia,2024-10-23 18:02:00,10,2024
1729738646,3d28ccde-653a-3dfd-b58f-b95969d1a233,-1.45242,-55.52771,2024-10-23 18:02:00,Brasil,PARA,OBIDOS,Amazônia,2024-10-23 18:02:00,10,2024
1729738650,e4d28fe8-2193-3876-8b8d-c25f8d028b75,-1.20635,-56.06281,2024-10-23 18:02:00,Brasil,PARA,OBIDOS,Amazônia,2024-10-23 18:02:00,10,2024
1729738651,f4467ee0-1bc0-39d9-9cce-75f0d1bc8da1,-1.19559,-55.92622,2024-10-23 18:02:00,Brasil,PARA,OBIDOS,Amazônia,2024-10-23 18:02:00,10,2024
1729738932,e5b309f7-7740-3941-9dcf-f63840f8ef32,2.28174,-55.94393,2024-10-23 18:02:00,Brasil,PARA,OBIDOS,Amazônia,2024-10-23 18:02:00,10,2024
1730086858,871337dc-3a9f-39fc-a6d9-3ca2886dd28b,1.58127,-55.66179,2024-10-25 17:43:00,Brasil,PARA,OBIDOS,Amazônia,2024-10-25 17:43:00,10,2024
1730086859,110d2113-b7fb-3976-a4b3-7d127757c59c,-1.80076,-55.58545,2024-10-25 17:41:00,Brasil,PARA,OBIDOS,Amazônia,2024-10-25 17:41:00,10,2024
1730086861,09819e28-e436-3588-97c6-d373dbbf4ba9,-1.67428,-55.67459,2024-10-25 17:41:00,Brasil,PARA,OBIDOS,Amazônia,2024-10-25 17:41:00,10,2024
1730086862,891d7b2f-d904-35fd-893a-e7fd303777aa,-1.66016,-55.65998,2024-10-25 17:41:00,Brasil,PARA,OBIDOS,Amazônia,2024-10-25 17:41:00,10,2024
1730086863,3a12c4af-4824-317f-9bd4-5e9ea9d212a0,-1.65305,-55.66777,2024-10-25 17:41:00,Brasil,PARA,OBIDOS,Amazônia,2024-10-25 17:41:00,10,2024
1730086867,747e1eda-70d0-357a-a712-8b291a24c439,-1.52548,-55.36318,2024-10-25 17:41:00,Brasil,PARA,OBIDOS,Amazônia,2024-10-25 17:41:00,10,2024
1730086871,f898d55a-5e56-3d65-b9b5-e5cdc691c48f,-1.42054,-55.4219,2024-10-25 17:41:00,Brasil,PARA,OBIDOS,Amazônia,2024-10-25 17:41:00,10,2024
1730086875,4c6ce7a9-d544-3eaa-8187-cf6596585b51,-1.36043,-55.49419,2024-10-25 17:41:00,Brasil,PARA,OBIDOS,Amazônia,2024-10-25 17:41:00,10,2024
1730086876,38d5d9b7-d405-363a-85c2-56ba1d252ef2,-1.3502,-55.48477,2024-10-25 17:41:00,Brasil,PARA,OBIDOS,Amazônia,2024-10-25 17:41:00,10,2024
1730086877,d4a3dc75-d564-36a4-8984-f49766776573,-1.34887,-55.49586,2024-10-25 17:41:00,Brasil,PARA,OBIDOS,Amazônia,2024-10-25 17:41:00,10,2024
1730086878,792a35d3-5925-3160-ad0b-855038e6c381,-1.32012,-55.44083,2024-10-25 17:41:00,Brasil,PARA,OBIDOS,Amazônia,2024-10-25 17:41:00,10,2024
1730086879,cdfd4744-7861-327c-8a5a-9239dfcbb958,-1.25229,-55.93764,2024-10-25 17:41:00,Brasil,PARA,OBIDOS,Amazônia,2024-10-25 17:41:00,10,2024
1730086880,e3a2cd45-deaa-3a92-84c0-f97b3c0dd93d,-1.18448,-55.84884,2024-10-25 17:41:00,Brasil,PARA,OBIDOS,Amazônia,2024-10-25 17:41:00,10,2024
1730086883,0f84a8e8-46a1-3e3a-8ae3-756918fd2616,-1.66248,-55.67622,2024-10-25 17:41:00,Brasil,PARA,OBIDOS,Amazônia,2024-10-25 17:41:00,10,2024
1730086890,31a95915-414a-324e-b004-5c2946511cca,-1.41825,-55.40648,2024-10-25 17:41:00,Brasil,PARA,OBIDOS,Amazônia,2024-10-25 17:41:00,10,2024
1730086891,873ee8d8-3896-3cea-b790-591547b2b711,-1.41811,-55.4154,2024-10-25 17:41:00,Brasil,PARA,OBIDOS,Amazônia,2024-10-25 17:41:00,10,2024
1730086897,505aceef-74bc-365a-9075-f9ca8adb8712,-1.35256,-55.50048,2024-10-25 17:41:00,Brasil,PARA,OBIDOS,Amazônia,2024-10-25 17:41:00,10,2024
1730086898,e75923e7-ecb5-3bc0-b59c-62a8e7661bae,-1.29419,-55.7282,2024-10-25 17:41:00,Brasil,PARA,OBIDOS,Amazônia,2024-10-25 17:41:00,10,2024
1730086899,a588c374-8594-326f-94a4-bdd46120c6fd,-1.29174,-55.71186,2024-10-25 17:41:00,Brasil,PARA,OBIDOS,Amazônia,2024-10-25 17:41:00,10,2024
1730086900,12b1526a-4326-3caf-afde-7a1b5c76a20f,-1.28958,-55.72179,2024-10-25 17:41:00,Brasil,PARA,OBIDOS,Amazônia,2024-10-25 17:41:00,10,2024
1730267041,a33a14d3-7dcf-352f-8250-4e7e21f0b275,1.59687,-55.66968,2024-10-26 18:24:00,Brasil,PARA,OBIDOS,Amazônia,2024-10-26 18:24:00,10,2024
1730267042,78723ddc-5400-3cc3-8369-f2217b71111c,1.58934,-55.66171,2024-10-26 18:24:00,Brasil,PARA,OBIDOS,Amazônia,2024-10-26 18:24:00,10,2024
1730267290,3da70ff2-a426-3933-82e8-a5c9479eb79c,-2.02602,-55.69154,2024-10-26 18:21:00,Brasil,PARA,OBIDOS,Amazônia,2024-10-26 18:21:00,10,2024
1730388748,223333e9-a6d9-3466-b74b-40b7c839f40f,-1.78969,-55.40878,2024-10-27 17:24:00,Brasil,PARA,OBIDOS,Amazônia,2024-10-27 17:24:00,10,2024
1730388754,50e47451-12e5-3cf3-83b8-d5d0be5d41e0,-1.75762,-55.25824,2024-10-27 17:24:00,Brasil,PARA,OBIDOS,Amazônia,2024-10-27 17:24:00,10,2024
1730388755,6d096dbe-179c-389b-bcdd-fc27308251fa,-1.75147,-55.26582,2024-10-27 17:24:00,Brasil,PARA,OBIDOS,Amazônia,2024-10-27 17:24:00,10,2024
1730389722,04f32551-84b6-3f26-b331-4e47d38ab3fb,1.90997,-55.62023,2024-10-27 17:24:00,Brasil,PARA,OBIDOS,Amazônia,2024-10-27 17:24:00,10,2024
1730561059,03be0af0-c7da-357a-a7ec-e37babb283ce,-1.19534,-55.93239,2024-10-28 18:04:00,Brasil,PARA,OBIDOS,Amazônia,2024-10-28 18:04:00,10,2024
1730561060,6d7ed257-0f84-339d-872e-46176b4bb142,-1.20406,-55.86843,2024-10-28 18:04:00,Brasil,PARA,OBIDOS,Amazônia,2024-10-28 18:04:00,10,2024
1730561061,e0293a32-ebae-3e66-8b26-da03e453c2ca,-1.20533,-55.8772,2024-10-28 18:04:00,Brasil,PARA,OBIDOS,Amazônia,2024-10-28 18:04:00,10,2024
1730561062,e1629fd7-184d-3c99-ba3e-c5d918180225,-1.20788,-55.89474,2024-10-28 18:04:00,Brasil,PARA,OBIDOS,Amazônia,2024-10-28 18:04:00,10,2024
1730561063,8f19dc28-6119-39b6-86ee-8d9c172c061a,-1.20915,-55.9035,2024-10-28 18:04:00,Brasil,PARA,OBIDOS,Amazônia,2024-10-28 18:04:00,10,2024
1730561064,8c806581-e104-3299-8605-d1d5f67d2727,-1.21043,-55.91227,2024-10-28 18:04:00,Brasil,PARA,OBIDOS,Amazônia,2024-10-28 18:04:00,10,2024
1730561065,f4d3b991-513f-388c-a973-de662f792780,-1.21288,-55.86715,2024-10-28 18:04:00,Brasil,PARA,OBIDOS,Amazônia,2024-10-28 18:04:00,10,2024
1730561066,65be8b43-6138-3d06-bc88-c676e79a258b,-1.23434,-55.89087,2024-10-28 18:04:00,Brasil,PARA,OBIDOS,Amazônia,2024-10-28 18:04:00,10,2024
1730561067,ee15c006-fe54-307d-8c3e-a641f345e0e1,-1.24943,-55.87076,2024-10-28 18:04:00,Brasil,PARA,OBIDOS,Amazônia,2024-10-28 18:04:00,10,2024
1730561068,12b271a6-dcb5-3a78-b65c-c43c296bd632,-1.256,-55.71105,2024-10-28 18:04:00,Brasil,PARA,OBIDOS,Amazônia,2024-10-28 18:04:00,10,2024
1730561069,38dcd32b-c69d-37db-8fc6-e67a12fb3f7d,-1.25709,-55.92337,2024-10-28 18:04:00,Brasil,PARA,OBIDOS,Amazônia,2024-10-28 18:04:00,10,2024
1730561070,94cac18a-9e1f-3721-90ea-f4b5f02df1f9,-1.25727,-55.71982,2024-10-28 18:04:00,Brasil,PARA,OBIDOS,Amazônia,2024-10-28 18:04:00,10,2024
1730561071,084bf699-065e-35c6-ad55-a4167573fb49,-1.29383,-55.72343,2024-10-28 18:04:00,Brasil,PARA,OBIDOS,Amazônia,2024-10-28 18:04:00,10,2024
1730561072,771f4abd-aae0-39b8-92cc-2d29fe8a0064,-1.2951,-55.73219,2024-10-28 18:04:00,Brasil,PARA,OBIDOS,Amazônia,2024-10-28 18:04:00,10,2024
1730561074,673113af-d1ea-3a44-b307-591e837c8004,-1.35377,-55.69104,2024-10-28 18:04:00,Brasil,PARA,OBIDOS,Amazônia,2024-10-28 18:04:00,10,2024
1730561076,016dd41e-18bb-35a1-bfc3-561f9b80bc68,-1.36259,-55.68975,2024-10-28 18:04:00,Brasil,PARA,OBIDOS,Amazônia,2024-10-28 18:04:00,10,2024
1730561095,62714d7f-1ce2-3cb4-81a0-2ad11787fd56,-1.32808,-55.4528,2024-10-28 18:04:00,Brasil,PARA,OBIDOS,Amazônia,2024-10-28 18:04:00,10,2024
1730561102,4ab86e0b-1ebe-3a75-9557-7e4ec6416b56,-1.45862,-55.52582,2024-10-28 18:04:00,Brasil,PARA,OBIDOS,Amazônia,2024-10-28 18:04:00,10,2024
1730561103,e4d28734-7840-36dd-96c3-a5362de6db65,-1.4599,-55.5346,2024-10-28 18:04:00,Brasil,PARA,OBIDOS,Amazônia,2024-10-28 18:04:00,10,2024
1730561104,36f855b3-1321-3ec1-a148-1d248f825024,-1.517,-55.35896,2024-10-28 18:04:00,Brasil,PARA,OBIDOS,Amazônia,2024-10-28 18:04:00,10,2024
1730561105,dbc5e707-24cf-33df-943b-3a1dcaa4d757,-1.52469,-55.41176,2024-10-28 18:04:00,Brasil,PARA,OBIDOS,Amazônia,2024-10-28 18:04:00,10,2024
1730561106,301adc54-86db-33d4-9d20-f32a5f8cdad8,-1.56152,-55.54094,2024-10-28 18:04:00,Brasil,PARA,OBIDOS,Amazônia,2024-10-28 18:04:00,10,2024
1730561107,c69148eb-b77e-34f5-bef7-ca59e212346f,-1.56257,-55.42417,2024-10-28 18:04:00,Brasil,PARA,OBIDOS,Amazônia,2024-10-28 18:04:00,10,2024
1730561108,1354947e-148a-3542-9238-fb621e817a75,-1.56907,-55.53086,2024-10-28 18:04:00,Brasil,PARA,OBIDOS,Amazônia,2024-10-28 18:04:00,10,2024
1730561109,1bbf3850-7bec-3d95-bbb0-05c83747db9f,-1.62494,-55.46231,2024-10-28 18:04:00,Brasil,PARA,OBIDOS,Amazônia,2024-10-28 18:04:00,10,2024
1730561110,0d0c4077-4963-3a76-9c35-8286c98ccf37,-1.62622,-55.4711,2024-10-28 18:04:00,Brasil,PARA,OBIDOS,Amazônia,2024-10-28 18:04:00,10,2024
1730561117,8dd3e157-c2eb-3979-b6a9-16841fdd8e6f,-1.74293,-55.25301,2024-10-28 18:04:00,Brasil,PARA,OBIDOS,Amazônia,2024-10-28 18:04:00,10,2024
1730561119,c9f3c549-f91e-368a-b581-49d69b382bea,-1.74422,-55.26183,2024-10-28 18:04:00,Brasil,PARA,OBIDOS,Amazônia,2024-10-28 18:04:00,10,2024
1730561121,a8a89d46-ac5d-3178-b9f8-0bd74646b139,-1.75319,-55.52746,2024-10-28 18:04:00,Brasil,PARA,OBIDOS,Amazônia,2024-10-28 18:04:00,10,2024
1730561132,48478328-fcad-320a-9b5f-1bcee100de19,-1.7643,-55.21384,2024-10-28 18:04:00,Brasil,PARA,OBIDOS,Amazônia,2024-10-28 18:04:00,10,2024
1730561133,dc7cdad7-eb7c-3557-8583-4e6cff7c51e3,-1.76584,-55.55249,2024-10-28 18:04:00,Brasil,PARA,OBIDOS,Amazônia,2024-10-28 18:04:00,10,2024
1730561134,beefde7e-0440-3b3b-8484-f7e9ada2faa7,-1.76711,-55.56126,2024-10-28 18:04:00,Brasil,PARA,OBIDOS,Amazônia,2024-10-28 18:04:00,10,2024
1730561137,fa468e05-711d-3d97-b7e3-e21ea6f3e6c7,-1.8203,-55.41243,2024-10-28 18:04:00,Brasil,PARA,OBIDOS,Amazônia,2024-10-28 18:04:00,10,2024
1730561138,d2f29dd3-a941-3a28-bcb9-a8f77d5ac697,-1.97789,-55.67947,2024-10-28 18:04:00,Brasil,PARA,OBIDOS,Amazônia,2024-10-28 18:04:00,10,2024
1730561139,76087737-f074-33aa-a68e-7b12d3879a5c,-2.00239,-55.70519,2024-10-28 18:04:00,Brasil,PARA,OBIDOS,Amazônia,2024-10-28 18:04:00,10,2024
1730561140,01402005-f5e5-32eb-a8b1-4a4343cace9f,-2.00367,-55.71397,2024-10-28 18:04:00,Brasil,PARA,OBIDOS,Amazônia,2024-10-28 18:04:00,10,2024
1730561143,5dbd11a3-d827-307f-ba2a-bfe5ec7b2770,-2.03641,-55.69126,2024-10-28 18:04:00,Brasil,PARA,OBIDOS,Amazônia,2024-10-28 18:04:00,10,2024
1730561144,61a2bfab-1f69-37de-a9f0-daf308a6e7a4,-2.04523,-55.68997,2024-10-28 18:04:00,Brasil,PARA,OBIDOS,Amazônia,2024-10-28 18:04:00,10,2024
1730561150,974837e2-2d26-33b8-b87c-779d7b6f018d,1.92497,-55.61579,2024-10-28 18:04:00,Brasil,PARA,OBIDOS,Amazônia,2024-10-28 18:04:00,10,2024
1730873539,c7b4de2b-8b7d-3b91-9e44-128c8f145760,-1.74608,-55.23139,2024-10-30 17:47:00,Brasil,PARA,OBIDOS,Amazônia,2024-10-30 17:47:00,10,2024
1730873551,01f82572-9109-34cc-aee6-8db0ff34b489,-1.62033,-55.2294,2024-10-30 17:47:00,Brasil,PARA,OBIDOS,Amazônia,2024-10-30 17:47:00,10,2024
1730873552,0f2d3f58-3e2b-37cf-9694-9a7ba9537e71,-1.61423,-55.49285,2024-10-30 17:47:00,Brasil,PARA,OBIDOS,Amazônia,2024-10-30 17:47:00,10,2024
1730873553,df1667bf-f799-32f6-9485-089339969cdd,-1.6133,-55.40868,2024-10-30 17:47:00,Brasil,PARA,OBIDOS,Amazônia,2024-10-30 17:47:00,10,2024
1730873554,f199d6ef-e65d-393c-ac6d-4574ac03e65f,-1.60469,-55.2724,2024-10-30 17:47:00,Brasil,PARA,OBIDOS,Amazônia,2024-10-30 17:47:00,10,2024
1730873555,c4c32fe7-2ced-3594-9431-5bb6adce1ccb,-1.60276,-55.25906,2024-10-30 17:47:00,Brasil,PARA,OBIDOS,Amazônia,2024-10-30 17:47:00,10,2024
1730874271,beeec9c7-e305-3350-9da4-eee422b7cd3a,1.6095,-55.62127,2024-10-30 17:47:00,Brasil,PARA,OBIDOS,Amazônia,2024-10-30 17:47:00,10,2024
1731126487,88202393-9085-33bf-a841-975db890b3d5,-1.86514,-55.17669,2024-11-01 17:26:00,Brasil,PARA,OBIDOS,Amazônia,2024-11-01 17:26:00,11,2024
1731126490,486a9b1b-4370-3616-8bbb-33431148b479,-1.82465,-55.41479,2024-11-01 17:26:00,Brasil,PARA,OBIDOS,Amazônia,2024-11-01 17:26:00,11,2024
1731126491,c2ed494a-cb04-3bfb-a391-3dbc994269cd,-1.81843,-55.40836,2024-11-01 17:26:00,Brasil,PARA,OBIDOS,Amazônia,2024-11-01 17:26:00,11,2024
1731126495,d78f77b3-ee13-3612-b660-20bd3088166f,-1.4231,-55.49606,2024-11-01 17:26:00,Brasil,PARA,OBIDOS,Amazônia,2024-11-01 17:26:00,11,2024
1731126496,2bba4267-9f53-30b3-a06a-57ab8a55bbb5,-1.41841,-55.46397,2024-11-01 17:26:00,Brasil,PARA,OBIDOS,Amazônia,2024-11-01 17:26:00,11,2024
1731126498,9b52634a-52f9-3ec8-9aaf-5a40731e21fd,-1.27008,-55.69658,2024-11-01 17:28:00,Brasil,PARA,OBIDOS,Amazônia,2024-11-01 17:28:00,11,2024
1731274273,ecef89bd-af0d-3bfc-822e-820c3cd747b1,2.12019,-55.8227,2024-11-02 18:09:00,Brasil,PARA,OBIDOS,Amazônia,2024-11-02 18:09:00,11,2024
1731274605,a7a4ad75-bcac-3a0c-ab99-e7f4d885db4d,-2.04594,-55.21984,2024-11-02 18:06:00,Brasil,PARA,OBIDOS,Amazônia,2024-11-02 18:06:00,11,2024
1731274607,af6f8f6b-49c1-397d-af12-07e58927c72f,-2.04306,-55.70195,2024-11-02 18:06:00,Brasil,PARA,OBIDOS,Amazônia,2024-11-02 18:06:00,11,2024
1731274608,492f545d-d238-3762-afba-4864a5f6d444,-2.04176,-55.69308,2024-11-02 18:06:00,Brasil,PARA,OBIDOS,Amazônia,2024-11-02 18:06:00,11,2024
1731274613,fc1b21ff-cf47-3c8f-9627-c48c2f99e512,-2.02036,-55.73244,2024-11-02 18:06:00,Brasil,PARA,OBIDOS,Amazônia,2024-11-02 18:06:00,11,2024
1731274627,88829c02-7227-3efb-8a9e-06f484f6bdc3,-1.97449,-55.68245,2024-11-02 18:06:00,Brasil,PARA,OBIDOS,Amazônia,2024-11-02 18:06:00,11,2024
1731274636,46e242bf-d989-313b-9827-fdb291d47e61,-1.91531,-55.46339,2024-11-02 18:06:00,Brasil,PARA,OBIDOS,Amazônia,2024-11-02 18:06:00,11,2024
1731274641,88c23f13-b4d3-35b9-8865-07dd52d4f579,-1.88862,-55.21828,2024-11-02 18:06:00,Brasil,PARA,OBIDOS,Amazônia,2024-11-02 18:06:00,11,2024
1731274642,50a334df-3290-3549-a207-ebd286c6edf5,-1.88729,-55.20915,2024-11-02 18:06:00,Brasil,PARA,OBIDOS,Amazônia,2024-11-02 18:06:00,11,2024
1731274643,9da67056-7d1e-35c7-aec3-bd367ddc6172,-1.87965,-55.21958,2024-11-02 18:06:00,Brasil,PARA,OBIDOS,Amazônia,2024-11-02 18:06:00,11,2024
1731274645,4f5d1bba-a04e-3dbf-b7ab-55c966d7ae5b,-1.87831,-55.21045,2024-11-02 18:06:00,Brasil,PARA,OBIDOS,Amazônia,2024-11-02 18:06:00,11,2024
1731274649,7e778b1f-58e0-35f2-b889-c05e3448b145,-1.85848,-55.57784,2024-11-02 18:06:00,Brasil,PARA,OBIDOS,Amazônia,2024-11-02 18:06:00,11,2024
1731274656,8889a15e-5a60-3c08-86ac-f82fb34e2e92,-1.82423,-55.27987,2024-11-02 18:06:00,Brasil,PARA,OBIDOS,Amazônia,2024-11-02 18:06:00,11,2024
1731274659,dea3062c-565b-37ea-8c99-8e66654f93b7,-1.81583,-55.41021,2024-11-02 18:06:00,Brasil,PARA,OBIDOS,Amazônia,2024-11-02 18:06:00,11,2024
1731274660,354d3c5d-a74b-31c8-8182-2b56f33acc43,-1.81527,-55.28115,2024-11-02 18:06:00,Brasil,PARA,OBIDOS,Amazônia,2024-11-02 18:06:00,11,2024
1731274661,08ad38e4-aaee-3efa-b91c-db5199eb05c5,-1.81452,-55.40125,2024-11-02 18:06:00,Brasil,PARA,OBIDOS,Amazônia,2024-11-02 18:06:00,11,2024
1731274664,ff2439ec-d9f7-3173-9ceb-6fe4d468f4e7,-1.7864,-55.3961,2024-11-02 18:06:00,Brasil,PARA,OBIDOS,Amazônia,2024-11-02 18:06:00,11,2024
1731274667,dd105afb-7749-3c30-86d4-1c3b14cd1d34,-1.7687,-55.66151,2024-11-02 18:06:00,Brasil,PARA,OBIDOS,Amazônia,2024-11-02 18:06:00,11,2024
1731274669,1e9c8b57-a249-3c47-a6dc-e5eba2bc5f9f,-1.76245,-55.2332,2024-11-02 18:06:00,Brasil,PARA,OBIDOS,Amazônia,2024-11-02 18:06:00,11,2024
1731274671,9b0b8e83-9f11-31f4-b5b2-606d6d6113e7,-1.75982,-55.66279,2024-11-02 18:06:00,Brasil,PARA,OBIDOS,Amazônia,2024-11-02 18:06:00,11,2024
1731274674,037a0d78-54e2-3173-87fa-fd4b0a8bfe3a,-1.75348,-55.23454,2024-11-02 18:06:00,Brasil,PARA,OBIDOS,Amazônia,2024-11-02 18:06:00,11,2024
1731274675,54e59cff-919f-3a12-8e09-b052b713e9ea,-1.75224,-55.67297,2024-11-02 18:06:00,Brasil,PARA,OBIDOS,Amazônia,2024-11-02 18:06:00,11,2024
1731274676,58be21a1-3f3d-3857-aa01-a8ac16663dd2,-1.75095,-55.66411,2024-11-02 18:06:00,Brasil,PARA,OBIDOS,Amazônia,2024-11-02 18:06:00,11,2024
1731274691,f6fd3da5-9ca5-3a21-af3d-2366496fdb4d,-1.61145,-55.46181,2024-11-02 18:06:00,Brasil,PARA,OBIDOS,Amazônia,2024-11-02 18:06:00,11,2024
1731274700,31845760-87d9-3757-b0c9-2a7e4f13e109,-1.56452,-55.40165,2024-11-02 18:06:00,Brasil,PARA,OBIDOS,Amazônia,2024-11-02 18:06:00,11,2024
1731274712,b785867e-20e2-33d4-b15d-5c0432a5e89d,-1.54325,-55.50597,2024-11-02 18:06:00,Brasil,PARA,OBIDOS,Amazônia,2024-11-02 18:06:00,11,2024
1731274713,e955f1d1-044c-3574-b95c-fecf7f81ee93,-1.54194,-55.49697,2024-11-02 18:06:00,Brasil,PARA,OBIDOS,Amazônia,2024-11-02 18:06:00,11,2024
1731274715,8b465688-4aa6-3edc-bc36-db0aa478d5f0,-1.53434,-55.50729,2024-11-02 18:06:00,Brasil,PARA,OBIDOS,Amazônia,2024-11-02 18:06:00,11,2024
1731274744,acf2efe3-a88a-3911-beb3-ab04e29ba69e,-1.46957,-55.50416,2024-11-02 18:06:00,Brasil,PARA,OBIDOS,Amazônia,2024-11-02 18:06:00,11,2024
1731274745,c5f584f7-4f84-3b87-9146-b3a9ad664e2d,-1.46931,-55.43978,2024-11-02 18:06:00,Brasil,PARA,OBIDOS,Amazônia,2024-11-02 18:06:00,11,2024
1731274763,b414e3d8-1aa4-3e19-9944-7ed1b2b056e1,-1.37535,-55.43239,2024-11-02 18:06:00,Brasil,PARA,OBIDOS,Amazônia,2024-11-02 18:06:00,11,2024
1731274764,ed1a6a01-656c-3f99-9461-75ff1adbe50b,-1.37403,-55.42334,2024-11-02 18:06:00,Brasil,PARA,OBIDOS,Amazônia,2024-11-02 18:06:00,11,2024
1731274766,ec78a98f-84a9-384d-b966-fbea9602de26,-1.36273,-55.47113,2024-11-02 18:06:00,Brasil,PARA,OBIDOS,Amazônia,2024-11-02 18:06:00,11,2024
1731274767,762902df-f7c9-3a4b-acad-5baf225f6660,-1.36142,-55.46211,2024-11-02 18:06:00,Brasil,PARA,OBIDOS,Amazônia,2024-11-02 18:06:00,11,2024
1731274778,3ba67acc-336e-3b83-b766-e78f0dbb7c07,-1.33197,-55.44806,2024-11-02 18:06:00,Brasil,PARA,OBIDOS,Amazônia,2024-11-02 18:06:00,11,2024
1731274779,ed76dcc4-33fd-30e7-85d6-69ba4393fa10,-1.32669,-55.66547,2024-11-02 18:06:00,Brasil,PARA,OBIDOS,Amazônia,2024-11-02 18:06:00,11,2024
1731274785,297adbc4-722e-3c99-b4fb-2ecb740ddb7f,-1.30282,-55.7509,2024-11-02 18:06:00,Brasil,PARA,OBIDOS,Amazônia,2024-11-02 18:06:00,11,2024
1731274790,94ace5db-fa82-319d-946f-756e7fae55fc,-1.29395,-55.7522,2024-11-02 18:06:00,Brasil,PARA,OBIDOS,Amazônia,2024-11-02 18:06:00,11,2024
1731274791,4e0bbb7c-d6cd-3bef-b3d9-c0a2c74ddb13,-1.29264,-55.74331,2024-11-02 18:06:00,Brasil,PARA,OBIDOS,Amazônia,2024-11-02 18:06:00,11,2024
1731274792,4bf382a0-508b-300d-b746-cad938cc2430,-1.27619,-55.75484,2024-11-02 18:06:00,Brasil,PARA,OBIDOS,Amazônia,2024-11-02 18:06:00,11,2024
1731274796,127330b4-efaa-3fdd-8585-1a874545f90a,-1.25706,-55.70042,2024-11-02 18:06:00,Brasil,PARA,OBIDOS,Amazônia,2024-11-02 18:06:00,11,2024
1731274797,b48a957f-8bd7-34a6-9054-930fbb448ab1,-1.25577,-55.6915,2024-11-02 18:06:00,Brasil,PARA,OBIDOS,Amazônia,2024-11-02 18:06:00,11,2024
1731274798,d9bcb509-a744-338e-ae81-defd5b1780cc,-1.22191,-55.83281,2024-11-02 18:06:00,Brasil,PARA,OBIDOS,Amazônia,2024-11-02 18:06:00,11,2024
1731274800,d09906f8-abe0-3ab9-bb29-f4225b71bb8c,-1.22061,-55.82393,2024-11-02 18:06:00,Brasil,PARA,OBIDOS,Amazônia,2024-11-02 18:06:00,11,2024
1731274801,6344de27-a38c-303f-adcd-7da881c25d7e,-1.21433,-55.84297,2024-11-02 18:06:00,Brasil,PARA,OBIDOS,Amazônia,2024-11-02 18:06:00,11,2024
1731274802,ff7c2878-2874-310b-be88-278af9a8eca4,-1.21303,-55.8341,2024-11-02 18:06:00,Brasil,PARA,OBIDOS,Amazônia,2024-11-02 18:06:00,11,2024
1731274803,7d652c7b-5aaa-3ff0-9e1b-9fa34fb3946a,-1.21174,-55.82523,2024-11-02 18:06:00,Brasil,PARA,OBIDOS,Amazônia,2024-11-02 18:06:00,11,2024
1731274811,ee9964b6-697f-3979-992a-8e909e2b16ae,-1.19483,-55.70961,2024-11-02 18:06:00,Brasil,PARA,OBIDOS,Amazônia,2024-11-02 18:06:00,11,2024
1731274834,3e204446-639b-387c-88e9-bf93a80c7227,-1.02407,-56.06059,2024-11-02 18:06:00,Brasil,PARA,OBIDOS,Amazônia,2024-11-02 18:06:00,11,2024
1731499943,1752f65b-db53-33a8-bdd7-7fa8cc80de76,-1.67697,-55.46092,2024-11-04 17:49:00,Brasil,PARA,OBIDOS,Amazônia,2024-11-04 17:49:00,11,2024
1731499984,baf34a0a-83bb-3926-8162-832302f6f509,-1.64145,-55.56131,2024-11-04 17:49:00,Brasil,PARA,OBIDOS,Amazônia,2024-11-04 17:49:00,11,2024
1731500062,a33842a2-7270-3ad6-819b-84eb94b537d6,-1.55593,-55.40967,2024-11-04 17:49:00,Brasil,PARA,OBIDOS,Amazônia,2024-11-04 17:49:00,11,2024
1731736748,1684847f-616a-3baf-9a79-826c1a6b7c91,-1.54146,-55.67478,2024-11-06 17:32:00,Brasil,PARA,OBIDOS,Amazônia,2024-11-06 17:32:00,11,2024
1731858385,0c44ca5a-f07b-369f-9c28-2495e874a9ab,-1.66781,-55.62586,2024-11-07 18:10:00,Brasil,PARA,OBIDOS,Amazônia,2024-11-07 18:10:00,11,2024
1731858544,580ff8ba-0f8d-3ef8-868c-0aad71b8c4bf,-1.18274,-55.71517,2024-11-07 18:10:00,Brasil,PARA,OBIDOS,Amazônia,2024-11-07 18:10:00,11,2024
1732107682,71f3c5d5-3ed4-3f6f-8463-22b4e75b062c,-1.84838,-55.32251,2024-11-09 17:51:00,Brasil,PARA,OBIDOS,Amazônia,2024-11-09 17:51:00,11,2024
1732107752,e2a5ae97-eee1-3b4c-a114-b944e738c11c,-1.72826,-55.20087,2024-11-09 17:51:00,Brasil,PARA,OBIDOS,Amazônia,2024-11-09 17:51:00,11,2024
1732107832,f18ca91d-fdea-384f-9c1c-13d2ac0eb4b5,-1.51167,-55.54401,2024-11-09 17:51:00,Brasil,PARA,OBIDOS,Amazônia,2024-11-09 17:51:00,11,2024
1732107919,6629a3c0-be78-3e19-9aac-6bcafae13e32,-1.82092,-55.3558,2024-11-09 17:51:00,Brasil,PARA,OBIDOS,Amazônia,2024-11-09 17:51:00,11,2024
1732107934,449b0189-513f-30a0-9abc-fd11e14e727b,-1.70413,-55.1712,2024-11-09 17:51:00,Brasil,PARA,OBIDOS,Amazônia,2024-11-09 17:51:00,11,2024
1732107953,010381f4-9eb0-35d2-94ae-107e33e31ed2,-1.21279,-55.88343,2024-11-09 17:51:00,Brasil,PARA,OBIDOS,Amazônia,2024-11-09 17:51:00,11,2024
1732108056,b0106597-c166-30f1-af5c-073558d4d9cc,-1.51331,-55.55538,2024-11-09 17:51:00,Brasil,PARA,OBIDOS,Amazônia,2024-11-09 17:51:00,11,2024
1732108105,3c654390-3453-303c-a970-e4ab09c488e4,-1.78755,-55.61517,2024-11-09 17:51:00,Brasil,PARA,OBIDOS,Amazônia,2024-11-09 17:51:00,11,2024
1732108247,e723b123-b2fb-3d87-98bc-73563a0bd3ce,-1.82358,-55.3603,2024-11-09 17:51:00,Brasil,PARA,OBIDOS,Amazônia,2024-11-09 17:51:00,11,2024
1732108280,a25c53f8-fb60-3761-9d2d-dbd64e2500a6,-1.28798,-55.70042,2024-11-09 17:51:00,Brasil,PARA,OBIDOS,Amazônia,2024-11-09 17:51:00,11,2024
1732108317,8e4e1e2e-7f01-34ff-bc86-d4ae1e1efa11,-1.7421,-55.65071,2024-11-09 17:51:00,Brasil,PARA,OBIDOS,Amazônia,2024-11-09 17:51:00,11,2024
1732108386,3544ce4b-02a4-30d2-b7ca-ebb9459a68ba,-1.74043,-55.63929,2024-11-09 17:51:00,Brasil,PARA,OBIDOS,Amazônia,2024-11-09 17:51:00,11,2024
1732108408,cfa1b6ef-6cf1-3199-9c36-10ff13409e94,-1.19898,-55.71855,2024-11-09 17:51:00,Brasil,PARA,OBIDOS,Amazônia,2024-11-09 17:51:00,11,2024
1732108434,63dd7cf0-1896-3871-b496-9d1545bbe37e,-1.59438,-55.41199,2024-11-09 17:51:00,Brasil,PARA,OBIDOS,Amazônia,2024-11-09 17:51:00,11,2024
1732108452,a07e34e5-9b27-3670-84d9-c626af262cd0,-1.82919,-55.41166,2024-11-09 17:51:00,Brasil,PARA,OBIDOS,Amazônia,2024-11-09 17:51:00,11,2024
1732108466,8d27a950-1007-3b5f-8640-831b5c7004a9,-1.74518,-55.38947,2024-11-09 17:51:00,Brasil,PARA,OBIDOS,Amazônia,2024-11-09 17:51:00,11,2024
1732108701,27dfd04b-4e5f-3b88-842d-59dbd4f9c608,-1.38752,-55.46563,2024-11-09 17:51:00,Brasil,PARA,OBIDOS,Amazônia,2024-11-09 17:51:00,11,2024
1732108799,66ab155c-a321-3adc-b6af-76a695eacf20,-1.74678,-55.40074,2024-11-09 17:51:00,Brasil,PARA,OBIDOS,Amazônia,2024-11-09 17:51:00,11,2024
1732108919,d2711bac-3ba4-3136-98b1-6d387fc5ec77,-1.7859,-55.60364,2024-11-09 17:51:00,Brasil,PARA,OBIDOS,Amazônia,2024-11-09 17:51:00,11,2024
1732109006,e43b0894-aada-3092-b237-04798bce51dd,-1.71386,-55.16975,2024-11-09 17:51:00,Brasil,PARA,OBIDOS,Amazônia,2024-11-09 17:51:00,11,2024
1732109027,f220f2a9-9970-3bc6-92b7-99347a0354c0,-1.38434,-55.44333,2024-11-09 17:51:00,Brasil,PARA,OBIDOS,Amazônia,2024-11-09 17:51:00,11,2024
1732109137,aa9f77cf-1619-3523-9ae8-d819cae504b6,-1.38274,-55.43217,2024-11-09 17:51:00,Brasil,PARA,OBIDOS,Amazônia,2024-11-09 17:51:00,11,2024
1732109152,d7c26441-3881-3310-82d9-f24d5c802bb7,-1.72669,-55.18995,2024-11-09 17:51:00,Brasil,PARA,OBIDOS,Amazônia,2024-11-09 17:51:00,11,2024
1732109169,d3cac6a3-d4b2-38b4-b615-f418d0f5f4fc,-1.83151,-55.41628,2024-11-09 17:51:00,Brasil,PARA,OBIDOS,Amazônia,2024-11-09 17:51:00,11,2024
1732109248,9dc52668-c8e1-34c1-a2b4-b15126589dbb,-1.8679,-55.38808,2024-11-09 17:51:00,Brasil,PARA,OBIDOS,Amazônia,2024-11-09 17:51:00,11,2024
1732109250,4a32b725-6d00-3f01-858a-331ddf19380e,-1.77179,-55.29486,2024-11-09 17:51:00,Brasil,PARA,OBIDOS,Amazônia,2024-11-09 17:51:00,11,2024
1732109387,afa4a541-ae95-3260-a2b7-0295e296d598,-1.35616,-55.46416,2024-11-09 17:51:00,Brasil,PARA,OBIDOS,Amazônia,2024-11-09 17:51:00,11,2024
1732109388,6b126f67-c268-37a9-b181-a0ed71e46552,-1.46505,-55.6509,2024-11-09 17:51:00,Brasil,PARA,OBIDOS,Amazônia,2024-11-09 17:51:00,11,2024
1732109583,27405033-2ab9-36c0-ad86-f0c66730154f,-1.82256,-55.36688,2024-11-09 17:51:00,Brasil,PARA,OBIDOS,Amazônia,2024-11-09 17:51:00,11,2024
1732109631,093c9201-b2ba-3f12-9eb4-79bc6b2a969f,-1.8578,-55.45869,2024-11-09 17:51:00,Brasil,PARA,OBIDOS,Amazônia,2024-11-09 17:51:00,11,2024
1732109775,f655690a-b397-3e3d-9943-aee44ac46d60,-1.61438,-55.27408,2024-11-09 17:51:00,Brasil,PARA,OBIDOS,Amazônia,2024-11-09 17:51:00,11,2024
1732109885,46a42928-8302-324f-8ee3-b98d94052be6,-1.73531,-55.39095,2024-11-09 17:51:00,Brasil,PARA,OBIDOS,Amazônia,2024-11-09 17:51:00,11,2024
1732109932,543526f0-3613-3b0e-ae74-f6fcf3310b77,-1.60874,-55.65295,2024-11-09 17:51:00,Brasil,PARA,OBIDOS,Amazônia,2024-11-09 17:51:00,11,2024
1732110037,5992dfa6-8e8c-3c2f-a03a-a9d28e59d628,-1.7369,-55.40217,2024-11-09 17:51:00,Brasil,PARA,OBIDOS,Amazônia,2024-11-09 17:51:00,11,2024
1732110245,7db457b4-5cc3-3106-9b74-e0b563b1e322,-1.83345,-55.35889,2024-11-09 17:51:00,Brasil,PARA,OBIDOS,Amazônia,2024-11-09 17:51:00,11,2024
1732110305,5ba1fb8c-5f5c-3f29-9ee8-d175de075aaa,-1.61276,-55.26315,2024-11-09 17:51:00,Brasil,PARA,OBIDOS,Amazônia,2024-11-09 17:51:00,11,2024
1732110361,b7875fd0-50f6-380c-a255-33e9036af887,-1.20069,-55.73024,2024-11-09 17:51:00,Brasil,PARA,OBIDOS,Amazônia,2024-11-09 17:51:00,11,2024
1732266355,4277d045-7bbc-3450-8e5a-9165dc5aa327,-1.40188,-55.47416,2024-11-10 18:32:00,Brasil,PARA,OBIDOS,Amazônia,2024-11-10 18:32:00,11,2024
1732266665,7d539234-451d-32db-8809-97a11df62ae8,-1.39859,-55.4524,2024-11-10 18:32:00,Brasil,PARA,OBIDOS,Amazônia,2024-11-10 18:32:00,11,2024
1732267080,ab834cd0-a239-37e0-98ac-98b344ab6dde,-1.83291,-55.63584,2024-11-10 18:32:00,Brasil,PARA,OBIDOS,Amazônia,2024-11-10 18:32:00,11,2024
1732556169,ee90be5e-42aa-3585-a12e-4c625bcd1006,-1.68691,-55.42447,2024-11-12 18:15:00,Brasil,PARA,OBIDOS,Amazônia,2024-11-12 18:15:00,11,2024
1732556206,19979e13-0237-3736-a6ce-70cfa29b42b2,-1.68544,-55.41451,2024-11-12 18:15:00,Brasil,PARA,OBIDOS,Amazônia,2024-11-12 18:15:00,11,2024
1732556806,d9a9ffe8-8887-3296-9935-bc3b9a186bff,-1.69688,-55.36171,2024-11-12 18:15:00,Brasil,PARA,OBIDOS,Amazônia,2024-11-12 18:15:00,11,2024
1732556882,322fea48-4857-3d97-b49b-012797e36a05,-1.69542,-55.35169,2024-11-12 18:15:00,Brasil,PARA,OBIDOS,Amazônia,2024-11-12 18:15:00,11,2024
1732556909,330f0edb-2b95-3c0a-9003-f1d3dbc482b2,-1.63332,-55.25732,2024-11-12 18:15:00,Brasil,PARA,OBIDOS,Amazônia,2024-11-12 18:15:00,11,2024
1732842990,db747a29-6e31-358a-9f6e-2022390cdc30,1.62969,-55.78956,2024-11-14 17:56:00,Brasil,PARA,OBIDOS,Amazônia,2024-11-14 17:56:00,11,2024
1733233284,a6704413-0657-3457-8fc4-716fe57199e6,2.24966,-55.94294,2024-11-17 18:17:00,Brasil,PARA,OBIDOS,Amazônia,2024-11-17 18:17:00,11,2024
1733233392,ca1cd5f1-f86c-37f8-826d-7f4b3ae26ade,-1.39416,-55.42462,2024-11-17 18:17:00,Brasil,PARA,OBIDOS,Amazônia,2024-11-17 18:17:00,11,2024
1733233437,bb8be217-bcc2-32e5-8e18-67faa0acdb56,1.63091,-55.7651,2024-11-17 18:17:00,Brasil,PARA,OBIDOS,Amazônia,2024-11-17 18:17:00,11,2024
1733233570,98842743-6ed2-3e9a-8fa2-806ffd6cd160,1.62931,-55.77628,2024-11-17 18:17:00,Brasil,PARA,OBIDOS,Amazônia,2024-11-17 18:17:00,11,2024
1733233590,88e1cde5-1d17-3d0f-817a-0ab7d03b6f91,-1.56211,-55.32698,2024-11-17 18:15:00,Brasil,PARA,OBIDOS,Amazônia,2024-11-17 18:15:00,11,2024
1733233621,e1681a4d-8fc6-3baf-8ff6-05f33a259cce,-1.33929,-55.47134,2024-11-17 18:17:00,Brasil,PARA,OBIDOS,Amazônia,2024-11-17 18:17:00,11,2024
1733233631,79d790fb-4ab2-317e-8d3a-f74562019c29,-1.56487,-55.33197,2024-11-17 18:15:00,Brasil,PARA,OBIDOS,Amazônia,2024-11-17 18:15:00,11,2024
1733233746,ca03db44-ee55-3beb-9b23-b64fc202f3e8,2.2398,-55.94152,2024-11-17 18:17:00,Brasil,PARA,OBIDOS,Amazônia,2024-11-17 18:17:00,11,2024
1733412709,b4311496-7898-3e30-8de4-259da1ebde7b,-1.69444,-55.34998,2024-11-19 17:58:00,Brasil,PARA,OBIDOS,Amazônia,2024-11-19 17:58:00,11,2024
1733412730,cf38107b-71b0-39a0-8b78-89873aeaa3cc,-1.57573,-55.56395,2024-11-19 17:58:00,Brasil,PARA,OBIDOS,Amazônia,2024-11-19 17:58:00,11,2024
1733412845,571e6f15-75c7-39c0-a3c0-534089ed029d,-1.89854,-55.24336,2024-11-19 17:58:00,Brasil,PARA,OBIDOS,Amazônia,2024-11-19 17:58:00,11,2024
1733412849,19066594-3ed2-3bea-98fa-0121eef1160c,-1.68432,-55.54153,2024-11-19 17:58:00,Brasil,PARA,OBIDOS,Amazônia,2024-11-19 17:58:00,11,2024
1733412885,f1834292-e820-3531-a337-127ec0209e91,-1.38545,-55.62981,2024-11-19 17:58:00,Brasil,PARA,OBIDOS,Amazônia,2024-11-19 17:58:00,11,2024
1733412906,e3e589ad-f6aa-3e3c-ab9b-e91b961f8aae,-1.35096,-55.65516,2024-11-19 17:58:00,Brasil,PARA,OBIDOS,Amazônia,2024-11-19 17:58:00,11,2024
1733412932,a26c74e0-917e-3fe9-87ce-cf6827eab2fe,-1.92458,-55.59661,2024-11-19 17:58:00,Brasil,PARA,OBIDOS,Amazônia,2024-11-19 17:58:00,11,2024
1733412982,4b27461e-c93f-334c-a751-0b0e60b76ce6,-1.71946,-55.45608,2024-11-19 17:58:00,Brasil,PARA,OBIDOS,Amazônia,2024-11-19 17:58:00,11,2024
1733412988,9e72f069-5d93-3dc0-be80-680763b72cfa,-1.39034,-55.62358,2024-11-19 17:58:00,Brasil,PARA,OBIDOS,Amazônia,2024-11-19 17:58:00,11,2024
1733413013,6975d4f4-e17e-319a-bcfb-b5d79475eddf,-1.34722,-55.4347,2024-11-19 17:58:00,Brasil,PARA,OBIDOS,Amazônia,2024-11-19 17:58:00,11,2024
1733413023,0ba8c337-c107-34ad-840c-ddb7a52824b6,-1.73392,-55.24995,2024-11-19 17:58:00,Brasil,PARA,OBIDOS,Amazônia,2024-11-19 17:58:00,11,2024
1733413100,5fcca427-07f9-32fd-bd6a-a52c95fb4bf4,-1.70587,-55.55865,2024-11-19 17:58:00,Brasil,PARA,OBIDOS,Amazônia,2024-11-19 17:58:00,11,2024
1733413128,b3c39def-55cc-3b98-949e-5d1084be05e0,-1.52048,-55.48713,2024-11-19 17:58:00,Brasil,PARA,OBIDOS,Amazônia,2024-11-19 17:58:00,11,2024
1733413130,a4632806-ac18-3ae2-bf8e-461447e6ca21,-1.91332,-55.28066,2024-11-19 17:58:00,Brasil,PARA,OBIDOS,Amazônia,2024-11-19 17:58:00,11,2024
1733413163,bbd2e436-f580-36ba-9a01-643bc368447a,-1.91872,-55.55663,2024-11-19 17:58:00,Brasil,PARA,OBIDOS,Amazônia,2024-11-19 17:58:00,11,2024
1733413217,0589d5be-4961-39e6-a9f6-edf4f77a682f,-1.68289,-55.5316,2024-11-19 17:58:00,Brasil,PARA,OBIDOS,Amazônia,2024-11-19 17:58:00,11,2024
1733413243,c4b72f3e-77a0-34bf-9547-3a4414f3d309,-1.87905,-55.35077,2024-11-19 17:58:00,Brasil,PARA,OBIDOS,Amazônia,2024-11-19 17:58:00,11,2024
1733413270,bfed343f-f505-33a1-bbbe-75f2455dcd9d,-1.94529,-55.30585,2024-11-19 17:58:00,Brasil,PARA,OBIDOS,Amazônia,2024-11-19 17:58:00,11,2024
1733413288,55b5aa07-533b-30eb-9c7a-287859648b88,-1.9467,-55.31557,2024-11-19 17:58:00,Brasil,PARA,OBIDOS,Amazônia,2024-11-19 17:58:00,11,2024
1733413292,63345f01-7268-3040-a67c-c47d7bd9f463,-1.67453,-55.34295,2024-11-19 17:58:00,Brasil,PARA,OBIDOS,Amazônia,2024-11-19 17:58:00,11,2024
1733413296,b3b141cc-ddb7-361b-a324-38232aa72dc9,-1.57715,-55.57382,2024-11-19 17:58:00,Brasil,PARA,OBIDOS,Amazônia,2024-11-19 17:58:00,11,2024
1733413328,46c36347-05c9-30bf-9679-0053841e554d,-1.59802,-55.52037,2024-11-19 17:58:00,Brasil,PARA,OBIDOS,Amazônia,2024-11-19 17:58:00,11,2024
1733413343,8dd70ed6-5fc7-3780-b453-350645ae6f9f,-1.34865,-55.44439,2024-11-19 17:58:00,Brasil,PARA,OBIDOS,Amazônia,2024-11-19 17:58:00,11,2024
1733413381,c564e825-6ac8-30be-a587-44e302e2c567,-1.9276,-55.24893,2024-11-19 17:58:00,Brasil,PARA,OBIDOS,Amazônia,2024-11-19 17:58:00,11,2024
1733413402,7dad8e53-6cda-3fff-9ca8-e4e3270852ea,-1.39176,-55.63353,2024-11-19 17:58:00,Brasil,PARA,OBIDOS,Amazônia,2024-11-19 17:58:00,11,2024
1733413406,423e55fd-a3b9-3f57-a74c-f502306fab69,-1.61817,-55.65946,2024-11-19 17:58:00,Brasil,PARA,OBIDOS,Amazônia,2024-11-19 17:58:00,11,2024
1733413421,f2fbd3ce-5b07-302b-b9f4-ca3b5debbb32,-1.43057,-55.50682,2024-11-19 17:58:00,Brasil,PARA,OBIDOS,Amazônia,2024-11-19 17:58:00,11,2024
1733413438,4fed3c8a-fa7f-33ca-9fc3-1e8d3654fd9f,-1.90623,-55.40681,2024-11-19 17:58:00,Brasil,PARA,OBIDOS,Amazônia,2024-11-19 17:58:00,11,2024
1733413442,7215ac32-4d49-329b-a4d5-53a757eefede,-1.2827,-55.69201,2024-11-19 17:58:00,Brasil,PARA,OBIDOS,Amazônia,2024-11-19 17:58:00,11,2024
1733413499,c2e19835-86ec-3866-b5a3-79bd5ba88452,-1.59078,-55.60229,2024-11-19 17:58:00,Brasil,PARA,OBIDOS,Amazônia,2024-11-19 17:58:00,11,2024
1733413522,1b6142ef-27b7-3acf-9f49-6f00c446373a,-1.93264,-55.21872,2024-11-19 17:58:00,Brasil,PARA,OBIDOS,Amazônia,2024-11-19 17:58:00,11,2024
1733413523,53dbe049-0437-3ddd-be3e-89c95bc73a32,-1.67312,-55.33322,2024-11-19 17:58:00,Brasil,PARA,OBIDOS,Amazônia,2024-11-19 17:58:00,11,2024
1733413524,a3def832-70a5-305f-a11a-d4c5ddf12d58,-1.70733,-55.56864,2024-11-19 17:58:00,Brasil,PARA,OBIDOS,Amazônia,2024-11-19 17:58:00,11,2024
1733413706,253b7c58-7d02-34f4-b7c2-578710946032,-1.76527,-55.66703,2024-11-19 17:58:00,Brasil,PARA,OBIDOS,Amazônia,2024-11-19 17:58:00,11,2024
1733413708,946b13a6-c0e5-3272-9a65-e1c85f1bd662,-1.64855,-55.22875,2024-11-19 17:58:00,Brasil,PARA,OBIDOS,Amazônia,2024-11-19 17:58:00,11,2024
1733413808,03dd7e45-646d-3ea6-8421-592d816beb9c,-1.28124,-55.68208,2024-11-19 17:58:00,Brasil,PARA,OBIDOS,Amazônia,2024-11-19 17:58:00,11,2024
1733413843,58afe020-ddeb-3ef6-b12d-e857d48724b4,-1.51905,-55.47735,2024-11-19 17:58:00,Brasil,PARA,OBIDOS,Amazônia,2024-11-19 17:58:00,11,2024
1733413873,4c4f5532-bc26-3701-a663-495bbb7bf42c,-1.84561,-55.31582,2024-11-19 17:58:00,Brasil,PARA,OBIDOS,Amazônia,2024-11-19 17:58:00,11,2024
1733715247,b562f626-feb6-32b8-8a54-16f61a891d5c,-1.63304,-55.46876,2024-11-21 17:38:00,Brasil,PARA,OBIDOS,Amazônia,2024-11-21 17:38:00,11,2024
1733715340,a304bd7c-d520-3e93-b846-dd2058ed9512,-1.89611,-55.2165,2024-11-21 17:38:00,Brasil,PARA,OBIDOS,Amazônia,2024-11-21 17:38:00,11,2024
1733715503,b2bffc2c-0781-31ad-9c3f-1796541852d6,-1.83152,-55.31615,2024-11-21 17:38:00,Brasil,PARA,OBIDOS,Amazônia,2024-11-21 17:38:00,11,2024
1733715524,de0111ef-da3f-36f3-ba23-07f787f599cb,-1.88155,-55.30183,2024-11-21 17:38:00,Brasil,PARA,OBIDOS,Amazônia,2024-11-21 17:38:00,11,2024
1733715538,e0861ea0-76f4-33cc-b418-7f1195eebbc4,-1.62363,-55.40569,2024-11-21 17:38:00,Brasil,PARA,OBIDOS,Amazônia,2024-11-21 17:38:00,11,2024
1733715552,d9b1a11d-f4b8-3419-a789-d8df69420d17,-1.87869,-55.28148,2024-11-21 17:38:00,Brasil,PARA,OBIDOS,Amazônia,2024-11-21 17:38:00,11,2024
1733715647,b24c6816-908d-321e-b8c4-1c66dfdb78c1,-1.51724,-55.49207,2024-11-21 17:38:00,Brasil,PARA,OBIDOS,Amazônia,2024-11-21 17:38:00,11,2024
1733715649,ce8c9773-09f9-3563-bbd4-de2068de5e78,-1.64229,-55.46241,2024-11-21 17:38:00,Brasil,PARA,OBIDOS,Amazônia,2024-11-21 17:38:00,11,2024
1733715656,332d7b00-de7d-371d-9eb5-a68526ccd097,-1.74067,-55.50631,2024-11-21 17:38:00,Brasil,PARA,OBIDOS,Amazônia,2024-11-21 17:38:00,11,2024
1733715809,95de4ac7-7420-381d-b3d6-5e0a02c0f16b,-1.90067,-55.34249,2024-11-21 17:38:00,Brasil,PARA,OBIDOS,Amazônia,2024-11-21 17:38:00,11,2024
1733715819,167b7689-0b66-3d07-b7cc-52ac6263ae74,-1.64627,-55.46698,2024-11-21 17:38:00,Brasil,PARA,OBIDOS,Amazônia,2024-11-21 17:38:00,11,2024
1733715875,aef417df-79b7-3563-a5cb-f64f2fca8acf,-1.28643,-55.69602,2024-11-21 17:38:00,Brasil,PARA,OBIDOS,Amazônia,2024-11-21 17:38:00,11,2024
1733716017,82d80728-7713-3e12-a2c0-2983bec453da,-1.73767,-55.48513,2024-11-21 17:38:00,Brasil,PARA,OBIDOS,Amazônia,2024-11-21 17:38:00,11,2024
1733716041,e3e6c1fd-ff2b-328b-ad25-203b2e2af4f4,-1.83456,-55.3372,2024-11-21 17:38:00,Brasil,PARA,OBIDOS,Amazônia,2024-11-21 17:38:00,11,2024
1733716078,0857c69a-eb29-36bf-a411-ed8eb121af3b,-1.90366,-55.36359,2024-11-21 17:38:00,Brasil,PARA,OBIDOS,Amazônia,2024-11-21 17:38:00,11,2024
1733716199,c1de830c-d301-3a10-89bf-08064c670023,-1.87002,-55.39643,2024-11-21 17:38:00,Brasil,PARA,OBIDOS,Amazônia,2024-11-21 17:38:00,11,2024
1733716237,e88d9644-5f6c-31e0-b3c9-87cf8704fe69,-1.64528,-55.48344,2024-11-21 17:38:00,Brasil,PARA,OBIDOS,Amazônia,2024-11-21 17:38:00,11,2024
1733716282,b9a9b17a-5d9d-3eb0-8747-8ece5111f135,-1.90335,-55.3489,2024-11-21 17:38:00,Brasil,PARA,OBIDOS,Amazônia,2024-11-21 17:38:00,11,2024
1733716298,3e65bde2-48ec-3130-8bc8-0d6176701e0c,-1.88084,-55.2878,2024-11-21 17:38:00,Brasil,PARA,OBIDOS,Amazônia,2024-11-21 17:38:00,11,2024
1733716491,0c18824a-3e84-3197-8821-16a7df12e8c8,-1.3537,-55.45642,2024-11-21 17:38:00,Brasil,PARA,OBIDOS,Amazônia,2024-11-21 17:38:00,11,2024
1733716502,842aa2d0-8c37-3ea0-84a5-a0237fe3dc97,-1.74115,-55.49132,2024-11-21 17:38:00,Brasil,PARA,OBIDOS,Amazônia,2024-11-21 17:38:00,11,2024
1733716585,d690fa80-7e70-385d-8467-8c0739e20abe,-1.8731,-55.41748,2024-11-21 17:38:00,Brasil,PARA,OBIDOS,Amazônia,2024-11-21 17:38:00,11,2024
1733839266,0d6a973d-f9d0-3c36-899b-6e5e196c1213,-1.84024,-55.61352,2024-11-22 18:19:00,Brasil,PARA,OBIDOS,Amazônia,2024-11-22 18:19:00,11,2024
1733839314,82d8ba17-190e-3460-928d-eb2647de48b5,1.6493,-55.77149,2024-11-22 18:19:00,Brasil,PARA,OBIDOS,Amazônia,2024-11-22 18:19:00,11,2024
1733839564,8a9c6cdc-a3f6-3c85-93bd-f73bb35d5d9c,-1.61503,-55.40621,2024-11-22 18:19:00,Brasil,PARA,OBIDOS,Amazônia,2024-11-22 18:19:00,11,2024
1733839571,7ecc3f29-b5f8-37a6-b3bf-b78302b704e8,-1.46806,-55.45196,2024-11-22 18:19:00,Brasil,PARA,OBIDOS,Amazônia,2024-11-22 18:19:00,11,2024
1733839666,dd98a658-e35e-32f3-bbba-b5e78a241188,-1.65046,-55.22736,2024-11-22 18:19:00,Brasil,PARA,OBIDOS,Amazônia,2024-11-22 18:19:00,11,2024
1734102321,356a500b-2599-371b-8af2-97560243b81c,-1.88902,-55.27161,2024-11-24 18:00:00,Brasil,PARA,OBIDOS,Amazônia,2024-11-24 18:00:00,11,2024
1734102407,221c9941-ba09-30a4-88b7-7b1f30bc2ecf,2.18755,-55.9236,2024-11-24 18:00:00,Brasil,PARA,OBIDOS,Amazônia,2024-11-24 18:00:00,11,2024
1734102445,07e97f72-f64f-36ad-8a86-a4ee00f9baa5,-1.88769,-55.26231,2024-11-24 18:00:00,Brasil,PARA,OBIDOS,Amazônia,2024-11-24 18:00:00,11,2024
1734102510,547323bc-7eae-3189-86d9-a342ae915f28,1.73071,-55.82539,2024-11-24 18:00:00,Brasil,PARA,OBIDOS,Amazônia,2024-11-24 18:00:00,11,2024
1734102687,91579c25-9aa4-3ada-bbbb-dc9c192e9814,-1.9696,-55.50843,2024-11-24 18:00:00,Brasil,PARA,OBIDOS,Amazônia,2024-11-24 18:00:00,11,2024
1734102835,5b9d4907-c46d-36fc-acf7-d476eeb220ff,-1.84115,-55.63631,2024-11-24 18:00:00,Brasil,PARA,OBIDOS,Amazônia,2024-11-24 18:00:00,11,2024
1734102864,f7e3ec8a-a1b1-3867-ab81-b3fd70c19666,-1.38164,-55.64573,2024-11-24 18:00:00,Brasil,PARA,OBIDOS,Amazônia,2024-11-24 18:00:00,11,2024
1734103045,1f984a92-e5db-3490-8ad4-996aec4f35e6,-1.86918,-55.38459,2024-11-24 18:00:00,Brasil,PARA,OBIDOS,Amazônia,2024-11-24 18:00:00,11,2024
1734355228,f8a2f0b5-ae34-3677-a2fa-7e7793646de7,1.94469,-55.80738,2024-11-26 17:41:00,Brasil,PARA,OBIDOS,Amazônia,2024-11-26 17:41:00,11,2024
1734355364,2d1e339a-23d2-3e2c-8edf-cf8cbc668866,1.94843,-55.81473,2024-11-26 17:41:00,Brasil,PARA,OBIDOS,Amazônia,2024-11-26 17:41:00,11,2024
1734355476,066096fc-35e4-37d9-a0a6-21f29cdcecd0,1.95278,-55.70671,2024-11-26 17:41:00,Brasil,PARA,OBIDOS,Amazônia,2024-11-26 17:41:00,11,2024
1734355777,e7343ea7-4796-3aec-857a-3a89a7690a6c,1.94734,-55.78949,2024-11-26 17:41:00,Brasil,PARA,OBIDOS,Amazônia,2024-11-26 17:41:00,11,2024
1734355848,3d5f79a8-d2e6-372f-abc7-ccb93e84068a,1.95121,-55.79687,2024-11-26 17:41:00,Brasil,PARA,OBIDOS,Amazônia,2024-11-26 17:41:00,11,2024
1734768785,1a4342cc-3726-3e9e-9d3c-411a95df079e,-1.46088,-55.52733,2024-11-29 18:02:00,Brasil,PARA,OBIDOS,Amazônia,2024-11-29 18:02:00,11,2024
1734768867,05f206f6-0ae8-372a-8d57-64fac2204294,-1.35725,-55.64189,2024-11-29 18:02:00,Brasil,PARA,OBIDOS,Amazônia,2024-11-29 18:02:00,11,2024
1734768890,99f9dc41-e399-3608-9c18-a14df350e8ea,-1.65783,-55.23235,2024-11-29 18:02:00,Brasil,PARA,OBIDOS,Amazônia,2024-11-29 18:02:00,11,2024
1734768908,9bda6332-af0c-3ac0-935b-29a8475ed37c,-1.229,-55.77568,2024-11-29 18:02:00,Brasil,PARA,OBIDOS,Amazônia,2024-11-29 18:02:00,11,2024
1734768955,d9dcbc89-91b8-39b3-97e1-cc8c73c036d3,1.91008,-55.77147,2024-11-29 18:02:00,Brasil,PARA,OBIDOS,Amazônia,2024-11-29 18:02:00,11,2024
1734768962,e7bc6321-d1aa-3e58-b914-5192c5a825ab,-1.81901,-55.19662,2024-11-29 18:02:00,Brasil,PARA,OBIDOS,Amazônia,2024-11-29 18:02:00,11,2024
1734768974,6ee317f6-f79e-344a-986b-3397dd2e099b,-1.5975,-55.44901,2024-11-29 18:02:00,Brasil,PARA,OBIDOS,Amazônia,2024-11-29 18:02:00,11,2024
1734768983,69841073-69ac-3d0c-b6c0-e98eaac23fcf,-1.60383,-55.42962,2024-11-29 18:02:00,Brasil,PARA,OBIDOS,Amazônia,2024-11-29 18:02:00,11,2024
1734769004,a026324e-82b9-3897-93f3-03c53480d248,-1.76321,-55.64225,2024-11-29 18:02:00,Brasil,PARA,OBIDOS,Amazônia,2024-11-29 18:02:00,11,2024
1734769013,ea27beea-2806-3b78-8e98-794874532e91,-1.59358,-55.42191,2024-11-29 18:02:00,Brasil,PARA,OBIDOS,Amazônia,2024-11-29 18:02:00,11,2024
1734769158,de045473-b8ac-3f6b-a5a6-9d6a11124064,-1.29959,-55.74954,2024-11-29 18:02:00,Brasil,PARA,OBIDOS,Amazônia,2024-11-29 18:02:00,11,2024
1734769167,7aa6c781-09bd-3508-9fd9-a55e704199a9,-1.60835,-55.27282,2024-11-29 18:02:00,Brasil,PARA,OBIDOS,Amazônia,2024-11-29 18:02:00,11,2024
1734769175,bfb1a5d9-ed87-37d0-a8f5-a196329a2f45,2.23233,-55.89101,2024-11-29 18:02:00,Brasil,PARA,OBIDOS,Amazônia,2024-11-29 18:02:00,11,2024
1734769189,aac2c8c2-e87d-326c-925c-f2695f363bf3,-1.76419,-55.58614,2024-11-29 18:02:00,Brasil,PARA,OBIDOS,Amazônia,2024-11-29 18:02:00,11,2024
1734769201,c9f771d6-be16-34c1-bd4f-f923b36b4a9f,-1.95133,-55.28088,2024-11-29 18:02:00,Brasil,PARA,OBIDOS,Amazônia,2024-11-29 18:02:00,11,2024
1734769230,e711ba3e-7dbf-3d32-8405-57fe599500f3,-1.95264,-55.28989,2024-11-29 18:02:00,Brasil,PARA,OBIDOS,Amazônia,2024-11-29 18:02:00,11,2024
1734769301,344bafa7-f6db-32b4-a22e-1b882ec9bb2f,-1.34959,-55.65234,2024-11-29 18:02:00,Brasil,PARA,OBIDOS,Amazônia,2024-11-29 18:02:00,11,2024
1734769312,b1cc0329-0c64-30db-85d8-7988f4f8cb85,-1.64004,-55.23497,2024-11-29 18:02:00,Brasil,PARA,OBIDOS,Amazônia,2024-11-29 18:02:00,11,2024
1734769397,97ad5337-dfb0-391a-9646-f7fd6dccd02a,-1.29567,-55.97721,2024-11-29 18:02:00,Brasil,PARA,OBIDOS,Amazônia,2024-11-29 18:02:00,11,2024
1734769410,03ab8fc0-c87f-33ce-ae4d-a312bb269715,-1.8292,-55.20425,2024-11-29 18:02:00,Brasil,PARA,OBIDOS,Amazônia,2024-11-29 18:02:00,11,2024
1734769413,fedf83c1-0d5b-385c-96d4-e55c40643570,-1.29702,-55.98656,2024-11-29 18:02:00,Brasil,PARA,OBIDOS,Amazônia,2024-11-29 18:02:00,11,2024
1734769432,6bec0255-73aa-3833-ac38-06edb0a350d4,-1.29825,-55.74035,2024-11-29 18:02:00,Brasil,PARA,OBIDOS,Amazônia,2024-11-29 18:02:00,11,2024
1734769440,842c5efd-88ad-3d23-a844-a3a61db85450,-1.60704,-55.26386,2024-11-29 18:02:00,Brasil,PARA,OBIDOS,Amazônia,2024-11-29 18:02:00,11,2024
1734769459,d656a907-e83c-3c70-a370-53346c7b3a34,-1.61961,-55.22548,2024-11-29 18:02:00,Brasil,PARA,OBIDOS,Amazônia,2024-11-29 18:02:00,11,2024
1734769540,e32b42f7-4813-38f4-9d31-7857b6d39e15,-1.5962,-55.43998,2024-11-29 18:02:00,Brasil,PARA,OBIDOS,Amazônia,2024-11-29 18:02:00,11,2024
1734769569,8dab0363-5f05-3836-9a16-613370943f76,-1.91752,-55.56104,2024-11-29 18:02:00,Brasil,PARA,OBIDOS,Amazônia,2024-11-29 18:02:00,11,2024
1734769635,4ce35b5e-064d-3293-9f89-72d2015c4ca8,-1.8203,-55.20556,2024-11-29 18:02:00,Brasil,PARA,OBIDOS,Amazônia,2024-11-29 18:02:00,11,2024
1734769650,0a0ce910-bb7c-3e65-85c6-4915f99df3ef,-1.59489,-55.43094,2024-11-29 18:02:00,Brasil,PARA,OBIDOS,Amazônia,2024-11-29 18:02:00,11,2024
1734769700,a48441a5-c069-3685-8b8d-312b5888c96e,-1.35858,-55.65102,2024-11-29 18:02:00,Brasil,PARA,OBIDOS,Amazônia,2024-11-29 18:02:00,11,2024
1734769706,7bb3ba81-830c-3071-8c38-8449e21ff3eb,-1.60252,-55.42059,2024-11-29 18:02:00,Brasil,PARA,OBIDOS,Amazônia,2024-11-29 18:02:00,11,2024
1734769711,9605a4e1-d0a4-3ffb-9245-10bfed53f4d9,-1.38254,-55.42799,2024-11-29 18:02:00,Brasil,PARA,OBIDOS,Amazônia,2024-11-29 18:02:00,11,2024
1734769728,bbe66a10-db70-31ba-a38b-0a31a88c879c,-1.47657,-55.38087,2024-11-29 18:02:00,Brasil,PARA,OBIDOS,Amazônia,2024-11-29 18:02:00,11,2024
1734769749,5481fc78-c05c-3181-aa62-b25da5b67db7,1.47328,-55.72171,2024-11-29 18:02:00,Brasil,PARA,OBIDOS,Amazônia,2024-11-29 18:02:00,11,2024
1734769750,2cc6497e-20de-3243-b7b1-7fe683b46e9b,-1.82791,-55.1953,2024-11-29 18:02:00,Brasil,PARA,OBIDOS,Amazônia,2024-11-29 18:02:00,11,2024
1734769776,2dcf1520-d2e3-3320-904f-75daf4b704b0,-1.61302,-55.49297,2024-11-29 18:02:00,Brasil,PARA,OBIDOS,Amazônia,2024-11-29 18:02:00,11,2024
1734769793,a0dad3b5-bc75-34be-bdb1-41509c26c323,-1.34827,-55.6432,2024-11-29 18:02:00,Brasil,PARA,OBIDOS,Amazônia,2024-11-29 18:02:00,11,2024
1734769813,7d676a5f-ac0f-3e38-ac0a-3882e36cb8cb,-1.75823,-55.6712,2024-11-29 18:02:00,Brasil,PARA,OBIDOS,Amazônia,2024-11-29 18:02:00,11,2024
1734769925,c160bda4-f274-3ec0-b0f1-3ceb0c4b1932,-1.58704,-55.37679,2024-11-29 18:02:00,Brasil,PARA,OBIDOS,Amazônia,2024-11-29 18:02:00,11,2024
1734769931,dcf538ad-d1fc-3caf-b8e3-bb24d6e1652a,-2.02251,-55.26484,2024-11-29 18:02:00,Brasil,PARA,OBIDOS,Amazônia,2024-11-29 18:02:00,11,2024
1734769933,66f9ee18-da05-3b82-9d76-2452652fdeda,-1.74965,-55.41459,2024-11-29 18:02:00,Brasil,PARA,OBIDOS,Amazônia,2024-11-29 18:02:00,11,2024
1734769959,31357593-2deb-35d4-af7b-decf94214ffb,-1.60645,-55.44772,2024-11-29 18:02:00,Brasil,PARA,OBIDOS,Amazônia,2024-11-29 18:02:00,11,2024
1734770015,5b0efdf4-5b08-3aeb-86cf-5c4da436f517,-1.60514,-55.43864,2024-11-29 18:02:00,Brasil,PARA,OBIDOS,Amazônia,2024-11-29 18:02:00,11,2024
1734770019,e1335ea4-68f7-3548-9311-d6c2bbbcf06f,-1.51882,-55.42069,2024-11-29 18:02:00,Brasil,PARA,OBIDOS,Amazônia,2024-11-29 18:02:00,11,2024
1734770037,537e695a-cd07-3ea9-94c3-4e2b619599d6,-1.94894,-55.65026,2024-11-29 18:02:00,Brasil,PARA,OBIDOS,Amazônia,2024-11-29 18:02:00,11,2024
1735029163,45c28cb8-a63f-3349-b8b8-fbecfbe8491c,-1.68601,-55.45214,2024-12-01 17:45:00,Brasil,PARA,OBIDOS,Amazônia,2024-12-01 17:45:00,12,2024
1735029237,aae1e3f5-addd-31ef-b3b1-eec7e0e7b8f5,-1.76254,-55.34373,2024-12-01 17:45:00,Brasil,PARA,OBIDOS,Amazônia,2024-12-01 17:45:00,12,2024
1735029314,ea5888d3-6f23-319f-99aa-b39a7f55b14c,-1.33856,-55.67422,2024-12-01 17:45:00,Brasil,PARA,OBIDOS,Amazônia,2024-12-01 17:45:00,12,2024
1735029323,8bbf4743-5379-3f30-8a5a-c705d2a087a4,-1.90393,-55.22285,2024-12-01 17:45:00,Brasil,PARA,OBIDOS,Amazônia,2024-12-01 17:45:00,12,2024
1735029334,f22ff371-1fdb-3048-a522-bc1d11b3e3a7,-1.32616,-55.67604,2024-12-01 17:45:00,Brasil,PARA,OBIDOS,Amazônia,2024-12-01 17:45:00,12,2024
1735029415,7c674d37-c282-3f5b-8659-2dd0792f6a9b,-1.6886,-55.46981,2024-12-01 17:45:00,Brasil,PARA,OBIDOS,Amazônia,2024-12-01 17:45:00,12,2024
1735029500,f01b3cca-1e8e-3b60-a53d-51bf0a2faa57,-1.77906,-55.28776,2024-12-01 17:45:00,Brasil,PARA,OBIDOS,Amazônia,2024-12-01 17:45:00,12,2024
1735029541,35edbe38-9707-39ac-b91f-3b7ac8e44d7b,-1.42192,-55.41209,2024-12-01 17:45:00,Brasil,PARA,OBIDOS,Amazônia,2024-12-01 17:45:00,12,2024
1735029577,b03102d6-2104-3000-8ac2-5ffae610dfc4,1.89793,-55.70706,2024-12-01 17:45:00,Brasil,PARA,OBIDOS,Amazônia,2024-12-01 17:45:00,12,2024
1735029676,c2167689-5886-3ef3-a410-57cdaaa3224b,-1.77648,-55.27034,2024-12-01 17:45:00,Brasil,PARA,OBIDOS,Amazônia,2024-12-01 17:45:00,12,2024
1735029721,a1e9025a-73f7-34cf-aaf8-7e945bdd57a7,-1.41572,-55.40018,2024-12-01 17:45:00,Brasil,PARA,OBIDOS,Amazônia,2024-12-01 17:45:00,12,2024
1735029763,584effaf-1244-314f-b0b3-1e1ff2f543e7,-1.66925,-55.50926,2024-12-01 17:45:00,Brasil,PARA,OBIDOS,Amazônia,2024-12-01 17:45:00,12,2024
1735029803,71341658-58c6-3a87-9e3f-894b874dc4fe,-1.77094,-55.2839,2024-12-01 17:45:00,Brasil,PARA,OBIDOS,Amazônia,2024-12-01 17:45:00,12,2024
1735029834,ce211959-a2a8-3634-bb3c-c7abc93ac54b,-1.75997,-55.32619,2024-12-01 17:45:00,Brasil,PARA,OBIDOS,Amazônia,2024-12-01 17:45:00,12,2024
1735170400,5ecd50a2-9840-38cb-bdb0-a56080aa94b9,-1.78342,-55.45599,2024-12-02 18:21:00,Brasil,PARA,OBIDOS,Amazônia,2024-12-02 18:21:00,12,2024
1735170545,9deb2a19-2195-3670-8fc8-23a9bbb3a715,1.9369,-55.61161,2024-12-02 18:23:00,Brasil,PARA,OBIDOS,Amazônia,2024-12-02 18:23:00,12,2024
1734489826,ffe61ee0-c2d2-3fc7-a76f-59aab79c509e,-1.75554,-55.40667,2024-11-27 18:19:00,Brasil,PARA,OBIDOS,Amazônia,2024-11-27 18:19:00,11,2024
1734489907,fd16a3c3-e454-324f-8478-310a11fdf1ab,-1.6084,-55.39766,2024-11-27 18:19:00,Brasil,PARA,OBIDOS,Amazônia,2024-11-27 18:19:00,11,2024
1734489970,4bc97a13-30ca-3c56-8800-796c296e92a3,-1.30108,-55.73985,2024-11-27 18:19:00,Brasil,PARA,OBIDOS,Amazônia,2024-11-27 18:19:00,11,2024
1734489988,bcbf0f19-aaeb-3c3d-9ef7-6e7d2e4d33be,-1.31122,-55.73829,2024-11-27 18:19:00,Brasil,PARA,OBIDOS,Amazônia,2024-11-27 18:19:00,11,2024
1734490018,ab896d17-3438-33f0-8d6f-eb99b2cb2791,-1.60656,-55.3853,2024-11-27 18:19:00,Brasil,PARA,OBIDOS,Amazônia,2024-11-27 18:19:00,11,2024
1734490136,9c8a1e01-0066-3077-8530-ba73829c4fd5,-1.75375,-55.39437,2024-11-27 18:19:00,Brasil,PARA,OBIDOS,Amazônia,2024-11-27 18:19:00,11,2024
1735340404,7bfe5883-6492-3321-80ed-fb388a4365e6,-1.88089,-55.18311,2024-12-04 18:04:00,Brasil,PARA,OBIDOS,Amazônia,2024-12-04 18:04:00,12,2024
1735340433,b8101a51-a76a-33cc-946c-7f6b6e7eabba,-1.97428,-55.51347,2024-12-04 18:04:00,Brasil,PARA,OBIDOS,Amazônia,2024-12-04 18:04:00,12,2024
1735340498,aa7c5c0f-286d-3743-a424-0f24f7b75046,-1.9623,-55.29099,2024-12-04 18:04:00,Brasil,PARA,OBIDOS,Amazônia,2024-12-04 18:04:00,12,2024
1735340499,a9e4ab6a-c7a9-345c-86ce-672dbe57116e,-1.56503,-55.42517,2024-12-04 18:04:00,Brasil,PARA,OBIDOS,Amazônia,2024-12-04 18:04:00,12,2024
1735340528,b94bc80a-85e3-34f6-aa0b-ad921929ecda,-1.72741,-55.33492,2024-12-04 18:04:00,Brasil,PARA,OBIDOS,Amazônia,2024-12-04 18:04:00,12,2024
1735340537,baf7d9e9-ab43-3845-8f1a-c8ce71f68010,-1.84554,-55.18828,2024-12-04 18:04:00,Brasil,PARA,OBIDOS,Amazônia,2024-12-04 18:04:00,12,2024
1735340541,7d10c938-36e7-328a-abea-a5224ef4af0b,2.17192,-55.80885,2024-12-04 18:04:00,Brasil,PARA,OBIDOS,Amazônia,2024-12-04 18:04:00,12,2024
1735340577,9d642117-8ea7-3d2e-adec-3c4986acf7ca,-1.78715,-55.35592,2024-12-04 18:04:00,Brasil,PARA,OBIDOS,Amazônia,2024-12-04 18:04:00,12,2024
1735340643,70e2e18f-61b7-30f1-b542-8b792a1fb8da,-1.80501,-55.41672,2024-12-04 18:04:00,Brasil,PARA,OBIDOS,Amazônia,2024-12-04 18:04:00,12,2024
1735340645,3e6cfbf8-f72e-3637-abf6-d06fa669bdcf,-1.56632,-55.43402,2024-12-04 18:04:00,Brasil,PARA,OBIDOS,Amazônia,2024-12-04 18:04:00,12,2024
1735340660,ec8f72a7-83e4-3086-b1ad-fbf9c133dcef,-1.52858,-55.5483,2024-12-04 18:04:00,Brasil,PARA,OBIDOS,Amazônia,2024-12-04 18:04:00,12,2024
1735340692,2fc07984-ac8f-3f38-91d0-2b5570ca66a5,-1.86961,-55.22976,2024-12-04 18:04:00,Brasil,PARA,OBIDOS,Amazônia,2024-12-04 18:04:00,12,2024
1735340693,b551c9e9-adcb-385a-a026-1d9b2a59797b,-1.55746,-55.43531,2024-12-04 18:04:00,Brasil,PARA,OBIDOS,Amazônia,2024-12-04 18:04:00,12,2024
1735340704,5d767ed1-511f-34ce-a661-648947dc401b,-1.87089,-55.23857,2024-12-04 18:04:00,Brasil,PARA,OBIDOS,Amazônia,2024-12-04 18:04:00,12,2024
1735340735,93d6a982-5a1c-3927-87bc-174393f58a00,-1.84427,-55.17947,2024-12-04 18:04:00,Brasil,PARA,OBIDOS,Amazônia,2024-12-04 18:04:00,12,2024
1735340742,b25a9f34-ce25-3879-b442-8dbc67bc7c39,-1.80629,-55.4256,2024-12-04 18:04:00,Brasil,PARA,OBIDOS,Amazônia,2024-12-04 18:04:00,12,2024
1735340766,a659993c-571c-32e6-ba50-f407ac992b7a,-1.55617,-55.42646,2024-12-04 18:04:00,Brasil,PARA,OBIDOS,Amazônia,2024-12-04 18:04:00,12,2024
1735340784,d97bdd2d-76d3-38b5-b9e6-b7eb0c59d4e0,-1.78587,-55.34708,2024-12-04 18:04:00,Brasil,PARA,OBIDOS,Amazônia,2024-12-04 18:04:00,12,2024
1735340796,e35c21e0-909b-362f-9840-4d5b3c053667,-1.96846,-55.2089,2024-12-04 18:04:00,Brasil,PARA,OBIDOS,Amazônia,2024-12-04 18:04:00,12,2024
1735340799,0a75e84a-dc70-3cc7-84a9-2a861005da88,-1.59852,-55.59271,2024-12-04 18:04:00,Brasil,PARA,OBIDOS,Amazônia,2024-12-04 18:04:00,12,2024
1736069933,d8164138-1413-3bfd-a44d-9454d8e63d06,-1.83616,-55.21931,2024-12-09 18:04:00,Brasil,PARA,OBIDOS,Amazônia,2024-12-09 18:04:00,12,2024
1736069943,7d8f4211-744b-3c9c-81f6-0dc49796ff86,-1.45447,-55.64698,2024-12-09 18:06:00,Brasil,PARA,OBIDOS,Amazônia,2024-12-09 18:06:00,12,2024
1736069985,7562a0c5-ff18-3429-bd71-0292f5cfea65,-1.20319,-55.81873,2024-12-09 18:06:00,Brasil,PARA,OBIDOS,Amazônia,2024-12-09 18:06:00,12,2024
1736070038,44510577-4df6-3e37-819f-fe80c786f01f,-1.45318,-55.63818,2024-12-09 18:06:00,Brasil,PARA,OBIDOS,Amazônia,2024-12-09 18:06:00,12,2024
1736070137,f41a2184-c9fa-3c61-8e06-b2788e7790c1,-1.83744,-55.22808,2024-12-09 18:04:00,Brasil,PARA,OBIDOS,Amazônia,2024-12-09 18:04:00,12,2024
1736070149,a93c0c6f-a895-3768-9edd-b426a48dd174,-1.79623,-55.64458,2024-12-09 18:06:00,Brasil,PARA,OBIDOS,Amazônia,2024-12-09 18:06:00,12,2024
1736070372,813039c5-0a40-3475-b9f4-fac818452634,-1.6753,-55.50606,2024-12-09 18:06:00,Brasil,PARA,OBIDOS,Amazônia,2024-12-09 18:06:00,12,2024
1736610547,e6f2f50a-ad2a-3082-b1ce-ea2c522afd0a,-1.50844,-55.52908,2024-12-13 17:28:00,Brasil,PARA,OBIDOS,Amazônia,2024-12-13 17:28:00,12,2024
1737073313,25f7f741-c800-36c8-82f6-7c062fb1c87c,-1.62051,-55.50797,2024-12-16 17:49:00,Brasil,PARA,OBIDOS,Amazônia,2024-12-16 17:49:00,12,2024
1737073598,8bfde81d-1a4c-3102-abbd-4bc36017a0b0,-1.60714,-55.49501,2024-12-16 17:49:00,Brasil,PARA,OBIDOS,Amazônia,2024-12-16 17:49:00,12,2024
1737073609,d417f118-a2e4-326c-81fc-22a83a3633a0,-1.60927,-55.50974,2024-12-16 17:49:00,Brasil,PARA,OBIDOS,Amazônia,2024-12-16 17:49:00,12,2024
1737073728,9d81f254-8d45-3499-a563-788b1b8b2078,-1.61838,-55.49331,2024-12-16 17:49:00,Brasil,PARA,OBIDOS,Amazônia,2024-12-16 17:49:00,12,2024
1737567918,c1f45548-e2cd-316f-8b99-1cf0bf11c8da,1.70307,-55.79379,2024-12-19 18:10:00,Brasil,PARA,OBIDOS,Amazônia,2024-12-19 18:10:00,12,2024
1737567957,5746b140-c677-3ebf-b2af-8bb1c3270796,2.18197,-55.79399,2024-12-19 18:10:00,Brasil,PARA,OBIDOS,Amazônia,2024-12-19 18:10:00,12,2024
1737883419,df2dc310-fa59-3ec9-835f-c0a20c01485a,-1.61357,-55.31276,2024-12-21 17:49:00,Brasil,PARA,OBIDOS,Amazônia,2024-12-21 17:49:00,12,2024
1737883437,d493f9dc-0165-316e-8f96-920a81e18cfa,-1.70153,-55.3644,2024-12-21 17:49:00,Brasil,PARA,OBIDOS,Amazônia,2024-12-21 17:49:00,12,2024
1737883484,15b830a4-8d67-3444-850e-9c80c3a1d52d,-1.70354,-55.37822,2024-12-21 17:49:00,Brasil,PARA,OBIDOS,Amazônia,2024-12-21 17:49:00,12,2024
1737883598,e8c498ed-6173-35f8-be48-9a07f75af945,-1.70583,-55.54913,2024-12-21 17:49:00,Brasil,PARA,OBIDOS,Amazônia,2024-12-21 17:49:00,12,2024
1737883604,f940a20d-cbd5-31d7-90f5-a02e247a81e4,-1.70554,-55.39196,2024-12-21 17:49:00,Brasil,PARA,OBIDOS,Amazônia,2024-12-21 17:49:00,12,2024
1737883726,767d96d5-a42d-361b-8eda-007cf4a6556c,2.10679,-55.76945,2024-12-21 17:51:00,Brasil,PARA,OBIDOS,Amazônia,2024-12-21 17:51:00,12,2024
1737883767,4faf2325-3307-31f3-8c2b-a6231a442a64,-2.05957,-55.21916,2024-12-21 17:49:00,Brasil,PARA,OBIDOS,Amazônia,2024-12-21 17:49:00,12,2024
1737883771,ec54708c-45bd-3311-a3a9-cc5fdeef93f9,-1.7038,-55.53496,2024-12-21 17:49:00,Brasil,PARA,OBIDOS,Amazônia,2024-12-21 17:49:00,12,2024
1737883833,466d2f38-6fc3-3bf1-bc4b-bbeec6abb292,2.19563,-55.78819,2024-12-21 17:51:00,Brasil,PARA,OBIDOS,Amazônia,2024-12-21 17:51:00,12,2024
1738182600,599cf900-08af-31b1-98b6-0a51d941599f,-1.53052,-55.40295,2024-12-23 17:32:00,Brasil,PARA,OBIDOS,Amazônia,2024-12-23 17:32:00,12,2024
1738182615,de4c4de3-1a36-3b16-b088-d254a673c2c5,-1.68996,-55.47065,2024-12-23 17:32:00,Brasil,PARA,OBIDOS,Amazônia,2024-12-23 17:32:00,12,2024
1738182642,31c58f0e-9624-3152-8371-c8d0709cd1a1,-1.59975,-55.59519,2024-12-23 17:32:00,Brasil,PARA,OBIDOS,Amazônia,2024-12-23 17:32:00,12,2024
1738182667,2d659864-8981-3332-8ddb-1dd66c6bad57,-1.53835,-55.39708,2024-12-23 17:32:00,Brasil,PARA,OBIDOS,Amazônia,2024-12-23 17:32:00,12,2024
1738182879,02876590-5d60-3cab-ae09-7a84b8e6853e,-1.69852,-55.64437,2024-12-23 17:32:00,Brasil,PARA,OBIDOS,Amazônia,2024-12-23 17:32:00,12,2024
1738182893,66c8d434-98e8-37c6-8706-31dffeecfe12,-1.48566,-55.54663,2024-12-23 17:32:00,Brasil,PARA,OBIDOS,Amazônia,2024-12-23 17:32:00,12,2024
1738182915,7c0a3682-a5e3-3ff1-b56a-fe2dc602d440,-1.61114,-55.37931,2024-12-23 17:32:00,Brasil,PARA,OBIDOS,Amazônia,2024-12-23 17:32:00,12,2024
1738182963,c3f23ec1-2079-3716-9fce-3874c9becf1a,-1.69166,-55.65252,2024-12-23 17:32:00,Brasil,PARA,OBIDOS,Amazônia,2024-12-23 17:32:00,12,2024
1738182967,3d6fec52-c6c4-3940-a1b0-79ea3c6b32c2,-1.5932,-55.60058,2024-12-23 17:32:00,Brasil,PARA,OBIDOS,Amazônia,2024-12-23 17:32:00,12,2024
1738182971,44207e60-f664-3322-930c-3f5ca184e282,-1.69489,-55.50452,2024-12-23 17:32:00,Brasil,PARA,OBIDOS,Amazônia,2024-12-23 17:32:00,12,2024
1738183061,110907cf-e629-31b8-a341-5108d5907e6f,-1.60477,-55.62995,2024-12-23 17:32:00,Brasil,PARA,OBIDOS,Amazônia,2024-12-23 17:32:00,12,2024
1738329611,ffb7bd4c-ce2f-370f-bb03-00d86e89a5a4,-1.88444,-55.33271,2024-12-24 18:13:00,Brasil,PARA,OBIDOS,Amazônia,2024-12-24 18:13:00,12,2024
1738329761,614ebf86-d5ab-3f89-ab66-0434e1062ce4,-1.52435,-55.51894,2024-12-24 18:13:00,Brasil,PARA,OBIDOS,Amazônia,2024-12-24 18:13:00,12,2024
1738329977,9bff7885-f414-394b-abba-20be65061d98,-1.80459,-55.36017,2024-12-24 18:13:00,Brasil,PARA,OBIDOS,Amazônia,2024-12-24 18:13:00,12,2024
1738330059,e140b697-de40-3108-b8ee-6d269a9ddf9c,-2.07088,-55.2145,2024-12-24 18:10:00,Brasil,PARA,OBIDOS,Amazônia,2024-12-24 18:10:00,12,2024
1738330102,a6b5adb7-7e2b-36a7-a16b-731ac0a37c2f,-1.88297,-55.26018,2024-12-24 18:13:00,Brasil,PARA,OBIDOS,Amazônia,2024-12-24 18:13:00,12,2024
1738330133,4bb1fb92-5709-3a17-b243-536facaa7e7e,-1.88167,-55.25122,2024-12-24 18:13:00,Brasil,PARA,OBIDOS,Amazônia,2024-12-24 18:13:00,12,2024
1738330249,719c63f1-358e-3b8f-820e-a1e71468bfaa,-1.80588,-55.36905,2024-12-24 18:13:00,Brasil,PARA,OBIDOS,Amazônia,2024-12-24 18:13:00,12,2024
1738590519,556bf376-a96f-38c2-bac2-34211422b4fa,-1.9061,-55.1877,2024-12-26 17:51:00,Brasil,PARA,OBIDOS,Amazônia,2024-12-26 17:51:00,12,2024
1738590555,56d2b0cd-3553-31ca-96f4-994a86084b39,-1.90793,-55.20057,2024-12-26 17:51:00,Brasil,PARA,OBIDOS,Amazônia,2024-12-26 17:51:00,12,2024
1738590628,917cde74-e8c9-3873-86e0-28b77e07d6e8,-1.89553,-55.1892,2024-12-26 17:51:00,Brasil,PARA,OBIDOS,Amazônia,2024-12-26 17:51:00,12,2024
1738590658,cd530253-81f6-3cfd-8ffa-53ee60ed1fa8,-1.8937,-55.17627,2024-12-26 17:51:00,Brasil,PARA,OBIDOS,Amazônia,2024-12-26 17:51:00,12,2024
